<?xml version="1.0" encoding="UTF-8"?>
<kml xmlns="http://www.opengis.net/kml/2.2">
  <Document>
    <Style id="Target">
      <IconStyle>
        <Icon>
          <href>http://maps.google.com/mapfiles/ms/icons/red-dot.png</href>
        </Icon>
      </IconStyle>
    </Style>
<Placemark>
<n>ST MICHAEL CATHOLIC SCHOOL</n>
<styleUrl>#Closed</styleUrl>
<description><![CDATA[<b><u>Address:</u></b> 103 E N ST, WEIMAR, TX 78962<br/><b><u>Type:</u></b> Private<br/><b><u>Enrollment:</u></b> 75]]></description>
<Point>
<coordinates>-96.779486,29.707484</coordinates>
</Point>
</Placemark>
<Placemark>
<n>ST JOSEPH CATHOLIC SCHOOL</n>
<styleUrl>#Closed</styleUrl>
<description><![CDATA[<b><u>Address:</u></b> 600 S COULTER DR, BRYAN, TX 77803<br/><b><u>Type:</u></b> Private<br/><b><u>Enrollment:</u></b> 299]]></description>
<Point>
<coordinates>-96.364821,30.66383</coordinates>
</Point>
</Placemark>
<Placemark>
<n>ST ANTHONY SCHOOL</n>
<styleUrl>#Closed</styleUrl>
<description><![CDATA[<b><u>Address:</u></b> 203 DUNNE AVE, ROBSTOWN, TX 78380<br/><b><u>Type:</u></b> Private<br/><b><u>Enrollment:</u></b> 107]]></description>
<Point>
<coordinates>-97.674741,27.788961</coordinates>
</Point>
</Placemark>
<Placemark>
<n>ST ELIZABETH CATHOLIC SCHOOL</n>
<styleUrl>#Closed</styleUrl>
<description><![CDATA[<b><u>Address:</u></b> 615 E 5TH ST, ALICE, TX 78332<br/><b><u>Type:</u></b> Private<br/><b><u>Enrollment:</u></b> 118]]></description>
<Point>
<coordinates>-98.070601,27.75563</coordinates>
</Point>
</Placemark>
<Placemark>
<n>ST PHILIP AND ST. AUGUSTINE CATHOLIC ACADEMY</n>
<styleUrl>#Closed</styleUrl>
<description><![CDATA[<b><u>Address:</u></b> 8151 MILITARY PKWY, DALLAS, TX 75227<br/><b><u>Type:</u></b> Private<br/><b><u>Enrollment:</u></b> 276]]></description>
<Point>
<coordinates>-96.680141,32.7701</coordinates>
</Point>
</Placemark>
<Placemark>
<n>ST MARY SCHOOL</n>
<styleUrl>#Closed</styleUrl>
<description><![CDATA[<b><u>Address:</u></b> 931 N WEAVER ST, GAINESVILLE, TX 76240<br/><b><u>Type:</u></b> Private<br/><b><u>Enrollment:</u></b> 99]]></description>
<Point>
<coordinates>-97.147725,33.633186</coordinates>
</Point>
</Placemark>
<Placemark>
<n>SACRED HEART CATHOLIC SCHOOL</n>
<styleUrl>#Closed</styleUrl>
<description><![CDATA[<b><u>Address:</u></b> 313 S TEXANA ST, HALLETTSVILLE, TX 77964<br/><b><u>Type:</u></b> Private<br/><b><u>Enrollment:</u></b> 248]]></description>
<Point>
<coordinates>-96.940081,29.44233</coordinates>
</Point>
</Placemark>
<Placemark>
<n>MERRYHILL SCHOOL</n>
<styleUrl>#Closed</styleUrl>
<description><![CDATA[<b><u>Address:</u></b> 711 W ARBROOK BLVD, ARLINGTON, TX 76015<br/><b><u>Type:</u></b> Private<br/><b><u>Enrollment:</u></b> 120]]></description>
<Point>
<coordinates>-97.116101,32.68553</coordinates>
</Point>
</Placemark>
<Placemark>
<n>PRIMROSE SCHOOL OF GRAPEVINE COLLEYVILLE</n>
<styleUrl>#Closed</styleUrl>
<description><![CDATA[<b><u>Address:</u></b> 2300 HALL JOHNSON RD, GRAPEVINE, TX 76051<br/><b><u>Type:</u></b> Private<br/><b><u>Enrollment:</u></b> 12]]></description>
<Point>
<coordinates>-97.1029614,32.8939531</coordinates>
</Point>
</Placemark>
<Placemark>
<n>BEAR VALLEY ACADEMY</n>
<styleUrl>#Closed</styleUrl>
<description><![CDATA[<b><u>Address:</u></b> 7900 PRECINCT LINE RD, COLLEYVILLE, TX 76034<br/><b><u>Type:</u></b> Private<br/><b><u>Enrollment:</u></b> 14]]></description>
<Point>
<coordinates>-97.184641,32.89023</coordinates>
</Point>
</Placemark>
<Placemark>
<n>CHRYSALIS SCHOOL</n>
<styleUrl>#Closed</styleUrl>
<description><![CDATA[<b><u>Address:</u></b> 617 TEXAS, LIBERTY, TX 77575<br/><b><u>Type:</u></b> Private<br/><b><u>Enrollment:</u></b> 22]]></description>
<Point>
<coordinates>-94.788691,30.06229</coordinates>
</Point>
</Placemark>
<Placemark>
<n>RUNNELS ACADEMY</n>
<styleUrl>#Closed</styleUrl>
<description><![CDATA[<b><u>Address:</u></b> 102 E 10TH ST, BIG SPRING, TX 79720<br/><b><u>Type:</u></b> Private<br/><b><u>Enrollment:</u></b> 66]]></description>
<Point>
<coordinates>-101.471794,32.245966</coordinates>
</Point>
</Placemark>
<Placemark>
<n>VAN HOUSTON ACADEMY</n>
<styleUrl>#Closed</styleUrl>
<description><![CDATA[<b><u>Address:</u></b> 13618 BELLAIRE BLVD E3, HOUSTON, TX 77083<br/><b><u>Type:</u></b> Private<br/><b><u>Enrollment:</u></b> 74]]></description>
<Point>
<coordinates>-95.626341,29.7043</coordinates>
</Point>
</Placemark>
<Placemark>
<n>GREAT OAK SCHOOL</n>
<styleUrl>#Closed</styleUrl>
<description><![CDATA[<b><u>Address:</u></b> 715 CARRELL ST, TOMBALL, TX 77375<br/><b><u>Type:</u></b> Private<br/><b><u>Enrollment:</u></b> 93]]></description>
<Point>
<coordinates>-95.60672,30.104816</coordinates>
</Point>
</Placemark>
<Placemark>
<n>MEADOWBROOK SCHOOL</n>
<styleUrl>#Closed</styleUrl>
<description><![CDATA[<b><u>Address:</u></b> 5414 W NW HWY, DALLAS, TX 75220<br/><b><u>Type:</u></b> Private<br/><b><u>Enrollment:</u></b> 13]]></description>
<Point>
<coordinates>-96.818771,32.86512</coordinates>
</Point>
</Placemark>
<Placemark>
<n>MONTESSORI SCHOOL INTERNATIONAL</n>
<styleUrl>#Closed</styleUrl>
<description><![CDATA[<b><u>Address:</u></b> 8222 WURZBACH, SAN ANTONIO, TX 78229<br/><b><u>Type:</u></b> Private<br/><b><u>Enrollment:</u></b> 5]]></description>
<Point>
<coordinates>-98.575571,29.51649</coordinates>
</Point>
</Placemark>
<Placemark>
<n>PRIMROSE  SCHOOL OF RICHARDSON</n>
<styleUrl>#Closed</styleUrl>
<description><![CDATA[<b><u>Address:</u></b> 1100 JONSSON BLVD, RICHARDSON, TX 75080<br/><b><u>Type:</u></b> Private<br/><b><u>Enrollment:</u></b> 4]]></description>
<Point>
<coordinates>-96.758881,32.98065</coordinates>
</Point>
</Placemark>
<Placemark>
<n>MIDCITIES MONTESSORI</n>
<styleUrl>#Closed</styleUrl>
<description><![CDATA[<b><u>Address:</u></b> 209 HARWOOD RD STE B, BEDFORD, TX 76021<br/><b><u>Type:</u></b> Private<br/><b><u>Enrollment:</u></b> 42]]></description>
<Point>
<coordinates>-97.167165,32.852537</coordinates>
</Point>
</Placemark>
<Placemark>
<n>ST HELENAS EPISCOPAL SCHOOL</n>
<styleUrl>#Closed</styleUrl>
<description><![CDATA[<b><u>Address:</u></b> 410 N MAIN ST, BOERNE, TX 78006<br/><b><u>Type:</u></b> Private<br/><b><u>Enrollment:</u></b> 23]]></description>
<Point>
<coordinates>-98.734051,29.79665</coordinates>
</Point>
</Placemark>
<Placemark>
<n>BASTROP MONTESSORI</n>
<styleUrl>#Closed</styleUrl>
<description><![CDATA[<b><u>Address:</u></b> 2000 PECAN ST, BASTROP, TX 78602<br/><b><u>Type:</u></b> Private<br/><b><u>Enrollment:</u></b> 3]]></description>
<Point>
<coordinates>-97.318151,30.12315</coordinates>
</Point>
</Placemark>
<Placemark>
<n>RENAISSANCE SCHOOL</n>
<styleUrl>#Closed</styleUrl>
<description><![CDATA[<b><u>Address:</u></b> 2570 ELDORADO PKWY #120, MCKINNEY, TX 75070<br/><b><u>Type:</u></b> Private<br/><b><u>Enrollment:</u></b> 26]]></description>
<Point>
<coordinates>-96.6499935,33.1713702</coordinates>
</Point>
</Placemark>
<Placemark>
<n>CALVARY BAPTIST WEEKDAY MINISTRIES</n>
<styleUrl>#Closed</styleUrl>
<description><![CDATA[<b><u>Address:</u></b> 5301 82ND ST, LUBBOCK, TX 79424<br/><b><u>Type:</u></b> Private<br/><b><u>Enrollment:</u></b> 17]]></description>
<Point>
<coordinates>-101.926372,33.518769</coordinates>
</Point>
</Placemark>
<Placemark>
<n>ONE SCHOOL GLOBAL</n>
<styleUrl>#Closed</styleUrl>
<description><![CDATA[<b><u>Address:</u></b> 3427 NE PKWY, SAN ANTONIO, TX 78218<br/><b><u>Type:</u></b> Private<br/><b><u>Enrollment:</u></b> 27]]></description>
<Point>
<coordinates>-98.4304078,29.4914993</coordinates>
</Point>
</Placemark>
<Placemark>
<n>FIRST CHRISTIAN DAY SCHOOL</n>
<styleUrl>#Closed</styleUrl>
<description><![CDATA[<b><u>Address:</u></b> 1109 BROWN ST, WAXAHACHIE, TX 75165<br/><b><u>Type:</u></b> Private<br/><b><u>Enrollment:</u></b> 63]]></description>
<Point>
<coordinates>-96.836301,32.40661</coordinates>
</Point>
</Placemark>
<Placemark>
<n>THE MONTESSORI SCHOOLS OF CENTRAL TEXAS</n>
<styleUrl>#Closed</styleUrl>
<description><![CDATA[<b><u>Address:</u></b> 1302 S 27TH ST, TEMPLE, TX 76504<br/><b><u>Type:</u></b> Private<br/><b><u>Enrollment:</u></b> 34]]></description>
<Point>
<coordinates>-97.360511,31.08778</coordinates>
</Point>
</Placemark>
<Placemark>
<n>KIDS R KIDS #46 TX</n>
<styleUrl>#Closed</styleUrl>
<description><![CDATA[<b><u>Address:</u></b> 4515 FM 1463 RD, KATY, TX 77494<br/><b><u>Type:</u></b> Private<br/><b><u>Enrollment:</u></b> 12]]></description>
<Point>
<coordinates>-95.845697,29.727237</coordinates>
</Point>
</Placemark>
<Placemark>
<n>WEATHERFORD CHRISTIAN SCHOOL</n>
<styleUrl>#Closed</styleUrl>
<description><![CDATA[<b><u>Address:</u></b> 2300 RANGER HWY, WEATHERFORD, TX 76088<br/><b><u>Type:</u></b> Private<br/><b><u>Enrollment:</u></b> 339]]></description>
<Point>
<coordinates>-97.853383,32.743519</coordinates>
</Point>
</Placemark>
<Placemark>
<n>ASPIRE CHRISTIAN ACADEMY</n>
<styleUrl>#Closed</styleUrl>
<description><![CDATA[<b><u>Address:</u></b> 9111 EMMETT F LOWRY EXPY, TEXAS CITY, TX 77591<br/><b><u>Type:</u></b> Private<br/><b><u>Enrollment:</u></b> 11]]></description>
<Point>
<coordinates>-95.013168,29.397988</coordinates>
</Point>
</Placemark>
<Placemark>
<n>PRIMROSE SCHOOL OF ELDRIDGE PARKWAY</n>
<styleUrl>#Closed</styleUrl>
<description><![CDATA[<b><u>Address:</u></b> 2150 ELDRIDGE PKWY, HOUSTON, TX 77077<br/><b><u>Type:</u></b> Private<br/><b><u>Enrollment:</u></b> 26]]></description>
<Point>
<coordinates>-95.624601,29.74373</coordinates>
</Point>
</Placemark>
<Placemark>
<n>LEARNING THEIR WAY</n>
<styleUrl>#Closed</styleUrl>
<description><![CDATA[<b><u>Address:</u></b> 1001 MISSION DR, NEW BRAUNFELS, TX 78130<br/><b><u>Type:</u></b> Private<br/><b><u>Enrollment:</u></b> 12]]></description>
<Point>
<coordinates>-98.147771,29.70053</coordinates>
</Point>
</Placemark>
<Placemark>
<n>CROSS LUTHERAN SCHOOL</n>
<styleUrl>#Closed</styleUrl>
<description><![CDATA[<b><u>Address:</u></b> 2171 E COMMON ST, NEW BRAUNFELS, TX 78130<br/><b><u>Type:</u></b> Private<br/><b><u>Enrollment:</u></b> 181]]></description>
<Point>
<coordinates>-98.096693,29.729644</coordinates>
</Point>
</Placemark>
<Placemark>
<n>MOUNT SACRED HEART SCHOOL</n>
<styleUrl>#Closed</styleUrl>
<description><![CDATA[<b><u>Address:</u></b> 619 MOUNT SACRED HEART RD, SAN ANTONIO, TX 78216<br/><b><u>Type:</u></b> Private<br/><b><u>Enrollment:</u></b> 151]]></description>
<Point>
<coordinates>-98.502109,29.507806</coordinates>
</Point>
</Placemark>
<Placemark>
<n>ST JOSEPH ELEMENTARY SCHOOL</n>
<styleUrl>#Closed</styleUrl>
<description><![CDATA[<b><u>Address:</u></b> 310 ORTH ST, YOAKUM, TX 77995<br/><b><u>Type:</u></b> Private<br/><b><u>Enrollment:</u></b> 79]]></description>
<Point>
<coordinates>-97.144252,29.290624</coordinates>
</Point>
</Placemark>
<Placemark>
<n>ST ANTHONY SCHOOL</n>
<styleUrl>#Closed</styleUrl>
<description><![CDATA[<b><u>Address:</u></b> 635 BONHAM ST, COLUMBUS, TX 78934<br/><b><u>Type:</u></b> Private<br/><b><u>Enrollment:</u></b> 156]]></description>
<Point>
<coordinates>-96.542534,29.70072</coordinates>
</Point>
</Placemark>
<Placemark>
<n>ST JOSEPH ACADEMY</n>
<styleUrl>#Closed</styleUrl>
<description><![CDATA[<b><u>Address:</u></b> 101 SAINT JOSEPH DR, BROWNSVILLE, TX 78520<br/><b><u>Type:</u></b> Private<br/><b><u>Enrollment:</u></b> 401]]></description>
<Point>
<coordinates>-97.500359,25.918121</coordinates>
</Point>
</Placemark>
<Placemark>
<n>ST PIUS X CATHOLIC SCHOOL</n>
<styleUrl>#Closed</styleUrl>
<description><![CDATA[<b><u>Address:</u></b> 3030 GUS THOMASSON RD, DALLAS, TX 75228<br/><b><u>Type:</u></b> Private<br/><b><u>Enrollment:</u></b> 157]]></description>
<Point>
<coordinates>-96.665751,32.83411</coordinates>
</Point>
</Placemark>
<Placemark>
<n>ST MONICA CATHOLIC SCHOOL</n>
<styleUrl>#Closed</styleUrl>
<description><![CDATA[<b><u>Address:</u></b> 4140 WALNUT HILL LN, DALLAS, TX 75229<br/><b><u>Type:</u></b> Private<br/><b><u>Enrollment:</u></b> 688]]></description>
<Point>
<coordinates>-96.839861,32.8793</coordinates>
</Point>
</Placemark>
<Placemark>
<n>OUR LADY OF GUADALUPE SCHOOL</n>
<styleUrl>#Closed</styleUrl>
<description><![CDATA[<b><u>Address:</u></b> 2405 NAVIGATION BLVD, HOUSTON, TX 77003<br/><b><u>Type:</u></b> Private<br/><b><u>Enrollment:</u></b> 183]]></description>
<Point>
<coordinates>-95.344441,29.75918</coordinates>
</Point>
</Placemark>
<Placemark>
<n>HOLY GHOST CATHOLIC SCHOOL</n>
<styleUrl>#Closed</styleUrl>
<description><![CDATA[<b><u>Address:</u></b> 6920 CHIMNEY ROCK RD, HOUSTON, TX 77081<br/><b><u>Type:</u></b> Private<br/><b><u>Enrollment:</u></b> 128]]></description>
<Point>
<coordinates>-95.4773712,29.7042906</coordinates>
</Point>
</Placemark>
<Placemark>
<n>ST AMBROSE SCHOOL</n>
<styleUrl>#Closed</styleUrl>
<description><![CDATA[<b><u>Address:</u></b> 4213 MANGUM RD, HOUSTON, TX 77092<br/><b><u>Type:</u></b> Private<br/><b><u>Enrollment:</u></b> 206]]></description>
<Point>
<coordinates>-95.462711,29.82829</coordinates>
</Point>
</Placemark>
<Placemark>
<n>MARINE MILITARY ACADEMY</n>
<styleUrl>#Closed</styleUrl>
<description><![CDATA[<b><u>Address:</u></b> 320 IWO JIMA BLVD, HARLINGEN, TX 78550<br/><b><u>Type:</u></b> Private<br/><b><u>Enrollment:</u></b> 225]]></description>
<Point>
<coordinates>-97.66579,26.226684</coordinates>
</Point>
</Placemark>
<Placemark>
<n>IMMANUEL LUTHERAN SCHOOL</n>
<styleUrl>#Closed</styleUrl>
<description><![CDATA[<b><u>Address:</u></b> 382 N GRIMES ST, GIDDINGS, TX 78942<br/><b><u>Type:</u></b> Private<br/><b><u>Enrollment:</u></b> 137]]></description>
<Point>
<coordinates>-96.935271,30.1852</coordinates>
</Point>
</Placemark>
<Placemark>
<n>ALLEN ACADEMY</n>
<styleUrl>#Closed</styleUrl>
<description><![CDATA[<b><u>Address:</u></b> 3201 BOONVILLE RD, BRYAN, TX 77802<br/><b><u>Type:</u></b> Private<br/><b><u>Enrollment:</u></b> 275]]></description>
<Point>
<coordinates>-96.315691,30.6715</coordinates>
</Point>
</Placemark>
<Placemark>
<n>TEMPLE CHRISTIAN SCHOOLS</n>
<styleUrl>#Closed</styleUrl>
<description><![CDATA[<b><u>Address:</u></b> 6824 RANDOL MILL RD, FORT WORTH, TX 76120<br/><b><u>Type:</u></b> Private<br/><b><u>Enrollment:</u></b> 338]]></description>
<Point>
<coordinates>-97.2086357,32.7787012</coordinates>
</Point>
</Placemark>
<Placemark>
<n>CHINQUAPIN PREPARATORY SCHOOL</n>
<styleUrl>#Closed</styleUrl>
<description><![CDATA[<b><u>Address:</u></b> 2615 E WALLISVILLE RD, HIGHLANDS, TX 77562<br/><b><u>Type:</u></b> Private<br/><b><u>Enrollment:</u></b> 146]]></description>
<Point>
<coordinates>-95.021961,29.81972</coordinates>
</Point>
</Placemark>
<Placemark>
<n>ABIDING WORD LUTHERAN SCHOOL</n>
<styleUrl>#Closed</styleUrl>
<description><![CDATA[<b><u>Address:</u></b> 17123 RED OAK DR, HOUSTON, TX 77090<br/><b><u>Type:</u></b> Private<br/><b><u>Enrollment:</u></b> 71]]></description>
<Point>
<coordinates>-95.445511,30.018736</coordinates>
</Point>
</Placemark>
<Placemark>
<n>LAKE COUNTRY CHRISTIAN SCHOOL</n>
<styleUrl>#Closed</styleUrl>
<description><![CDATA[<b><u>Address:</u></b> 7050 LAKE COUNTRY DR, FORT WORTH, TX 76179<br/><b><u>Type:</u></b> Private<br/><b><u>Enrollment:</u></b> 437]]></description>
<Point>
<coordinates>-97.427731,32.8826</coordinates>
</Point>
</Placemark>
<Placemark>
<n>FORT WORTH COUNTRY DAY</n>
<styleUrl>#Closed</styleUrl>
<description><![CDATA[<b><u>Address:</u></b> 4200 COUNTRY DAY LN, FORT WORTH, TX 76109<br/><b><u>Type:</u></b> Private<br/><b><u>Enrollment:</u></b> 1097]]></description>
<Point>
<coordinates>-97.406361,32.69217</coordinates>
</Point>
</Placemark>
<Placemark>
<n>THE HOCKADAY SCHOOL</n>
<styleUrl>#Closed</styleUrl>
<description><![CDATA[<b><u>Address:</u></b> 11600 WELCH RD, DALLAS, TX 75229<br/><b><u>Type:</u></b> Private<br/><b><u>Enrollment:</u></b> 1079]]></description>
<Point>
<coordinates>-96.824711,32.90773</coordinates>
</Point>
</Placemark>
<Placemark>
<n>MONTESSORI SCHOOLS OF CENTRAL TEXAS(TEMPLE CAMPUS)</n>
<styleUrl>#Closed</styleUrl>
<description><![CDATA[<b><u>Address:</u></b> 1302 S 27TH ST, TEMPLE, TX 76504<br/><b><u>Type:</u></b> Private<br/><b><u>Enrollment:</u></b> 23]]></description>
<Point>
<coordinates>-97.360511,31.08778</coordinates>
</Point>
</Placemark>
<Placemark>
<n>THE MONTESSORI SCHOOL ON 11TH STREET</n>
<styleUrl>#Closed</styleUrl>
<description><![CDATA[<b><u>Address:</u></b> 2510 N 11TH ST C, BEAUMONT, TX 77703<br/><b><u>Type:</u></b> Private<br/><b><u>Enrollment:</u></b> 2]]></description>
<Point>
<coordinates>-94.129716,30.101171</coordinates>
</Point>
</Placemark>
<Placemark>
<n>FERRIS CHRISTIAN ACADEMY</n>
<styleUrl>#Closed</styleUrl>
<description><![CDATA[<b><u>Address:</u></b> 425 W 6TH ST, FERRIS, TX 75125<br/><b><u>Type:</u></b> Private<br/><b><u>Enrollment:</u></b> 25]]></description>
<Point>
<coordinates>-96.670679,32.535031</coordinates>
</Point>
</Placemark>
<Placemark>
<n>MONTESSORI SCHOOL OF DOWNTOWN SILVERLAKE</n>
<styleUrl>#Closed</styleUrl>
<description><![CDATA[<b><u>Address:</u></b> 2525 COUNTY ROAD 90, PEARLAND, TX 77584<br/><b><u>Type:</u></b> Private<br/><b><u>Enrollment:</u></b> 32]]></description>
<Point>
<coordinates>-95.36677,29.551358</coordinates>
</Point>
</Placemark>
<Placemark>
<n>EPIPHANY OF THE LORD CATHOLIC SCHOOL</n>
<styleUrl>#Closed</styleUrl>
<description><![CDATA[<b><u>Address:</u></b> 20910 HIGHLAND KNOLLS DR, KATY, TX 77450<br/><b><u>Type:</u></b> Private<br/><b><u>Enrollment:</u></b> 271]]></description>
<Point>
<coordinates>-95.73086,29.760856</coordinates>
</Point>
</Placemark>
<Placemark>
<n>CREATIVE CORNERS SCHOOL</n>
<styleUrl>#Closed</styleUrl>
<description><![CDATA[<b><u>Address:</u></b> 1601 W LEAGUE CITY PKWY, LEAGUE CITY, TX 77573<br/><b><u>Type:</u></b> Private<br/><b><u>Enrollment:</u></b> 7]]></description>
<Point>
<coordinates>-95.107471,29.48655</coordinates>
</Point>
</Placemark>
<Placemark>
<n>SOUTHLAKE EARLY CARE AND EDUCATION</n>
<styleUrl>#Closed</styleUrl>
<description><![CDATA[<b><u>Address:</u></b> 8811 DAVIS BLVD, KELLER, TX 76248<br/><b><u>Type:</u></b> Private<br/><b><u>Enrollment:</u></b> 13]]></description>
<Point>
<coordinates>-97.1877038,32.9210774</coordinates>
</Point>
</Placemark>
<Placemark>
<n>THE FIRST SCHOOL</n>
<styleUrl>#Closed</styleUrl>
<description><![CDATA[<b><u>Address:</u></b> 304 OSCAR ST, EL CAMPO, TX 77437<br/><b><u>Type:</u></b> Private<br/><b><u>Enrollment:</u></b> 30]]></description>
<Point>
<coordinates>-96.2691428,29.1916478</coordinates>
</Point>
</Placemark>
<Placemark>
<n>KNOWLEDGE SEEKERS CHRISTIAN SCHOOL</n>
<styleUrl>#Closed</styleUrl>
<description><![CDATA[<b><u>Address:</u></b> 1471 W CORPORATE DR, LEWISVILLE, TX 75067<br/><b><u>Type:</u></b> Private<br/><b><u>Enrollment:</u></b> 25]]></description>
<Point>
<coordinates>-97.0354838,33.0214444</coordinates>
</Point>
</Placemark>
<Placemark>
<n>PRIMROSE SCHOOL OF THE WOODLANDS AT HUGHES LANDING</n>
<styleUrl>#Closed</styleUrl>
<description><![CDATA[<b><u>Address:</u></b> 1720 HUGHES LANDING BLVD, SPRING, TX 77380<br/><b><u>Type:</u></b> Private<br/><b><u>Enrollment:</u></b> 8]]></description>
<Point>
<coordinates>-95.4683287,30.1726592</coordinates>
</Point>
</Placemark>
<Placemark>
<n>SPANISH SCHOOLHOUSE</n>
<styleUrl>#Closed</styleUrl>
<description><![CDATA[<b><u>Address:</u></b> 110 S ALMA DR, ALLEN, TX 75013<br/><b><u>Type:</u></b> Private<br/><b><u>Enrollment:</u></b> 15]]></description>
<Point>
<coordinates>-96.699492,33.099048</coordinates>
</Point>
</Placemark>
<Placemark>
<n>TOTS ON THE MOVE CHILD EDUCATION CENTER</n>
<styleUrl>#Closed</styleUrl>
<description><![CDATA[<b><u>Address:</u></b> 1204 CAIN ST, LUFKIN, TX 75904<br/><b><u>Type:</u></b> Private<br/><b><u>Enrollment:</u></b> 22]]></description>
<Point>
<coordinates>-94.731812,31.3524</coordinates>
</Point>
</Placemark>
<Placemark>
<n>KNILE CENTER LLC</n>
<styleUrl>#Closed</styleUrl>
<description><![CDATA[<b><u>Address:</u></b> 5419 FM 762, RICHMOND, TX 77469<br/><b><u>Type:</u></b> Private<br/><b><u>Enrollment:</u></b> 44]]></description>
<Point>
<coordinates>-95.720754,29.540876</coordinates>
</Point>
</Placemark>
<Placemark>
<n>PROVIDENCE PREPARATORY SCHOOL</n>
<styleUrl>#Closed</styleUrl>
<description><![CDATA[<b><u>Address:</u></b> 506 N MAIN ST, BELTON, TX 76513<br/><b><u>Type:</u></b> Private<br/><b><u>Enrollment:</u></b> 351]]></description>
<Point>
<coordinates>-97.4623081,31.0622004</coordinates>
</Point>
</Placemark>
<Placemark>
<n>THE PARISH SCHOOL</n>
<styleUrl>#Closed</styleUrl>
<description><![CDATA[<b><u>Address:</u></b> 11001 HAMMERLY BLVD, HOUSTON, TX 77043<br/><b><u>Type:</u></b> Private<br/><b><u>Enrollment:</u></b> 88]]></description>
<Point>
<coordinates>-95.572231,29.8126</coordinates>
</Point>
</Placemark>
<Placemark>
<n>PLAINVIEW CHRISTIAN ACADEMY</n>
<styleUrl>#Closed</styleUrl>
<description><![CDATA[<b><u>Address:</u></b> 310 S ENNIS ST, PLAINVIEW, TX 79072<br/><b><u>Type:</u></b> Private<br/><b><u>Enrollment:</u></b> 87]]></description>
<Point>
<coordinates>-101.7422101,34.1746485</coordinates>
</Point>
</Placemark>
<Placemark>
<n>NAZARENE CHRISTIAN ACADEMY</n>
<styleUrl>#Closed</styleUrl>
<description><![CDATA[<b><u>Address:</u></b> 2001 E MAIN ST, CROWLEY, TX 76036<br/><b><u>Type:</u></b> Private<br/><b><u>Enrollment:</u></b> 222]]></description>
<Point>
<coordinates>-97.335421,32.58016</coordinates>
</Point>
</Placemark>
<Placemark>
<n>RIVER CITY BELIEVERS ACADEMY</n>
<styleUrl>#Closed</styleUrl>
<description><![CDATA[<b><u>Address:</u></b> 16765 LOOKOUT RD, SELMA, TX 78154<br/><b><u>Type:</u></b> Private<br/><b><u>Enrollment:</u></b> 143]]></description>
<Point>
<coordinates>-98.318591,29.59392</coordinates>
</Point>
</Placemark>
<Placemark>
<n>THE HILLIER SCHOOL</n>
<styleUrl>#Closed</styleUrl>
<description><![CDATA[<b><u>Address:</u></b> 3821 UNIVERSITY BLVD, DALLAS, TX 75205<br/><b><u>Type:</u></b> Private<br/><b><u>Enrollment:</u></b> 37]]></description>
<Point>
<coordinates>-96.799911,32.84472</coordinates>
</Point>
</Placemark>
<Placemark>
<n>STEPHENVILLE CHRISTIAN SCHOOL</n>
<styleUrl>#Closed</styleUrl>
<description><![CDATA[<b><u>Address:</u></b> 1120 COUNTY ROAD 351, STEPHENVILLE, TX 76401<br/><b><u>Type:</u></b> Private<br/><b><u>Enrollment:</u></b> 36]]></description>
<Point>
<coordinates>-98.267201,32.18906</coordinates>
</Point>
</Placemark>
<Placemark>
<n>HERITAGE SCHOOL</n>
<styleUrl>#Closed</styleUrl>
<description><![CDATA[<b><u>Address:</u></b> 310 SMOKEHOUSE RD, FREDERICKSBURG, TX 78624<br/><b><u>Type:</u></b> Private<br/><b><u>Enrollment:</u></b> 151]]></description>
<Point>
<coordinates>-98.898871,30.26195</coordinates>
</Point>
</Placemark>
<Placemark>
<n>HARVEST CHRISTIAN ACADEMY</n>
<styleUrl>#Closed</styleUrl>
<description><![CDATA[<b><u>Address:</u></b> 225 KELLER PKWY, KELLER, TX 76248<br/><b><u>Type:</u></b> Private<br/><b><u>Enrollment:</u></b> 237]]></description>
<Point>
<coordinates>-97.250085,32.936553</coordinates>
</Point>
</Placemark>
<Placemark>
<n>OUR LADY OF THE GULF CATHOLIC SCHOOL</n>
<styleUrl>#Closed</styleUrl>
<description><![CDATA[<b><u>Address:</u></b> 301 S SAN ANTONIO ST, PORT LAVACA, TX 77979<br/><b><u>Type:</u></b> Private<br/><b><u>Enrollment:</u></b> 109]]></description>
<Point>
<coordinates>-96.627072,28.611404</coordinates>
</Point>
</Placemark>
<Placemark>
<n>PARAGON PREPARATORY INC</n>
<styleUrl>#Closed</styleUrl>
<description><![CDATA[<b><u>Address:</u></b> 5206 BALCONES DR, AUSTIN, TX 78731<br/><b><u>Type:</u></b> Private<br/><b><u>Enrollment:</u></b> 170]]></description>
<Point>
<coordinates>-97.759801,30.33451</coordinates>
</Point>
</Placemark>
<Placemark>
<n>CHRISTIAN COTTAGE PREP</n>
<styleUrl>#Closed</styleUrl>
<description><![CDATA[<b><u>Address:</u></b> 6815 MANHATTAN BLVD # 107, FORT WORTH, TX 76120<br/><b><u>Type:</u></b> Private<br/><b><u>Enrollment:</u></b> 22]]></description>
<Point>
<coordinates>-97.210811,32.77544</coordinates>
</Point>
</Placemark>
<Placemark>
<n>JOHN PAUL II CATHOLIC HIGH SCHOOL</n>
<styleUrl>#Closed</styleUrl>
<description><![CDATA[<b><u>Address:</u></b> 6720 FM 482, NEW BRAUNFELS, TX 78132<br/><b><u>Type:</u></b> Private<br/><b><u>Enrollment:</u></b> 205]]></description>
<Point>
<coordinates>-98.227711,29.64456</coordinates>
</Point>
</Placemark>
<Placemark>
<n>DIVINE SAVIOR ACADEMY - SIENNA PLANTATION</n>
<styleUrl>#Closed</styleUrl>
<description><![CDATA[<b><u>Address:</u></b> 770 WATERS LAKE BLVD, MISSOURI CITY, TX 77459<br/><b><u>Type:</u></b> Private<br/><b><u>Enrollment:</u></b> 169]]></description>
<Point>
<coordinates>-95.510841,29.48333</coordinates>
</Point>
</Placemark>
<Placemark>
<n>ADVANCED PREPARATORY INTERNATIONAL</n>
<styleUrl>#Closed</styleUrl>
<description><![CDATA[<b><u>Address:</u></b> 5787 S HAMPTON RD STE 115, DALLAS, TX 75232<br/><b><u>Type:</u></b> Private<br/><b><u>Enrollment:</u></b> 55]]></description>
<Point>
<coordinates>-96.8580952,32.6782767</coordinates>
</Point>
</Placemark>
<Placemark>
<n>THE HUB HOUSTON INC.</n>
<styleUrl>#Closed</styleUrl>
<description><![CDATA[<b><u>Address:</u></b> 4209 GALWAY LN, HOUSTON, TX 77080<br/><b><u>Type:</u></b> Private<br/><b><u>Enrollment:</u></b> 25]]></description>
<Point>
<coordinates>-95.519371,29.83189</coordinates>
</Point>
</Placemark>
<Placemark>
<n>NORTHWEST HILLS CHRISTIAN SCHOOL</n>
<styleUrl>#Closed</styleUrl>
<description><![CDATA[<b><u>Address:</u></b> 8511 HEATH CIR DR, SAN ANTONIO, TX 78250<br/><b><u>Type:</u></b> Private<br/><b><u>Enrollment:</u></b> 134]]></description>
<Point>
<coordinates>-98.645204,29.494665</coordinates>
</Point>
</Placemark>
<Placemark>
<n>PRINCE OF PEACE CHRISTIAN SCHOOL</n>
<styleUrl>#Closed</styleUrl>
<description><![CDATA[<b><u>Address:</u></b> 4004 MIDWAY RD, CARROLLTON, TX 75007<br/><b><u>Type:</u></b> Private<br/><b><u>Enrollment:</u></b> 513]]></description>
<Point>
<coordinates>-96.842541,33.02048</coordinates>
</Point>
</Placemark>
<Placemark>
<n>LAKEWOOD MONTESSORI SCHOOL</n>
<styleUrl>#Closed</styleUrl>
<description><![CDATA[<b><u>Address:</u></b> 12127 MALCOMSON RD, HOUSTON, TX 77070<br/><b><u>Type:</u></b> Private<br/><b><u>Enrollment:</u></b> 27]]></description>
<Point>
<coordinates>-95.605721,29.99599</coordinates>
</Point>
</Placemark>
<Placemark>
<n>PRIMROSE OF FRISCO WEST</n>
<styleUrl>#Closed</styleUrl>
<description><![CDATA[<b><u>Address:</u></b> 333 W LEBANON, FRISCO, TX 75036<br/><b><u>Type:</u></b> Private<br/><b><u>Enrollment:</u></b> 17]]></description>
<Point>
<coordinates>-96.8936192,33.1266248</coordinates>
</Point>
</Placemark>
<Placemark>
<n>EASTSIDE CHRISTIAN SCHOOL</n>
<styleUrl>#Closed</styleUrl>
<description><![CDATA[<b><u>Address:</u></b> 5250 US HIGHWAY 190 E, LIVINGSTON, TX 77351<br/><b><u>Type:</u></b> Private<br/><b><u>Enrollment:</u></b> 36]]></description>
<Point>
<coordinates>-94.853647,30.703564</coordinates>
</Point>
</Placemark>
<Placemark>
<n>STEP BY STEP CHRISTIAN SCHOOL</n>
<styleUrl>#Closed</styleUrl>
<description><![CDATA[<b><u>Address:</u></b> 1119 S CHERRY ST, TOMBALL, TX 77375<br/><b><u>Type:</u></b> Private<br/><b><u>Enrollment:</u></b> 74]]></description>
<Point>
<coordinates>-95.610281,30.08698</coordinates>
</Point>
</Placemark>
<Placemark>
<n>GREYSTONE HOUSE MONTESSORI</n>
<styleUrl>#Closed</styleUrl>
<description><![CDATA[<b><u>Address:</u></b> 1000 EVERGREEN CIR, THE WOODLANDS, TX 77380<br/><b><u>Type:</u></b> Private<br/><b><u>Enrollment:</u></b> 8]]></description>
<Point>
<coordinates>-95.464261,30.16848</coordinates>
</Point>
</Placemark>
<Placemark>
<n>GOOD SHEPHERD EPISCOPAL SCHOOL</n>
<styleUrl>#Closed</styleUrl>
<description><![CDATA[<b><u>Address:</u></b> 2929 WOODLAND HILLS DR, KINGWOOD, TX 77339<br/><b><u>Type:</u></b> Private<br/><b><u>Enrollment:</u></b> 30]]></description>
<Point>
<coordinates>-95.213931,30.05544</coordinates>
</Point>
</Placemark>
<Placemark>
<n>ST MATTHEW'S EPISCOPAL SCHOOL</n>
<styleUrl>#Closed</styleUrl>
<description><![CDATA[<b><u>Address:</u></b> 8134 MESA DR, AUSTIN, TX 78759<br/><b><u>Type:</u></b> Private<br/><b><u>Enrollment:</u></b> 16]]></description>
<Point>
<coordinates>-97.756321,30.37357</coordinates>
</Point>
</Placemark>
<Placemark>
<n>PROVIDENCE CATHOLIC SCHOOL</n>
<styleUrl>#Closed</styleUrl>
<description><![CDATA[<b><u>Address:</u></b> 1215 N SAINT MARYS ST, SAN ANTONIO, TX 78215<br/><b><u>Type:</u></b> Private<br/><b><u>Enrollment:</u></b> 236]]></description>
<Point>
<coordinates>-98.486038,29.435374</coordinates>
</Point>
</Placemark>
<Placemark>
<n>REICHER CATHOLIC HIGH SCHOOL</n>
<styleUrl>#Closed</styleUrl>
<description><![CDATA[<b><u>Address:</u></b> 2102 N 23RD ST, WACO, TX 76708<br/><b><u>Type:</u></b> Private<br/><b><u>Enrollment:</u></b> 316]]></description>
<Point>
<coordinates>-97.165684,31.560068</coordinates>
</Point>
</Placemark>
<Placemark>
<n>ST MARY'S CATHOLIC SCHOOL</n>
<styleUrl>#Closed</styleUrl>
<description><![CDATA[<b><u>Address:</u></b> 1300 E LOS EBANOS BLVD, BROWNSVILLE, TX 78520<br/><b><u>Type:</u></b> Private<br/><b><u>Enrollment:</u></b> 312]]></description>
<Point>
<coordinates>-97.501961,25.931336</coordinates>
</Point>
</Placemark>
<Placemark>
<n>ST PATRICK CATHOLIC SCHOOL</n>
<styleUrl>#Closed</styleUrl>
<description><![CDATA[<b><u>Address:</u></b> 9635 FERNDALE RD, DALLAS, TX 75238<br/><b><u>Type:</u></b> Private<br/><b><u>Enrollment:</u></b> 360]]></description>
<Point>
<coordinates>-96.709761,32.8781</coordinates>
</Point>
</Placemark>
<Placemark>
<n>ANGELO CATHOLIC SCHOOL</n>
<styleUrl>#Closed</styleUrl>
<description><![CDATA[<b><u>Address:</u></b> 2315 A AND M AVE, SAN ANGELO, TX 76904<br/><b><u>Type:</u></b> Private<br/><b><u>Enrollment:</u></b> 87]]></description>
<Point>
<coordinates>-100.475239,31.436892</coordinates>
</Point>
</Placemark>
<Placemark>
<n>ALL SAINTS EPISCOPAL SCHOOL</n>
<styleUrl>#Closed</styleUrl>
<description><![CDATA[<b><u>Address:</u></b> 4108 DELAWARE ST, BEAUMONT, TX 77706<br/><b><u>Type:</u></b> Private<br/><b><u>Enrollment:</u></b> 280]]></description>
<Point>
<coordinates>-94.145206,30.106306</coordinates>
</Point>
</Placemark>
<Placemark>
<n>TRINITY LUTHERAN SCHOOL</n>
<styleUrl>#Closed</styleUrl>
<description><![CDATA[<b><u>Address:</u></b> 18926 KLEIN CHURCH RD, SPRING, TX 77379<br/><b><u>Type:</u></b> Private<br/><b><u>Enrollment:</u></b> 437]]></description>
<Point>
<coordinates>-95.499371,30.04444</coordinates>
</Point>
</Placemark>
<Placemark>
<n>ZION LUTHERAN SCHOOL</n>
<styleUrl>#Closed</styleUrl>
<description><![CDATA[<b><u>Address:</u></b> 6101 FM 1105, GEORGETOWN, TX 78626<br/><b><u>Type:</u></b> Private<br/><b><u>Enrollment:</u></b> 206]]></description>
<Point>
<coordinates>-97.599751,30.7435</coordinates>
</Point>
</Placemark>
<Placemark>
<n>PANTEGO CHRISTIAN ACADEMY  - ARLINGTON CAMPUS</n>
<styleUrl>#Closed</styleUrl>
<description><![CDATA[<b><u>Address:</u></b> 2201 W PARK ROW DR, ARLINGTON, TX 76013<br/><b><u>Type:</u></b> Private<br/><b><u>Enrollment:</u></b> 473]]></description>
<Point>
<coordinates>-97.142055,32.722121</coordinates>
</Point>
</Placemark>
<Placemark>
<n>EMMANUEL CHRISTIAN SCHOOL</n>
<styleUrl>#Closed</styleUrl>
<description><![CDATA[<b><u>Address:</u></b> 1214 SAINT LOUIS ST, GONZALES, TX 78629<br/><b><u>Type:</u></b> Private<br/><b><u>Enrollment:</u></b> 18]]></description>
<Point>
<coordinates>-97.442341,29.50319</coordinates>
</Point>
</Placemark>
<Placemark>
<n>AMARILLO MONTESSORI ACADEMY</n>
<styleUrl>#Closed</styleUrl>
<description><![CDATA[<b><u>Address:</u></b> 3806 S BOWIE ST, AMARILLO, TX 79110<br/><b><u>Type:</u></b> Private<br/><b><u>Enrollment:</u></b> 21]]></description>
<Point>
<coordinates>-101.857695,35.173439</coordinates>
</Point>
</Placemark>
<Placemark>
<n>COUNTRY DAY SCHOOL OF ARLINGTON</n>
<styleUrl>#Closed</styleUrl>
<description><![CDATA[<b><u>Address:</u></b> 1105 W RANDOL MILL RD, ARLINGTON, TX 76012<br/><b><u>Type:</u></b> Private<br/><b><u>Enrollment:</u></b> 6]]></description>
<Point>
<coordinates>-97.121851,32.7509</coordinates>
</Point>
</Placemark>
<Placemark>
<n>PATHWAY CHRISTIAN ACADEMY</n>
<styleUrl>#Closed</styleUrl>
<description><![CDATA[<b><u>Address:</u></b> 325 NW RENFRO ST, BURLESON, TX 76028<br/><b><u>Type:</u></b> Private<br/><b><u>Enrollment:</u></b> 12]]></description>
<Point>
<coordinates>-97.3308555,32.5451167</coordinates>
</Point>
</Placemark>
<Placemark>
<n>MONTESSORI HOUSE FOR CHILDREN</n>
<styleUrl>#Closed</styleUrl>
<description><![CDATA[<b><u>Address:</u></b> 20625 LAKEMONT BEND LN, RICHMOND, TX 77407<br/><b><u>Type:</u></b> Private<br/><b><u>Enrollment:</u></b> 97]]></description>
<Point>
<coordinates>-95.741381,29.69892</coordinates>
</Point>
</Placemark>
<Placemark>
<n>MONTGOMERY CHRISTIAN ACADEMY</n>
<styleUrl>#Closed</styleUrl>
<description><![CDATA[<b><u>Address:</u></b> 12681 FM 149 RD, MONTGOMERY, TX 77316<br/><b><u>Type:</u></b> Private<br/><b><u>Enrollment:</u></b> 81]]></description>
<Point>
<coordinates>-95.698751,30.36495</coordinates>
</Point>
</Placemark>
<Placemark>
<n>THE ACADEMY AT CHURCH ELEVEN32</n>
<styleUrl>#Closed</styleUrl>
<description><![CDATA[<b><u>Address:</u></b> 700 RIVERCREST BLVD, ALLEN, TX 75002<br/><b><u>Type:</u></b> Private<br/><b><u>Enrollment:</u></b> 55]]></description>
<Point>
<coordinates>-96.654721,33.10701</coordinates>
</Point>
</Placemark>
<Placemark>
<n>C FC BILINGUAL ACADEMY</n>
<styleUrl>#Closed</styleUrl>
<description><![CDATA[<b><u>Address:</u></b> 11000 DAIRY ASHFORD RD, SUGAR LAND, TX 77478<br/><b><u>Type:</u></b> Private<br/><b><u>Enrollment:</u></b> 31]]></description>
<Point>
<coordinates>-95.599311,29.66006</coordinates>
</Point>
</Placemark>
<Placemark>
<n>LOS AMIGUITOS</n>
<styleUrl>#Closed</styleUrl>
<description><![CDATA[<b><u>Address:</u></b> 3701 E MLK BLVD # B, AUSTIN, TX 78721<br/><b><u>Type:</u></b> Private<br/><b><u>Enrollment:</u></b> 8]]></description>
<Point>
<coordinates>-97.694891,30.28359</coordinates>
</Point>
</Placemark>
<Placemark>
<n>MRS. OS AT AGAPE</n>
<styleUrl>#Closed</styleUrl>
<description><![CDATA[<b><u>Address:</u></b> 1215 SLIDE RD, LUBBOCK, TX 79416<br/><b><u>Type:</u></b> Private<br/><b><u>Enrollment:</u></b> 22]]></description>
<Point>
<coordinates>-101.921631,33.58473</coordinates>
</Point>
</Placemark>
<Placemark>
<n>PINNACLE MONTESSORI OF FRISCO</n>
<styleUrl>#Closed</styleUrl>
<description><![CDATA[<b><u>Address:</u></b> 6555 DALLAS PKWY, FRISCO, TX 75034<br/><b><u>Type:</u></b> Private<br/><b><u>Enrollment:</u></b> 10]]></description>
<Point>
<coordinates>-96.827288,33.131801</coordinates>
</Point>
</Placemark>
<Placemark>
<n>PRIMROSE SCHOOL OF CRYSTAL FALLS</n>
<styleUrl>#Closed</styleUrl>
<description><![CDATA[<b><u>Address:</u></b> 1781 OSAGE DR, LEANDER, TX 78641<br/><b><u>Type:</u></b> Private<br/><b><u>Enrollment:</u></b> 13]]></description>
<Point>
<coordinates>-97.8625516,30.5383486</coordinates>
</Point>
</Placemark>
<Placemark>
<n>GOOD SHEPHERD LUTHERAN SCHOOL</n>
<styleUrl>#Closed</styleUrl>
<description><![CDATA[<b><u>Address:</u></b> 202 HWY 71 W, BASTROP, TX 78602<br/><b><u>Type:</u></b> Private<br/><b><u>Enrollment:</u></b> 42]]></description>
<Point>
<coordinates>-97.327741,30.10413</coordinates>
</Point>
</Placemark>
<Placemark>
<n>DEVEREUX - VICTORIA</n>
<styleUrl>#Closed</styleUrl>
<description><![CDATA[<b><u>Address:</u></b> 120 DAVID WADE, VICTORIA, TX 77902<br/><b><u>Type:</u></b> Private<br/><b><u>Enrollment:</u></b> 1]]></description>
<Point>
<coordinates>-97.1562802,28.7237919</coordinates>
</Point>
</Placemark>
<Placemark>
<n>PRIMROSE SCHOOL OF SOUTH PLANO</n>
<styleUrl>#Closed</styleUrl>
<description><![CDATA[<b><u>Address:</u></b> 1740 CUSTER RD, PLANO, TX 75075<br/><b><u>Type:</u></b> Private<br/><b><u>Enrollment:</u></b> 12]]></description>
<Point>
<coordinates>-96.7331675,33.0232928</coordinates>
</Point>
</Placemark>
<Placemark>
<n>GODDARD SCHOOL LONG MEADOW FARM</n>
<styleUrl>#Closed</styleUrl>
<description><![CDATA[<b><u>Address:</u></b> 21024 W BELLFORT, RICHMOND, TX 77406<br/><b><u>Type:</u></b> Private<br/><b><u>Enrollment:</u></b> 11]]></description>
<Point>
<coordinates>-95.7479234,29.6654734</coordinates>
</Point>
</Placemark>
<Placemark>
<n>IMMERSION MONTESSORI ACADEMY</n>
<styleUrl>#Closed</styleUrl>
<description><![CDATA[<b><u>Address:</u></b> 11102 W AVE, SAN ANTONIO, TX 78213<br/><b><u>Type:</u></b> Private<br/><b><u>Enrollment:</u></b> 22]]></description>
<Point>
<coordinates>-98.514069,29.540751</coordinates>
</Point>
</Placemark>
<Placemark>
<n>OAK FOREST ACADEMY LLC</n>
<styleUrl>#Closed</styleUrl>
<description><![CDATA[<b><u>Address:</u></b> 1901 W 34TH ST, HOUSTON, TX 77018<br/><b><u>Type:</u></b> Private<br/><b><u>Enrollment:</u></b> 18]]></description>
<Point>
<coordinates>-95.4323407,29.816525</coordinates>
</Point>
</Placemark>
<Placemark>
<n>THE CHILDREN'S COURTYARD INC.</n>
<styleUrl>#Closed</styleUrl>
<description><![CDATA[<b><u>Address:</u></b> 241 HUNTERS VLG, NEW BRAUNFELS, TX 78132<br/><b><u>Type:</u></b> Private<br/><b><u>Enrollment:</u></b> 8]]></description>
<Point>
<coordinates>-98.171307,29.719395</coordinates>
</Point>
</Placemark>
<Placemark>
<n>THE J CENTER FOR EARLY LEARNING</n>
<styleUrl>#Closed</styleUrl>
<description><![CDATA[<b><u>Address:</u></b> 4408 N STANTON ST, EL PASO, TX 79902<br/><b><u>Type:</u></b> Private<br/><b><u>Enrollment:</u></b> 106]]></description>
<Point>
<coordinates>-106.5032689,31.8021761</coordinates>
</Point>
</Placemark>
<Placemark>
<n>QUBA ACADEMY</n>
<styleUrl>#Closed</styleUrl>
<description><![CDATA[<b><u>Address:</u></b> 730 FM 1959 RD, HOUSTON, TX 77034<br/><b><u>Type:</u></b> Private<br/><b><u>Enrollment:</u></b> 68]]></description>
<Point>
<coordinates>-95.180274,29.593188</coordinates>
</Point>
</Placemark>
<Placemark>
<n>CONROE ADVENTIST ACADEMY</n>
<styleUrl>#Closed</styleUrl>
<description><![CDATA[<b><u>Address:</u></b> 3601 S LOOP 336 E, CONROE, TX 77301<br/><b><u>Type:</u></b> Private<br/><b><u>Enrollment:</u></b> 67]]></description>
<Point>
<coordinates>-95.4047879,30.2987247</coordinates>
</Point>
</Placemark>
<Placemark>
<n>FUSION ACADEMY</n>
<styleUrl>#Closed</styleUrl>
<description><![CDATA[<b><u>Address:</u></b> 227 N LOOP 1604 E, SAN ANTONIO, TX 78232<br/><b><u>Type:</u></b> Private<br/><b><u>Enrollment:</u></b> 10]]></description>
<Point>
<coordinates>-98.484264,29.611143</coordinates>
</Point>
</Placemark>
<Placemark>
<n>CORNERSTONE CHRISTIAN SCHOOL</n>
<styleUrl>#Closed</styleUrl>
<description><![CDATA[<b><u>Address:</u></b> 718 BARROW ST, ABILENE, TX 79605<br/><b><u>Type:</u></b> Private<br/><b><u>Enrollment:</u></b> 30]]></description>
<Point>
<coordinates>-99.758839,32.442996</coordinates>
</Point>
</Placemark>
<Placemark>
<n>MONTESSORI COUNTRY DAY SCHOOL</n>
<styleUrl>#Closed</styleUrl>
<description><![CDATA[<b><u>Address:</u></b> 7400 HAWK RD, FLOWER MOUND, TX 75022<br/><b><u>Type:</u></b> Private<br/><b><u>Enrollment:</u></b> 20]]></description>
<Point>
<coordinates>-97.1456115,33.055645</coordinates>
</Point>
</Placemark>
<Placemark>
<n>WICHITA CHRISTIAN SCHOOL</n>
<styleUrl>#Closed</styleUrl>
<description><![CDATA[<b><u>Address:</u></b> 1615 MIDWESTERN PKWY, WICHITA FALLS, TX 76302<br/><b><u>Type:</u></b> Private<br/><b><u>Enrollment:</u></b> 197]]></description>
<Point>
<coordinates>-98.497421,33.87656</coordinates>
</Point>
</Placemark>
<Placemark>
<n>AUSTIN JEWISH ACADEMY</n>
<styleUrl>#Closed</styleUrl>
<description><![CDATA[<b><u>Address:</u></b> 7300 HART LN, AUSTIN, TX 78731<br/><b><u>Type:</u></b> Private<br/><b><u>Enrollment:</u></b> 128]]></description>
<Point>
<coordinates>-97.755011,30.35751</coordinates>
</Point>
</Placemark>
<Placemark>
<n>SEGUIN CHRISTIAN ACADEMY</n>
<styleUrl>#Closed</styleUrl>
<description><![CDATA[<b><u>Address:</u></b> 1456 E KINGSBURY ST, SEGUIN, TX 78155<br/><b><u>Type:</u></b> Private<br/><b><u>Enrollment:</u></b> 17]]></description>
<Point>
<coordinates>-97.941131,29.58856</coordinates>
</Point>
</Placemark>
<Placemark>
<n>SUPERIOR ACADEMY OF LOREDO</n>
<styleUrl>#Closed</styleUrl>
<description><![CDATA[<b><u>Address:</u></b> 7019 W VILLAGE BLVD # 3208, LAREDO, TX 78041<br/><b><u>Type:</u></b> Private<br/><b><u>Enrollment:</u></b> 50]]></description>
<Point>
<coordinates>-99.496071,27.56764</coordinates>
</Point>
</Placemark>
<Placemark>
<n>WESTERN HILLS ACADEMY</n>
<styleUrl>#Closed</styleUrl>
<description><![CDATA[<b><u>Address:</u></b> 524 THUNDERBIRD DR, EL PASO, TX 79912<br/><b><u>Type:</u></b> Private<br/><b><u>Enrollment:</u></b> 44]]></description>
<Point>
<coordinates>-106.523491,31.83878</coordinates>
</Point>
</Placemark>
<Placemark>
<n>AGGIELAND COUNTRY SCHOOL</n>
<styleUrl>#Closed</styleUrl>
<description><![CDATA[<b><u>Address:</u></b> 1500 QUAIL RUN, COLLEGE STATION, TX 77845<br/><b><u>Type:</u></b> Private<br/><b><u>Enrollment:</u></b> 36]]></description>
<Point>
<coordinates>-96.331981,30.5816</coordinates>
</Point>
</Placemark>
<Placemark>
<n>ST CATHERINE'S MONTESSORI</n>
<styleUrl>#Closed</styleUrl>
<description><![CDATA[<b><u>Address:</u></b> 9821 TIMBERSIDE DR, HOUSTON, TX 77025<br/><b><u>Type:</u></b> Private<br/><b><u>Enrollment:</u></b> 190]]></description>
<Point>
<coordinates>-95.431831,29.67502</coordinates>
</Point>
</Placemark>
<Placemark>
<n>THE GATEWAY ACADEMY</n>
<styleUrl>#Closed</styleUrl>
<description><![CDATA[<b><u>Address:</u></b> 3721 DACOMA ST, HOUSTON, TX 77092<br/><b><u>Type:</u></b> Private<br/><b><u>Enrollment:</u></b> 72]]></description>
<Point>
<coordinates>-95.445531,29.80879</coordinates>
</Point>
</Placemark>
<Placemark>
<n>MONTESSORI LEARNING INSTITUTE</n>
<styleUrl>#Closed</styleUrl>
<description><![CDATA[<b><u>Address:</u></b> 5812 MAPLE ST, HOUSTON, TX 77074<br/><b><u>Type:</u></b> Private<br/><b><u>Enrollment:</u></b> 38]]></description>
<Point>
<coordinates>-95.495668,29.6911465</coordinates>
</Point>
</Placemark>
<Placemark>
<n>SPRING WOODS CHRISTIAN ACADEMY</n>
<styleUrl>#Closed</styleUrl>
<description><![CDATA[<b><u>Address:</u></b> 1711 CYPRESS CREEK PKWY, HOUSTON, TX 77090<br/><b><u>Type:</u></b> Private<br/><b><u>Enrollment:</u></b> 2]]></description>
<Point>
<coordinates>-95.4551315,30.0105428</coordinates>
</Point>
</Placemark>
<Placemark>
<n>NOTRE DAME CATHOLIC SCHOOL</n>
<styleUrl>#Closed</styleUrl>
<description><![CDATA[<b><u>Address:</u></b> 907 MAIN ST, KERRVILLE, TX 78028<br/><b><u>Type:</u></b> Private<br/><b><u>Enrollment:</u></b> 115]]></description>
<Point>
<coordinates>-99.138027,30.04494</coordinates>
</Point>
</Placemark>
<Placemark>
<n>OUR LADY OF PERPETUAL HELP SCHOOL</n>
<styleUrl>#Closed</styleUrl>
<description><![CDATA[<b><u>Address:</u></b> 16075 N EVANS RD, SELMA, TX 78154<br/><b><u>Type:</u></b> Private<br/><b><u>Enrollment:</u></b> 248]]></description>
<Point>
<coordinates>-98.309061,29.58519</coordinates>
</Point>
</Placemark>
<Placemark>
<n>MOST HOLY TRINITY SCHOOL</n>
<styleUrl>#Closed</styleUrl>
<description><![CDATA[<b><u>Address:</u></b> 10000 PHEASANT RD, EL PASO, TX 79924<br/><b><u>Type:</u></b> Private<br/><b><u>Enrollment:</u></b> 127]]></description>
<Point>
<coordinates>-106.405461,31.90065</coordinates>
</Point>
</Placemark>
<Placemark>
<n>HOLY FAMILY CATHOLIC SCHOOL</n>
<styleUrl>#Closed</styleUrl>
<description><![CDATA[<b><u>Address:</u></b> 6146 PERSHING AVE, FORT WORTH, TX 76107<br/><b><u>Type:</u></b> Private<br/><b><u>Enrollment:</u></b> 93]]></description>
<Point>
<coordinates>-97.416861,32.73672</coordinates>
</Point>
</Placemark>
<Placemark>
<n>SACRED HEART CATHOLIC SCHOOL</n>
<styleUrl>#Closed</styleUrl>
<description><![CDATA[<b><u>Address:</u></b> 907 RUNNEBURG RD, CROSBY, TX 77532<br/><b><u>Type:</u></b> Private<br/><b><u>Enrollment:</u></b> 103]]></description>
<Point>
<coordinates>-95.058764,29.913149</coordinates>
</Point>
</Placemark>
<Placemark>
<n>ST ANN S SCHOOL</n>
<styleUrl>#Closed</styleUrl>
<description><![CDATA[<b><u>Address:</u></b> 2000 W TEXAS AVE, MIDLAND, TX 79701<br/><b><u>Type:</u></b> Private<br/><b><u>Enrollment:</u></b> 374]]></description>
<Point>
<coordinates>-102.096811,31.99556</coordinates>
</Point>
</Placemark>
<Placemark>
<n>ST JAMES DAY SCHOOL</n>
<styleUrl>#Closed</styleUrl>
<description><![CDATA[<b><u>Address:</u></b> 5501 N STATE LINE AVE, TEXARKANA, TX 75503<br/><b><u>Type:</u></b> Private<br/><b><u>Enrollment:</u></b> 115]]></description>
<Point>
<coordinates>-94.046758,33.477715</coordinates>
</Point>
</Placemark>
<Placemark>
<n>HIGHLAND PARK PRESBYTERIAN DAY SCHOOL</n>
<styleUrl>#Closed</styleUrl>
<description><![CDATA[<b><u>Address:</u></b> 3821 UNIVERSITY BLVD, DALLAS, TX 75205<br/><b><u>Type:</u></b> Private<br/><b><u>Enrollment:</u></b> 22]]></description>
<Point>
<coordinates>-96.799911,32.84472</coordinates>
</Point>
</Placemark>
<Placemark>
<n>ODESSA CHRISTIAN SCHOOL</n>
<styleUrl>#Closed</styleUrl>
<description><![CDATA[<b><u>Address:</u></b> 2000 DORAN DR, ODESSA, TX 79761<br/><b><u>Type:</u></b> Private<br/><b><u>Enrollment:</u></b> 108]]></description>
<Point>
<coordinates>-102.354271,31.87174</coordinates>
</Point>
</Placemark>
<Placemark>
<n>CALVARY LUTHERAN SCHOOL</n>
<styleUrl>#Closed</styleUrl>
<description><![CDATA[<b><u>Address:</u></b> 9807 CHURCH RD, DALLAS, TX 75238<br/><b><u>Type:</u></b> Private<br/><b><u>Enrollment:</u></b> 82]]></description>
<Point>
<coordinates>-96.717131,32.8866</coordinates>
</Point>
</Placemark>
<Placemark>
<n>SOUTHWEST ADVENTIST JUNIOR ACADEMY</n>
<styleUrl>#Closed</styleUrl>
<description><![CDATA[<b><u>Address:</u></b> 1600 BONNIE VIEW RD, DALLAS, TX 75203<br/><b><u>Type:</u></b> Private<br/><b><u>Enrollment:</u></b> 25]]></description>
<Point>
<coordinates>-96.7917038,32.7291147</coordinates>
</Point>
</Placemark>
<Placemark>
<n>BURTON ADVENTIST ACADEMY</n>
<styleUrl>#Closed</styleUrl>
<description><![CDATA[<b><u>Address:</u></b> 4611 KELLY ELLIOTT RD, ARLINGTON, TX 76017<br/><b><u>Type:</u></b> Private<br/><b><u>Enrollment:</u></b> 281]]></description>
<Point>
<coordinates>-97.173901,32.67059</coordinates>
</Point>
</Placemark>
<Placemark>
<n>ST PETER'S EPISCOPAL SCHOOL</n>
<styleUrl>#Closed</styleUrl>
<description><![CDATA[<b><u>Address:</u></b> 321 SAINT PETER ST, KERRVILLE, TX 78028<br/><b><u>Type:</u></b> Private<br/><b><u>Enrollment:</u></b> 16]]></description>
<Point>
<coordinates>-99.136009,30.044565</coordinates>
</Point>
</Placemark>
<Placemark>
<n>HOUSTON CHRISTIAN HIGH SCHOOL</n>
<styleUrl>#Closed</styleUrl>
<description><![CDATA[<b><u>Address:</u></b> 2700 W SAM HOUSTON PKWY N, HOUSTON, TX 77043<br/><b><u>Type:</u></b> Private<br/><b><u>Enrollment:</u></b> 476]]></description>
<Point>
<coordinates>-95.561341,29.81978</coordinates>
</Point>
</Placemark>
<Placemark>
<n>ST HELEN CATHOLIC SCHOOL</n>
<styleUrl>#Closed</styleUrl>
<description><![CDATA[<b><u>Address:</u></b> 2700 E UNIVERSITY AVE, GEORGETOWN, TX 78626<br/><b><u>Type:</u></b> Private<br/><b><u>Enrollment:</u></b> 161]]></description>
<Point>
<coordinates>-97.646951,30.63677</coordinates>
</Point>
</Placemark>
<Placemark>
<n>ST JOHN XXIII COLLEGE PRREPARATORY</n>
<styleUrl>#Closed</styleUrl>
<description><![CDATA[<b><u>Address:</u></b> 1800 W GRAND PKWY N, KATY, TX 77449<br/><b><u>Type:</u></b> Private<br/><b><u>Enrollment:</u></b> 408]]></description>
<Point>
<coordinates>-95.771572,29.800866</coordinates>
</Point>
</Placemark>
<Placemark>
<n>SHADY ACRES CHRISTIAN SCHOOL</n>
<styleUrl>#Closed</styleUrl>
<description><![CDATA[<b><u>Address:</u></b> 7330 VOGEL RD, HOUSTON, TX 77088<br/><b><u>Type:</u></b> Private<br/><b><u>Enrollment:</u></b> 59]]></description>
<Point>
<coordinates>-95.464211,29.86807</coordinates>
</Point>
</Placemark>
<Placemark>
<n>FIELDER ROAD EARLY CHILDHOOD CENTER</n>
<styleUrl>#Closed</styleUrl>
<description><![CDATA[<b><u>Address:</u></b> 2011 S FIELDER RD, ARLINGTON, TX 76013<br/><b><u>Type:</u></b> Private<br/><b><u>Enrollment:</u></b> 24]]></description>
<Point>
<coordinates>-97.128691,32.70997</coordinates>
</Point>
</Placemark>
<Placemark>
<n>PRIMOSE SCHOOL OF ATASCOCITO</n>
<styleUrl>#Closed</styleUrl>
<description><![CDATA[<b><u>Address:</u></b> 20027 W LAKE HOUSTON PKWY, KINGWOOD, TX 77346<br/><b><u>Type:</u></b> Private<br/><b><u>Enrollment:</u></b> 13]]></description>
<Point>
<coordinates>-95.1710902,30.0074316</coordinates>
</Point>
</Placemark>
<Placemark>
<n>SHILOH CHRISTIAN ACADEMY</n>
<styleUrl>#Closed</styleUrl>
<description><![CDATA[<b><u>Address:</u></b> 8800 CRISTO VIENE DR, EL PASO, TX 79907<br/><b><u>Type:</u></b> Private<br/><b><u>Enrollment:</u></b> 21]]></description>
<Point>
<coordinates>-106.316228,31.712046</coordinates>
</Point>
</Placemark>
<Placemark>
<n>ASBURY METHODIST DAY SCHOOL</n>
<styleUrl>#Closed</styleUrl>
<description><![CDATA[<b><u>Address:</u></b> 5354 SPACE CENTER BLVD, PASADENA, TX 77505<br/><b><u>Type:</u></b> Private<br/><b><u>Enrollment:</u></b> 4]]></description>
<Point>
<coordinates>-95.143781,29.63215</coordinates>
</Point>
</Placemark>
<Placemark>
<n>CITADEL CHRISTIAN SCHOOL</n>
<styleUrl>#Closed</styleUrl>
<description><![CDATA[<b><u>Address:</u></b> 2111 S BLUE BELL RD, BRENHAM, TX 77833<br/><b><u>Type:</u></b> Private<br/><b><u>Enrollment:</u></b> 41]]></description>
<Point>
<coordinates>-96.367191,30.15634</coordinates>
</Point>
</Placemark>
<Placemark>
<n>UVALDE CLASSICAL ACADEMY</n>
<styleUrl>#Closed</styleUrl>
<description><![CDATA[<b><u>Address:</u></b> 400 N GETTY ST, UVALDE, TX 78801<br/><b><u>Type:</u></b> Private<br/><b><u>Enrollment:</u></b> 97]]></description>
<Point>
<coordinates>-99.787821,29.21446</coordinates>
</Point>
</Placemark>
<Placemark>
<n>PRIMROSE SCHOOL OF DRIPPING SPRINGS</n>
<styleUrl>#Closed</styleUrl>
<description><![CDATA[<b><u>Address:</u></b> 13832 SAWYER RANCH RD, DRIPPING SPRINGS, TX 78620<br/><b><u>Type:</u></b> Private<br/><b><u>Enrollment:</u></b> 18]]></description>
<Point>
<coordinates>-97.9993771,30.1946754</coordinates>
</Point>
</Placemark>
<Placemark>
<n>PRIMROSE SCHOOL OF EAST ALLEN</n>
<styleUrl>#Closed</styleUrl>
<description><![CDATA[<b><u>Address:</u></b> 1604 E EXCHANGE PKWY, ALLEN, TX 75002<br/><b><u>Type:</u></b> Private<br/><b><u>Enrollment:</u></b> 10]]></description>
<Point>
<coordinates>-96.627251,33.11435</coordinates>
</Point>
</Placemark>
<Placemark>
<n>TRUE KNIGHT ACADEMY</n>
<styleUrl>#Closed</styleUrl>
<description><![CDATA[<b><u>Address:</u></b> 1730 WILLIAMS TRCE BLVD STE H, SUGAR LAND, TX 77478<br/><b><u>Type:</u></b> Private<br/><b><u>Enrollment:</u></b> 10]]></description>
<Point>
<coordinates>-95.608241,29.60134</coordinates>
</Point>
</Placemark>
<Placemark>
<n>FOUR SEASONS COMMUNITY SCHOOL</n>
<styleUrl>#Closed</styleUrl>
<description><![CDATA[<b><u>Address:</u></b> 3909 ADELPHI LN, AUSTIN, TX 78727<br/><b><u>Type:</u></b> Private<br/><b><u>Enrollment:</u></b> 10]]></description>
<Point>
<coordinates>-97.717401,30.421494</coordinates>
</Point>
</Placemark>
<Placemark>
<n>LA MATERNELLE FRENCH ACADEMY</n>
<styleUrl>#Closed</styleUrl>
<description><![CDATA[<b><u>Address:</u></b> 2301 S DAIRY ASHFORD RD STE A, HOUSTON, TX 77077<br/><b><u>Type:</u></b> Private<br/><b><u>Enrollment:</u></b> 8]]></description>
<Point>
<coordinates>-95.605362,29.740176</coordinates>
</Point>
</Placemark>
<Placemark>
<n>ACADEMY OF THOUGHT AND INDUSTRY AUSTIN</n>
<styleUrl>#Closed</styleUrl>
<description><![CDATA[<b><u>Address:</u></b> 5815 AIRPORT BLVD, AUSTIN, TX 78752<br/><b><u>Type:</u></b> Private<br/><b><u>Enrollment:</u></b> 52]]></description>
<Point>
<coordinates>-97.714719,30.323259</coordinates>
</Point>
</Placemark>
<Placemark>
<n>ST THOMAS EARLY LEARNING CENTER</n>
<styleUrl>#Closed</styleUrl>
<description><![CDATA[<b><u>Address:</u></b> 906 GEORGE BUSH DR, COLLEGE STATION, TX 77840<br/><b><u>Type:</u></b> Private<br/><b><u>Enrollment:</u></b> 25]]></description>
<Point>
<coordinates>-96.333091,30.60987</coordinates>
</Point>
</Placemark>
<Placemark>
<n>HILL COUNTRY MONTESSORI SCHOOL</n>
<styleUrl>#Closed</styleUrl>
<description><![CDATA[<b><u>Address:</u></b> 50 STONE WALL DR, BOERNE, TX 78006<br/><b><u>Type:</u></b> Private<br/><b><u>Enrollment:</u></b> 53]]></description>
<Point>
<coordinates>-98.611912,29.811472</coordinates>
</Point>
</Placemark>
<Placemark>
<n>THE ATONEMENT CATHOLIC ACADEMY</n>
<styleUrl>#Closed</styleUrl>
<description><![CDATA[<b><u>Address:</u></b> 15415 RED ROBIN RD, SAN ANTONIO, TX 78255<br/><b><u>Type:</u></b> Private<br/><b><u>Enrollment:</u></b> 302]]></description>
<Point>
<coordinates>-98.6456748,29.5876445</coordinates>
</Point>
</Placemark>
<Placemark>
<n>CROWN OF LIFE LUTHERAN SCHOOL</n>
<styleUrl>#Closed</styleUrl>
<description><![CDATA[<b><u>Address:</u></b> 6605 PLEASANT RUN RD, COLLEYVILLE, TX 76034<br/><b><u>Type:</u></b> Private<br/><b><u>Enrollment:</u></b> 88]]></description>
<Point>
<coordinates>-97.155941,32.90602</coordinates>
</Point>
</Placemark>
<Placemark>
<n>CYPRESS CHRISTIAN SCHOOL</n>
<styleUrl>#Closed</styleUrl>
<description><![CDATA[<b><u>Address:</u></b> 11123 CYPRESS N HOUSTON RD, HOUSTON, TX 77065<br/><b><u>Type:</u></b> Private<br/><b><u>Enrollment:</u></b> 687]]></description>
<Point>
<coordinates>-95.58764,29.951977</coordinates>
</Point>
</Placemark>
<Placemark>
<n>SACRED HEART CATHOLIC SCHOOL</n>
<styleUrl>#Closed</styleUrl>
<description><![CDATA[<b><u>Address:</u></b> 615 MCDADE ST, CONROE, TX 77301<br/><b><u>Type:</u></b> Private<br/><b><u>Enrollment:</u></b> 209]]></description>
<Point>
<coordinates>-95.462184,30.30804</coordinates>
</Point>
</Placemark>
<Placemark>
<n>WESLEYAN ACADEME</n>
<styleUrl>#Closed</styleUrl>
<description><![CDATA[<b><u>Address:</u></b> 1615 W AIRPORT FWY, IRVING, TX 75062<br/><b><u>Type:</u></b> Private<br/><b><u>Enrollment:</u></b> 10]]></description>
<Point>
<coordinates>-96.967141,32.83844</coordinates>
</Point>
</Placemark>
<Placemark>
<n>HARBOR LEADERSHIP ACADEMY</n>
<styleUrl>#Closed</styleUrl>
<description><![CDATA[<b><u>Address:</u></b> 17317 FM 1431, LEANDER, TX 78641<br/><b><u>Type:</u></b> Private<br/><b><u>Enrollment:</u></b> 35]]></description>
<Point>
<coordinates>-97.888831,30.51487</coordinates>
</Point>
</Placemark>
<Placemark>
<n>CASA DEI BAMBINI</n>
<styleUrl>#Closed</styleUrl>
<description><![CDATA[<b><u>Address:</u></b> 20211 S UNIVERSITY BLVD, MISSOURI CITY, TX 77459<br/><b><u>Type:</u></b> Private<br/><b><u>Enrollment:</u></b> 15]]></description>
<Point>
<coordinates>-95.5711085,29.5629442</coordinates>
</Point>
</Placemark>
<Placemark>
<n>THE KIPLING SCHOOL</n>
<styleUrl>#Closed</styleUrl>
<description><![CDATA[<b><u>Address:</u></b> 600 SHEPHERD DR, HOUSTON, TX 77007<br/><b><u>Type:</u></b> Private<br/><b><u>Enrollment:</u></b> 203]]></description>
<Point>
<coordinates>-95.409171,29.76779</coordinates>
</Point>
</Placemark>
<Placemark>
<n>FOUNDATION PREPARATORY ACADEMY</n>
<styleUrl>#Closed</styleUrl>
<description><![CDATA[<b><u>Address:</u></b> 2400 BRAZOSPORT BLVD N, LAKE JACKSON, TX 77566<br/><b><u>Type:</u></b> Private<br/><b><u>Enrollment:</u></b> 46]]></description>
<Point>
<coordinates>-95.410961,29.07239</coordinates>
</Point>
</Placemark>
<Placemark>
<n>ST ANDREWS EPISCOPAL SCHOOL</n>
<styleUrl>#Closed</styleUrl>
<description><![CDATA[<b><u>Address:</u></b> 5901 SW PKWY, AUSTIN, TX 78735<br/><b><u>Type:</u></b> Private<br/><b><u>Enrollment:</u></b> 412]]></description>
<Point>
<coordinates>-97.848571,30.24726</coordinates>
</Point>
</Placemark>
<Placemark>
<n>FIVE STAR MONTESSORI SCHOOL</n>
<styleUrl>#Closed</styleUrl>
<description><![CDATA[<b><u>Address:</u></b> 13260 FORKLAND DR, HOUSTON, TX 77077<br/><b><u>Type:</u></b> Private<br/><b><u>Enrollment:</u></b> 6]]></description>
<Point>
<coordinates>-95.622351,29.76016</coordinates>
</Point>
</Placemark>
<Placemark>
<n>ACUTE CHILDRENS MONTESSORI ACADEMY</n>
<styleUrl>#Closed</styleUrl>
<description><![CDATA[<b><u>Address:</u></b> 1709 E 5TH ST, TYLER, TX 75701<br/><b><u>Type:</u></b> Private<br/><b><u>Enrollment:</u></b> 15]]></description>
<Point>
<coordinates>-95.280021,32.33198</coordinates>
</Point>
</Placemark>
<Placemark>
<n>BRIGHT LEARNERS ACADEMY</n>
<styleUrl>#Closed</styleUrl>
<description><![CDATA[<b><u>Address:</u></b> 3220 KIRBY DR STE 160, PEARLAND, TX 77584<br/><b><u>Type:</u></b> Private<br/><b><u>Enrollment:</u></b> 13]]></description>
<Point>
<coordinates>-95.400177,29.550154</coordinates>
</Point>
</Placemark>
<Placemark>
<n>CARE CHILD DEVELOPMENT CENTER</n>
<styleUrl>#Closed</styleUrl>
<description><![CDATA[<b><u>Address:</u></b> 1504 E CAMPBELL RD, RICHARDSON, TX 75081<br/><b><u>Type:</u></b> Private<br/><b><u>Enrollment:</u></b> 6]]></description>
<Point>
<coordinates>-96.696281,32.97405</coordinates>
</Point>
</Placemark>
<Placemark>
<n>CRISTO REY FORT WORTH COLLEGE PREP</n>
<styleUrl>#Closed</styleUrl>
<description><![CDATA[<b><u>Address:</u></b> 1007 E TERRELL AVE, FORT WORTH, TX 76104<br/><b><u>Type:</u></b> Private<br/><b><u>Enrollment:</u></b> 206]]></description>
<Point>
<coordinates>-97.315051,32.73573</coordinates>
</Point>
</Placemark>
<Placemark>
<n>CHALLENGER SCHOOL - LEGACY</n>
<styleUrl>#Closed</styleUrl>
<description><![CDATA[<b><u>Address:</u></b> 6700 COMMUNICATIONS PKWY, PLANO, TX 75093<br/><b><u>Type:</u></b> Private<br/><b><u>Enrollment:</u></b> 12]]></description>
<Point>
<coordinates>-96.831986,33.063693</coordinates>
</Point>
</Placemark>
<Placemark>
<n>FIRST BAPTIST ACADEMY OF DALLAS</n>
<styleUrl>#Closed</styleUrl>
<description><![CDATA[<b><u>Address:</u></b> 7894 SAMUELL BLVD, DALLAS, TX 75228<br/><b><u>Type:</u></b> Private<br/><b><u>Enrollment:</u></b> 271]]></description>
<Point>
<coordinates>-96.679114,32.7913002</coordinates>
</Point>
</Placemark>
<Placemark>
<n>HOLY CROSS CATHOLIC ACADEMY</n>
<styleUrl>#Closed</styleUrl>
<description><![CDATA[<b><u>Address:</u></b> 4110 S BONHAM ST, AMARILLO, TX 79110<br/><b><u>Type:</u></b> Private<br/><b><u>Enrollment:</u></b> 114]]></description>
<Point>
<coordinates>-101.859781,35.17099</coordinates>
</Point>
</Placemark>
<Placemark>
<n>EL PASO COUNTRY DAY SCHOOL</n>
<styleUrl>#Closed</styleUrl>
<description><![CDATA[<b><u>Address:</u></b> 220 E CLIFF DR, EL PASO, TX 79902<br/><b><u>Type:</u></b> Private<br/><b><u>Enrollment:</u></b> 54]]></description>
<Point>
<coordinates>-106.494681,31.76841</coordinates>
</Point>
</Placemark>
<Placemark>
<n>ARLINGTON HEIGHTS CHRISTIAN SCHOOL</n>
<styleUrl>#Closed</styleUrl>
<description><![CDATA[<b><u>Address:</u></b> 9550 LEOPARD ST, CORPUS CHRISTI, TX 78410<br/><b><u>Type:</u></b> Private<br/><b><u>Enrollment:</u></b> 161]]></description>
<Point>
<coordinates>-97.551641,27.82819</coordinates>
</Point>
</Placemark>
<Placemark>
<n>AUSTIN WALDORF SCHOOL</n>
<styleUrl>#Closed</styleUrl>
<description><![CDATA[<b><u>Address:</u></b> 8700 S VIEW RD, AUSTIN, TX 78737<br/><b><u>Type:</u></b> Private<br/><b><u>Enrollment:</u></b> 331]]></description>
<Point>
<coordinates>-97.91286,30.231811</coordinates>
</Point>
</Placemark>
<Placemark>
<n>FORT WORTH SAVE OUR CHILDREN</n>
<styleUrl>#Closed</styleUrl>
<description><![CDATA[<b><u>Address:</u></b> 4215 AVE M, FORT WORTH, TX 76123<br/><b><u>Type:</u></b> Private<br/><b><u>Enrollment:</u></b> 23]]></description>
<Point>
<coordinates>-97.260831,32.72533</coordinates>
</Point>
</Placemark>
<Placemark>
<n>FIRST BAPTIST PRESCHOOL AND KINDERGARTEN</n>
<styleUrl>#Closed</styleUrl>
<description><![CDATA[<b><u>Address:</u></b> 402 S KEY AVE, LAMPASAS, TX 76550<br/><b><u>Type:</u></b> Private<br/><b><u>Enrollment:</u></b> 8]]></description>
<Point>
<coordinates>-98.182701,31.06408</coordinates>
</Point>
</Placemark>
<Placemark>
<n>FIRST BAPTIST ACADEMY</n>
<styleUrl>#Closed</styleUrl>
<description><![CDATA[<b><u>Address:</u></b> 350 HWY 96 S, SILSBEE, TX 77656<br/><b><u>Type:</u></b> Private<br/><b><u>Enrollment:</u></b> 144]]></description>
<Point>
<coordinates>-94.1804819,30.3469298</coordinates>
</Point>
</Placemark>
<Placemark>
<n>ILM ACADEMY</n>
<styleUrl>#Closed</styleUrl>
<description><![CDATA[<b><u>Address:</u></b> 1209 CONRAD SAUER DR, HOUSTON, TX 77043<br/><b><u>Type:</u></b> Private<br/><b><u>Enrollment:</u></b> 143]]></description>
<Point>
<coordinates>-95.549671,29.78967</coordinates>
</Point>
</Placemark>
<Placemark>
<n>DALLAS INTERNATIONAL SCHOOL</n>
<styleUrl>#Closed</styleUrl>
<description><![CDATA[<b><u>Address:</u></b> 6039 CHURCHILL WAY, DALLAS, TX 75230<br/><b><u>Type:</u></b> Private<br/><b><u>Enrollment:</u></b> 213]]></description>
<Point>
<coordinates>-96.8017308,32.9177058</coordinates>
</Point>
</Placemark>
<Placemark>
<n>SPRINGBOARD ACADEMICS</n>
<styleUrl>#Closed</styleUrl>
<description><![CDATA[<b><u>Address:</u></b> 1901 50TH ST STE C2, LUBBOCK, TX 79412<br/><b><u>Type:</u></b> Private<br/><b><u>Enrollment:</u></b> 110]]></description>
<Point>
<coordinates>-101.857621,33.5483</coordinates>
</Point>
</Placemark>
<Placemark>
<n>SOLID ROCK CHRISTIAN ACADEMY</n>
<styleUrl>#Closed</styleUrl>
<description><![CDATA[<b><u>Address:</u></b> 2678 CALDER AVE STE B, BEAUMONT, TX 77702<br/><b><u>Type:</u></b> Private<br/><b><u>Enrollment:</u></b> 110]]></description>
<Point>
<coordinates>-94.129371,30.086018</coordinates>
</Point>
</Placemark>
<Placemark>
<n>BETHESDA CHRISTIAN ACADEMY</n>
<styleUrl>#Closed</styleUrl>
<description><![CDATA[<b><u>Address:</u></b> 11840 GTWY BLVD E, EL PASO, TX 79927<br/><b><u>Type:</u></b> Private<br/><b><u>Enrollment:</u></b> 39]]></description>
<Point>
<coordinates>-106.234661,31.6502</coordinates>
</Point>
</Placemark>
<Placemark>
<n>FUSION ACADEMY AUS: AUSTIN</n>
<styleUrl>#Closed</styleUrl>
<description><![CDATA[<b><u>Address:</u></b> 4701 BEE CAVES RD STE 101, AUSTIN, TX 78746<br/><b><u>Type:</u></b> Private<br/><b><u>Enrollment:</u></b> 82]]></description>
<Point>
<coordinates>-97.816451,30.28771</coordinates>
</Point>
</Placemark>
<Placemark>
<n>IMMANUEL CHRISTIAN SCHOOL</n>
<styleUrl>#Closed</styleUrl>
<description><![CDATA[<b><u>Address:</u></b> 1201 HAWKINS BLVD, EL PASO, TX 79925<br/><b><u>Type:</u></b> Private<br/><b><u>Enrollment:</u></b> 392]]></description>
<Point>
<coordinates>-106.374921,31.77674</coordinates>
</Point>
</Placemark>
<Placemark>
<n>NORTH DALLAS ADVENTIST ACADEMY</n>
<styleUrl>#Closed</styleUrl>
<description><![CDATA[<b><u>Address:</u></b> 2800 CUSTER PKWY, RICHARDSON, TX 75080<br/><b><u>Type:</u></b> Private<br/><b><u>Enrollment:</u></b> 264]]></description>
<Point>
<coordinates>-96.727721,32.9956</coordinates>
</Point>
</Placemark>
<Placemark>
<n>MONTESSORI-LONGWOOD</n>
<styleUrl>#Closed</styleUrl>
<description><![CDATA[<b><u>Address:</u></b> 12839 LOUETTA RD, CYPRESS, TX 77429<br/><b><u>Type:</u></b> Private<br/><b><u>Enrollment:</u></b> 56]]></description>
<Point>
<coordinates>-95.619011,29.99594</coordinates>
</Point>
</Placemark>
<Placemark>
<n>JAPANESE EDUCATIONAL INSTITUTE</n>
<styleUrl>#Closed</styleUrl>
<description><![CDATA[<b><u>Address:</u></b> 901 YORKCHESTER DR, HOUSTON, TX 77079<br/><b><u>Type:</u></b> Private<br/><b><u>Enrollment:</u></b> 448]]></description>
<Point>
<coordinates>-95.583531,29.78083</coordinates>
</Point>
</Placemark>
<Placemark>
<n>BECKER EARLY CHILDHOOD CENTER</n>
<styleUrl>#Closed</styleUrl>
<description><![CDATA[<b><u>Address:</u></b> 1500 SUNSET BLVD, HOUSTON, TX 77005<br/><b><u>Type:</u></b> Private<br/><b><u>Enrollment:</u></b> 12]]></description>
<Point>
<coordinates>-95.398287,29.723446</coordinates>
</Point>
</Placemark>
<Placemark>
<n>HOLY NAME CATHOLIC SCHOOL</n>
<styleUrl>#Closed</styleUrl>
<description><![CDATA[<b><u>Address:</u></b> 3814 NASH BLVD, SAN ANTONIO, TX 78223<br/><b><u>Type:</u></b> Private<br/><b><u>Enrollment:</u></b> 121]]></description>
<Point>
<coordinates>-98.421471,29.362332</coordinates>
</Point>
</Placemark>
<Placemark>
<n>OUR LADY OF VICTORY SCHOOL</n>
<styleUrl>#Closed</styleUrl>
<description><![CDATA[<b><u>Address:</u></b> 1311 E MESQUITE LN, VICTORIA, TX 77901<br/><b><u>Type:</u></b> Private<br/><b><u>Enrollment:</u></b> 401]]></description>
<Point>
<coordinates>-96.991611,28.82327</coordinates>
</Point>
</Placemark>
<Placemark>
<n>ST MARYS CATHOLIC SCHOOL</n>
<styleUrl>#Closed</styleUrl>
<description><![CDATA[<b><u>Address:</u></b> 1019 S 7TH ST, TEMPLE, TX 76504<br/><b><u>Type:</u></b> Private<br/><b><u>Enrollment:</u></b> 145]]></description>
<Point>
<coordinates>-97.3483364,31.0872867</coordinates>
</Point>
</Placemark>
<Placemark>
<n>ST MARY S CATHOLIC SCHOOL</n>
<styleUrl>#Closed</styleUrl>
<description><![CDATA[<b><u>Address:</u></b> 405 HOLLYBROOK DR, LONGVIEW, TX 75605<br/><b><u>Type:</u></b> Private<br/><b><u>Enrollment:</u></b> 157]]></description>
<Point>
<coordinates>-94.736971,32.53524</coordinates>
</Point>
</Placemark>
<Placemark>
<n>LYDIA PATTERSON INSTITUTE</n>
<styleUrl>#Closed</styleUrl>
<description><![CDATA[<b><u>Address:</u></b> 517 S FLORENCE ST, EL PASO, TX 79901<br/><b><u>Type:</u></b> Private<br/><b><u>Enrollment:</u></b> 250]]></description>
<Point>
<coordinates>-106.4823912,31.7553175</coordinates>
</Point>
</Placemark>
<Placemark>
<n>ST CYPRIAN'S EPISCOPAL SCHOOL</n>
<styleUrl>#Closed</styleUrl>
<description><![CDATA[<b><u>Address:</u></b> 1115 S JOHN REDDITT DR, LUFKIN, TX 75904<br/><b><u>Type:</u></b> Private<br/><b><u>Enrollment:</u></b> 111]]></description>
<Point>
<coordinates>-94.752633,31.32056</coordinates>
</Point>
</Placemark>
<Placemark>
<n>WONDERLAND SCHOOL</n>
<styleUrl>#Closed</styleUrl>
<description><![CDATA[<b><u>Address:</u></b> 302 COUNTRY ESTATES DR, SAN MARCOS, TX 78666<br/><b><u>Type:</u></b> Private<br/><b><u>Enrollment:</u></b> 46]]></description>
<Point>
<coordinates>-97.971581,29.90108</coordinates>
</Point>
</Placemark>
<Placemark>
<n>BURLESON ADVENTIST SCHOOL</n>
<styleUrl>#Closed</styleUrl>
<description><![CDATA[<b><u>Address:</u></b> 1635 FOX LN, BURLESON, TX 76028<br/><b><u>Type:</u></b> Private<br/><b><u>Enrollment:</u></b> 73]]></description>
<Point>
<coordinates>-97.28164,32.5463</coordinates>
</Point>
</Placemark>
<Placemark>
<n>AL-HADI SCHOOL OF ACCELERATIVE LEARNING</n>
<styleUrl>#Closed</styleUrl>
<description><![CDATA[<b><u>Address:</u></b> 2313 S VOSS RD, HOUSTON, TX 77057<br/><b><u>Type:</u></b> Private<br/><b><u>Enrollment:</u></b> 321]]></description>
<Point>
<coordinates>-95.500081,29.74192</coordinates>
</Point>
</Placemark>
<Placemark>
<n>ISLAMIC SCHOOL OF IRVING</n>
<styleUrl>#Closed</styleUrl>
<description><![CDATA[<b><u>Address:</u></b> 2555 ESTERS RD, IRVING, TX 75062<br/><b><u>Type:</u></b> Private<br/><b><u>Enrollment:</u></b> 552]]></description>
<Point>
<coordinates>-97.010701,32.84318</coordinates>
</Point>
</Placemark>
<Placemark>
<n>CLEBURNE ADVENTIST CHRISTIAN SCHOOL</n>
<styleUrl>#Closed</styleUrl>
<description><![CDATA[<b><u>Address:</u></b> 111 MEADOW VIEW DR, CLEBURNE, TX 76033<br/><b><u>Type:</u></b> Private<br/><b><u>Enrollment:</u></b> 37]]></description>
<Point>
<coordinates>-97.424521,32.33251</coordinates>
</Point>
</Placemark>
<Placemark>
<n>FLINT ACADEMY</n>
<styleUrl>#Closed</styleUrl>
<description><![CDATA[<b><u>Address:</u></b> 2111 ROOSEVELT DR, DALWORTHINGTON GARDENS, TX 76013<br/><b><u>Type:</u></b> Private<br/><b><u>Enrollment:</u></b> 84]]></description>
<Point>
<coordinates>-97.154921,32.70797</coordinates>
</Point>
</Placemark>
<Placemark>
<n>PRIMROSE SCHOOL OF FIRST COLONY</n>
<styleUrl>#Closed</styleUrl>
<description><![CDATA[<b><u>Address:</u></b> 4605 AUSTIN PKWY, SUGAR LAND, TX 77479<br/><b><u>Type:</u></b> Private<br/><b><u>Enrollment:</u></b> 12]]></description>
<Point>
<coordinates>-95.5852853,29.5780077</coordinates>
</Point>
</Placemark>
<Placemark>
<n>INCARNATE WORD HIGH SCHOOL</n>
<styleUrl>#Closed</styleUrl>
<description><![CDATA[<b><u>Address:</u></b> 727 E HILDEBRAND AVE, SAN ANTONIO, TX 78212<br/><b><u>Type:</u></b> Private<br/><b><u>Enrollment:</u></b> 370]]></description>
<Point>
<coordinates>-98.475728,29.4664</coordinates>
</Point>
</Placemark>
<Placemark>
<n>ST GREGORY THE GREAT CATHOLIC SCHOOL</n>
<styleUrl>#Closed</styleUrl>
<description><![CDATA[<b><u>Address:</u></b> 700 DEWHURST RD, SAN ANTONIO, TX 78213<br/><b><u>Type:</u></b> Private<br/><b><u>Enrollment:</u></b> 173]]></description>
<Point>
<coordinates>-98.544629,29.498943</coordinates>
</Point>
</Placemark>
<Placemark>
<n>ST PETER PRINCE OF THE APOSTLES SCHOOL</n>
<styleUrl>#Closed</styleUrl>
<description><![CDATA[<b><u>Address:</u></b> 112 MARCIA PL, SAN ANTONIO, TX 78209<br/><b><u>Type:</u></b> Private<br/><b><u>Enrollment:</u></b> 120]]></description>
<Point>
<coordinates>-98.461349,29.473845</coordinates>
</Point>
</Placemark>
<Placemark>
<n>ST MARYS CATHEDRAL SCHOOL</n>
<styleUrl>#Closed</styleUrl>
<description><![CDATA[<b><u>Address:</u></b> 1200 S WASHINGTON ST, AMARILLO, TX 79102<br/><b><u>Type:</u></b> Private<br/><b><u>Enrollment:</u></b> 88]]></description>
<Point>
<coordinates>-101.849021,35.202435</coordinates>
</Point>
</Placemark>
<Placemark>
<n>ST ANNE CATHOLIC SCHOOL</n>
<styleUrl>#Closed</styleUrl>
<description><![CDATA[<b><u>Address:</u></b> 375 N 11TH ST, BEAUMONT, TX 77702<br/><b><u>Type:</u></b> Private<br/><b><u>Enrollment:</u></b> 511]]></description>
<Point>
<coordinates>-94.130176,30.08465</coordinates>
</Point>
</Placemark>
<Placemark>
<n>CALVARY CHRISTIAN SCHOOL</n>
<styleUrl>#Closed</styleUrl>
<description><![CDATA[<b><u>Address:</u></b> 1815 N 7TH ST, HARLINGEN, TX 78550<br/><b><u>Type:</u></b> Private<br/><b><u>Enrollment:</u></b> 140]]></description>
<Point>
<coordinates>-97.690258,26.210811</coordinates>
</Point>
</Placemark>
<Placemark>
<n>THE POST OAK SCHOOL</n>
<styleUrl>#Closed</styleUrl>
<description><![CDATA[<b><u>Address:</u></b> 4600 BISSONNET ST, BELLAIRE, TX 77401<br/><b><u>Type:</u></b> Private<br/><b><u>Enrollment:</u></b> 355]]></description>
<Point>
<coordinates>-95.456095,29.71423</coordinates>
</Point>
</Placemark>
<Placemark>
<n>EPISCOPAL HIGH SCHOOL</n>
<styleUrl>#Closed</styleUrl>
<description><![CDATA[<b><u>Address:</u></b> 4650 BISSONNET ST, BELLAIRE, TX 77401<br/><b><u>Type:</u></b> Private<br/><b><u>Enrollment:</u></b> 797]]></description>
<Point>
<coordinates>-95.457913,29.714246</coordinates>
</Point>
</Placemark>
<Placemark>
<n>ALL SAINTS EPISCOPAL SCHOOL</n>
<styleUrl>#Closed</styleUrl>
<description><![CDATA[<b><u>Address:</u></b> 9700 SAINTS CIR, FORT WORTH, TX 76108<br/><b><u>Type:</u></b> Private<br/><b><u>Enrollment:</u></b> 995]]></description>
<Point>
<coordinates>-97.492101,32.73106</coordinates>
</Point>
</Placemark>
<Placemark>
<n>THE DISCOVERY SCHOOL</n>
<styleUrl>#Closed</styleUrl>
<description><![CDATA[<b><u>Address:</u></b> 1711 W ALBERTA RD, EDINBURG, TX 78539<br/><b><u>Type:</u></b> Private<br/><b><u>Enrollment:</u></b> 76]]></description>
<Point>
<coordinates>-98.190481,26.25809</coordinates>
</Point>
</Placemark>
<Placemark>
<n>GRACE LUTHERAN EARLY CHILDHOOD PROGRAM</n>
<styleUrl>#Closed</styleUrl>
<description><![CDATA[<b><u>Address:</u></b> 3000 W GOLF COURSE RD, MIDLAND, TX 79701<br/><b><u>Type:</u></b> Private<br/><b><u>Enrollment:</u></b> 8]]></description>
<Point>
<coordinates>-102.115991,32.0076</coordinates>
</Point>
</Placemark>
<Placemark>
<n>KINGDOM PREPARATORY ACADEMY</n>
<styleUrl>#Closed</styleUrl>
<description><![CDATA[<b><u>Address:</u></b> 6110 CHICAGO AVE, LUBBOCK, TX 79464<br/><b><u>Type:</u></b> Private<br/><b><u>Enrollment:</u></b> 258]]></description>
<Point>
<coordinates>-101.933541,33.53709</coordinates>
</Point>
</Placemark>
<Placemark>
<n>OPEN DOOR CHRISTIAN SCHOOL</n>
<styleUrl>#Closed</styleUrl>
<description><![CDATA[<b><u>Address:</u></b> 735 OAK ST, GRAHAM, TX 76450<br/><b><u>Type:</u></b> Private<br/><b><u>Enrollment:</u></b> 112]]></description>
<Point>
<coordinates>-98.590962,33.103001</coordinates>
</Point>
</Placemark>
<Placemark>
<n>SAN ANGELO CHRISTIAN ACADEMY</n>
<styleUrl>#Closed</styleUrl>
<description><![CDATA[<b><u>Address:</u></b> 518 COUNTRY CLUB RD, SAN ANGELO, TX 76904<br/><b><u>Type:</u></b> Private<br/><b><u>Enrollment:</u></b> 106]]></description>
<Point>
<coordinates>-100.435309,31.393295</coordinates>
</Point>
</Placemark>
<Placemark>
<n>SPANISH SCHOOLHOUSE</n>
<styleUrl>#Closed</styleUrl>
<description><![CDATA[<b><u>Address:</u></b> 653 PKWY BLVD, COPPELL, TX 75019<br/><b><u>Type:</u></b> Private<br/><b><u>Enrollment:</u></b> 16]]></description>
<Point>
<coordinates>-96.972701,32.97446</coordinates>
</Point>
</Placemark>
<Placemark>
<n>CORNERSTONE CHRISTIAN SCHOOLS</n>
<styleUrl>#Closed</styleUrl>
<description><![CDATA[<b><u>Address:</u></b> 17702 NW MILITARY HWY, SAN ANTONIO, TX 78230<br/><b><u>Type:</u></b> Private<br/><b><u>Enrollment:</u></b> 1548]]></description>
<Point>
<coordinates>-98.566944,29.607107</coordinates>
</Point>
</Placemark>
<Placemark>
<n>THE HIGHLANDS SCHOOL</n>
<styleUrl>#Closed</styleUrl>
<description><![CDATA[<b><u>Address:</u></b> 1451 E NORTHGATE DR, IRVING, TX 75062<br/><b><u>Type:</u></b> Private<br/><b><u>Enrollment:</u></b> 277]]></description>
<Point>
<coordinates>-96.9289844,32.8482376</coordinates>
</Point>
</Placemark>
<Placemark>
<n>THE ACORN - A SCHOOL FOR YOUNG CHILDREN</n>
<styleUrl>#Closed</styleUrl>
<description><![CDATA[<b><u>Address:</u></b> 3501 BROADWAY ST, SAN ANTONIO, TX 78209<br/><b><u>Type:</u></b> Private<br/><b><u>Enrollment:</u></b> 18]]></description>
<Point>
<coordinates>-98.469051,29.45867</coordinates>
</Point>
</Placemark>
<Placemark>
<n>VINEYARD CHRISTIAN SCHOOL</n>
<styleUrl>#Closed</styleUrl>
<description><![CDATA[<b><u>Address:</u></b> 15310 HUEBNER RD # 116, SAN ANTONIO, TX 78248<br/><b><u>Type:</u></b> Private<br/><b><u>Enrollment:</u></b> 95]]></description>
<Point>
<coordinates>-98.536621,29.58257</coordinates>
</Point>
</Placemark>
<Placemark>
<n>ASCENT: AN ACTON ACADEMY</n>
<styleUrl>#Closed</styleUrl>
<description><![CDATA[<b><u>Address:</u></b> 5701 CAMERON RD, AUSTIN, TX 78723<br/><b><u>Type:</u></b> Private<br/><b><u>Enrollment:</u></b> 55]]></description>
<Point>
<coordinates>-97.701391,30.31553</coordinates>
</Point>
</Placemark>
<Placemark>
<n>GOOD SHEPHERD SCHOOL</n>
<styleUrl>#Closed</styleUrl>
<description><![CDATA[<b><u>Address:</u></b> 214 S GARLAND AVE, GARLAND, TX 75040<br/><b><u>Type:</u></b> Private<br/><b><u>Enrollment:</u></b> 186]]></description>
<Point>
<coordinates>-96.647585,32.911965</coordinates>
</Point>
</Placemark>
<Placemark>
<n>LYCEE INTERNATIONAL DE HOUSTON</n>
<styleUrl>#Closed</styleUrl>
<description><![CDATA[<b><u>Address:</u></b> 15950 PARK ROW, HOUSTON, TX 77084<br/><b><u>Type:</u></b> Private<br/><b><u>Enrollment:</u></b> 88]]></description>
<Point>
<coordinates>-95.661419,29.789694</coordinates>
</Point>
</Placemark>
<Placemark>
<n>FLYING COLORS LEARNING CENTER #3</n>
<styleUrl>#Closed</styleUrl>
<description><![CDATA[<b><u>Address:</u></b> 10080 DYER ST, EL PASO, TX 79924<br/><b><u>Type:</u></b> Private<br/><b><u>Enrollment:</u></b> 19]]></description>
<Point>
<coordinates>-106.40601,31.902498</coordinates>
</Point>
</Placemark>
<Placemark>
<n>KIDDIE ACADEMY OF MISSOURI CITY TEXAS</n>
<styleUrl>#Closed</styleUrl>
<description><![CDATA[<b><u>Address:</u></b> 3811 RAOUL WALLENBERG LN, MISSOURI CITY, TX 77459<br/><b><u>Type:</u></b> Private<br/><b><u>Enrollment:</u></b> 9]]></description>
<Point>
<coordinates>-95.5654597,29.573647</coordinates>
</Point>
</Placemark>
<Placemark>
<n>PRIMROSE SCHOOL OF N. RICHARDSON @ LOOKOUT</n>
<styleUrl>#Closed</styleUrl>
<description><![CDATA[<b><u>Address:</u></b> 2425 N PLANO RD, RICHARDSON, TX 75081<br/><b><u>Type:</u></b> Private<br/><b><u>Enrollment:</u></b> 20]]></description>
<Point>
<coordinates>-96.7005764,32.9840278</coordinates>
</Point>
</Placemark>
<Placemark>
<n>FIRST BAPTIST CHRISTIAN S HILLSBORO</n>
<styleUrl>#Closed</styleUrl>
<description><![CDATA[<b><u>Address:</u></b> 300 E FRANKLIN, HILLSBORO, TX 76645<br/><b><u>Type:</u></b> Private<br/><b><u>Enrollment:</u></b> 14]]></description>
<Point>
<coordinates>-97.1257088,32.0111835</coordinates>
</Point>
</Placemark>
<Placemark>
<n>ST MARK'S EPISCOPAL SCHOOL</n>
<styleUrl>#Closed</styleUrl>
<description><![CDATA[<b><u>Address:</u></b> 3816 BELLAIRE BLVD, HOUSTON, TX 77025<br/><b><u>Type:</u></b> Private<br/><b><u>Enrollment:</u></b> 378]]></description>
<Point>
<coordinates>-95.438431,29.70669</coordinates>
</Point>
</Placemark>
<Placemark>
<n>TEXOMA CHRISTIAN SCHOOL</n>
<styleUrl>#Closed</styleUrl>
<description><![CDATA[<b><u>Address:</u></b> 3500 W HOUSTON ST, SHERMAN, TX 75092<br/><b><u>Type:</u></b> Private<br/><b><u>Enrollment:</u></b> 241]]></description>
<Point>
<coordinates>-96.650392,33.624124</coordinates>
</Point>
</Placemark>
<Placemark>
<n>VALLEY CHRISTIAN HERITAGE SCHOOL</n>
<styleUrl>#Closed</styleUrl>
<description><![CDATA[<b><u>Address:</u></b> 932 N ALAMO RD, ALAMO, TX 78516<br/><b><u>Type:</u></b> Private<br/><b><u>Enrollment:</u></b> 38]]></description>
<Point>
<coordinates>-98.119021,26.20173</coordinates>
</Point>
</Placemark>
<Placemark>
<n>WAYPOINT MONTESSORI</n>
<styleUrl>#Closed</styleUrl>
<description><![CDATA[<b><u>Address:</u></b> 1513 HALL JOHNSON RD, COLLEYVILLE, TX 76034<br/><b><u>Type:</u></b> Private<br/><b><u>Enrollment:</u></b> 54]]></description>
<Point>
<coordinates>-97.143711,32.89134</coordinates>
</Point>
</Placemark>
<Placemark>
<n>THE COVENANT SCHOOL</n>
<styleUrl>#Closed</styleUrl>
<description><![CDATA[<b><u>Address:</u></b> 7300 VALLEY VIEW LN, DALLAS, TX 75240<br/><b><u>Type:</u></b> Private<br/><b><u>Enrollment:</u></b> 670]]></description>
<Point>
<coordinates>-96.7799898,32.9257894</coordinates>
</Point>
</Placemark>
<Placemark>
<n>GRACE PREPARATORY ACADEMY</n>
<styleUrl>#Closed</styleUrl>
<description><![CDATA[<b><u>Address:</u></b> 3300 W INTERSTATE 20, ARLINGTON, TX 76017<br/><b><u>Type:</u></b> Private<br/><b><u>Enrollment:</u></b> 503]]></description>
<Point>
<coordinates>-97.159461,32.67342</coordinates>
</Point>
</Placemark>
<Placemark>
<n>THE NEW KEY SCHOOL INC</n>
<styleUrl>#Closed</styleUrl>
<description><![CDATA[<b><u>Address:</u></b> 7950 JOHN T WHITE RD, FORT WORTH, TX 76120<br/><b><u>Type:</u></b> Private<br/><b><u>Enrollment:</u></b> 83]]></description>
<Point>
<coordinates>-97.181696,32.764581</coordinates>
</Point>
</Placemark>
<Placemark>
<n>SWEENY CHRISTIAN SCHOOL</n>
<styleUrl>#Closed</styleUrl>
<description><![CDATA[<b><u>Address:</u></b> 904 TEXAS AVE, SWEENY, TX 77480<br/><b><u>Type:</u></b> Private<br/><b><u>Enrollment:</u></b> 30]]></description>
<Point>
<coordinates>-95.708761,29.04176</coordinates>
</Point>
</Placemark>
<Placemark>
<n>ANNAPOLIS CHRISTIAN ACADEMY</n>
<styleUrl>#Closed</styleUrl>
<description><![CDATA[<b><u>Address:</u></b> 3875 S STAPLES ST, CORPUS CHRISTI, TX 78411<br/><b><u>Type:</u></b> Private<br/><b><u>Enrollment:</u></b> 264]]></description>
<Point>
<coordinates>-97.3865774,27.7361371</coordinates>
</Point>
</Placemark>
<Placemark>
<n>MESSIAH LUTHERAN CLASSICAL ACADEMY</n>
<styleUrl>#Closed</styleUrl>
<description><![CDATA[<b><u>Address:</u></b> 1308 WHITLEY RD, KELLER, TX 76248<br/><b><u>Type:</u></b> Private<br/><b><u>Enrollment:</u></b> 68]]></description>
<Point>
<coordinates>-97.253901,32.91134</coordinates>
</Point>
</Placemark>
<Placemark>
<n>ST MARTHA CATHOLIC SCHOOL</n>
<styleUrl>#Closed</styleUrl>
<description><![CDATA[<b><u>Address:</u></b> 2411 OAK SHORES DR, KINGWOOD, TX 77339<br/><b><u>Type:</u></b> Private<br/><b><u>Enrollment:</u></b> 360]]></description>
<Point>
<coordinates>-95.209848,30.064624</coordinates>
</Point>
</Placemark>
<Placemark>
<n>PRIMROSE SCHOOL OF PRESTMONT</n>
<styleUrl>#Closed</styleUrl>
<description><![CDATA[<b><u>Address:</u></b> 4115 OHIO DR, FRISCO, TX 75035<br/><b><u>Type:</u></b> Private<br/><b><u>Enrollment:</u></b> 14]]></description>
<Point>
<coordinates>-96.801801,33.11295</coordinates>
</Point>
</Placemark>
<Placemark>
<n>ST THERESA CATHOLIC SCHOOL-SUGAR LAND</n>
<styleUrl>#Closed</styleUrl>
<description><![CDATA[<b><u>Address:</u></b> 705 ST THERESA BLVD, SUGAR LAND, TX 77498<br/><b><u>Type:</u></b> Private<br/><b><u>Enrollment:</u></b> 202]]></description>
<Point>
<coordinates>-95.632005,29.628859</coordinates>
</Point>
</Placemark>
<Placemark>
<n>ALDEN MONTESSORI SCHOOL, LLC</n>
<styleUrl>#Closed</styleUrl>
<description><![CDATA[<b><u>Address:</u></b> 4010 JUSTIN RD, FLOWER MOUND, TX 75077<br/><b><u>Type:</u></b> Private<br/><b><u>Enrollment:</u></b> 43]]></description>
<Point>
<coordinates>-97.092361,33.072631</coordinates>
</Point>
</Placemark>
<Placemark>
<n>LOCKHART MONTESSORI SCHOOL</n>
<styleUrl>#Closed</styleUrl>
<description><![CDATA[<b><u>Address:</u></b> 610 WESTWOOD RD, LOCKHART, TX 78644<br/><b><u>Type:</u></b> Private<br/><b><u>Enrollment:</u></b> 40]]></description>
<Point>
<coordinates>-97.6833618,29.8180143</coordinates>
</Point>
</Placemark>
<Placemark>
<n>SATORI SCHOOL</n>
<styleUrl>#Closed</styleUrl>
<description><![CDATA[<b><u>Address:</u></b> 2503 SEALY ST, GALVESTON, TX 77550<br/><b><u>Type:</u></b> Private<br/><b><u>Enrollment:</u></b> 30]]></description>
<Point>
<coordinates>-94.794774,29.30016</coordinates>
</Point>
</Placemark>
<Placemark>
<n>SHARP ACADEMY</n>
<styleUrl>#Closed</styleUrl>
<description><![CDATA[<b><u>Address:</u></b> 8315 INDIANA AVE, LUBBOCK, TX 79423<br/><b><u>Type:</u></b> Private<br/><b><u>Enrollment:</u></b> 43]]></description>
<Point>
<coordinates>-101.886691,33.51743</coordinates>
</Point>
</Placemark>
<Placemark>
<n>CRESTMONT CHRISTIAN PREPARATORY SCHOOL</n>
<styleUrl>#Closed</styleUrl>
<description><![CDATA[<b><u>Address:</u></b> 631 S SCHOOL ST, BOERNE, TX 78006<br/><b><u>Type:</u></b> Private<br/><b><u>Enrollment:</u></b> 145]]></description>
<Point>
<coordinates>-98.736801,29.78361</coordinates>
</Point>
</Placemark>
<Placemark>
<n>ABUNDANT LIFE CHRISTIAN SCHOOL</n>
<styleUrl>#Closed</styleUrl>
<description><![CDATA[<b><u>Address:</u></b> 5130 HALLAM RD, LAMARQUE, TX 77568<br/><b><u>Type:</u></b> Private<br/><b><u>Enrollment:</u></b> 92]]></description>
<Point>
<coordinates>-95.018316,29.380968</coordinates>
</Point>
</Placemark>
<Placemark>
<n>SCHOOL IN THE HILLS</n>
<styleUrl>#Closed</styleUrl>
<description><![CDATA[<b><u>Address:</u></b> 2900 N QUINLAN PARK RD STE 400, AUSTIN, TX 78732<br/><b><u>Type:</u></b> Private<br/><b><u>Enrollment:</u></b> 11]]></description>
<Point>
<coordinates>-97.892621,30.36917</coordinates>
</Point>
</Placemark>
<Placemark>
<n>CARLISLE SCHOOL</n>
<styleUrl>#Closed</styleUrl>
<description><![CDATA[<b><u>Address:</u></b> 4705 W LOVERS LN, DALLAS, TX 75209<br/><b><u>Type:</u></b> Private<br/><b><u>Enrollment:</u></b> 6]]></description>
<Point>
<coordinates>-96.829201,32.85153</coordinates>
</Point>
</Placemark>
<Placemark>
<n>MENNONITE SCHOOL WESTSIDE</n>
<styleUrl>#Closed</styleUrl>
<description><![CDATA[<b><u>Address:</u></b> 390 COUNTY ROAD 303 H, SEMINOLE, TX 79360<br/><b><u>Type:</u></b> Private<br/><b><u>Enrollment:</u></b> 124]]></description>
<Point>
<coordinates>-102.685187,32.683709</coordinates>
</Point>
</Placemark>
<Placemark>
<n>ETERNITY CHRISTIAN SCHOOL</n>
<styleUrl>#Closed</styleUrl>
<description><![CDATA[<b><u>Address:</u></b> 1122 W RD, HOUSTON, TX 77038<br/><b><u>Type:</u></b> Private<br/><b><u>Enrollment:</u></b> 39]]></description>
<Point>
<coordinates>-95.44024,29.915223</coordinates>
</Point>
</Placemark>
<Placemark>
<n>THE CIRCLE SCHOOL</n>
<styleUrl>#Closed</styleUrl>
<description><![CDATA[<b><u>Address:</u></b> 217 PERSHING AVE, SAN ANTONIO, TX 78209<br/><b><u>Type:</u></b> Private<br/><b><u>Enrollment:</u></b> 73]]></description>
<Point>
<coordinates>-98.464501,29.46145</coordinates>
</Point>
</Placemark>
<Placemark>
<n>HYDE PARK SCHOOL</n>
<styleUrl>#Closed</styleUrl>
<description><![CDATA[<b><u>Address:</u></b> 3901 SPEEDWAY DR, AUSTIN, TX 78751<br/><b><u>Type:</u></b> Private<br/><b><u>Enrollment:</u></b> 739]]></description>
<Point>
<coordinates>-97.731871,30.30222</coordinates>
</Point>
</Placemark>
<Placemark>
<n>REDEEMER MONTESSORI SCHOOL</n>
<styleUrl>#Closed</styleUrl>
<description><![CDATA[<b><u>Address:</u></b> 2700 WARREN CIR, IRVING, TX 75062<br/><b><u>Type:</u></b> Private<br/><b><u>Enrollment:</u></b> 59]]></description>
<Point>
<coordinates>-96.943351,32.84369</coordinates>
</Point>
</Placemark>
<Placemark>
<n>SALEM SAYERS BAPTIST ACADEMY</n>
<styleUrl>#Closed</styleUrl>
<description><![CDATA[<b><u>Address:</u></b> 5212 FM 1628, ADKINS, TX 78101<br/><b><u>Type:</u></b> Private<br/><b><u>Enrollment:</u></b> 71]]></description>
<Point>
<coordinates>-98.288586,29.373216</coordinates>
</Point>
</Placemark>
<Placemark>
<n>WEDGWOOD ACADEMY</n>
<styleUrl>#Closed</styleUrl>
<description><![CDATA[<b><u>Address:</u></b> 4833 SELKIRK DR, FORT WORTH, TX 76109<br/><b><u>Type:</u></b> Private<br/><b><u>Enrollment:</u></b> 77]]></description>
<Point>
<coordinates>-97.379311,32.67791</coordinates>
</Point>
</Placemark>
<Placemark>
<n>KIDS FIRST CHRISTIAN ACADEMY</n>
<styleUrl>#Closed</styleUrl>
<description><![CDATA[<b><u>Address:</u></b> 210 PHILIP ST, JACKSONVILLE, TX 75766<br/><b><u>Type:</u></b> Private<br/><b><u>Enrollment:</u></b> 5]]></description>
<Point>
<coordinates>-95.247785,31.964094</coordinates>
</Point>
</Placemark>
<Placemark>
<n>SPANISH SCHOOLHOUSE</n>
<styleUrl>#Closed</styleUrl>
<description><![CDATA[<b><u>Address:</u></b> 1524 SMIRL DR, ROCKWALL, TX 75032<br/><b><u>Type:</u></b> Private<br/><b><u>Enrollment:</u></b> 13]]></description>
<Point>
<coordinates>-96.476648,32.859971</coordinates>
</Point>
</Placemark>
<Placemark>
<n>COVENANT CHRISTIAN SCHOOL</n>
<styleUrl>#Closed</styleUrl>
<description><![CDATA[<b><u>Address:</u></b> 4503 INTERSTATE 45 N, CONROE, TX 77304<br/><b><u>Type:</u></b> Private<br/><b><u>Enrollment:</u></b> 392]]></description>
<Point>
<coordinates>-95.4880801,30.3753328</coordinates>
</Point>
</Placemark>
<Placemark>
<n>YORKSHIRE ACADEMY</n>
<styleUrl>#Closed</styleUrl>
<description><![CDATA[<b><u>Address:</u></b> 14120 MEMORIAL DR, HOUSTON, TX 77079<br/><b><u>Type:</u></b> Private<br/><b><u>Enrollment:</u></b> 104]]></description>
<Point>
<coordinates>-95.592251,29.77061</coordinates>
</Point>
</Placemark>
<Placemark>
<n>ST PAUL LUTHERAN SCHOOL</n>
<styleUrl>#Closed</styleUrl>
<description><![CDATA[<b><u>Address:</u></b> 4405 HOSPITAL DR, VERNON, TX 76384<br/><b><u>Type:</u></b> Private<br/><b><u>Enrollment:</u></b> 6]]></description>
<Point>
<coordinates>-99.316949,34.156431</coordinates>
</Point>
</Placemark>
<Placemark>
<n>RIVER OAKS BAPTIST SCHOOL</n>
<styleUrl>#Closed</styleUrl>
<description><![CDATA[<b><u>Address:</u></b> 2300 WILLOWICK RD, HOUSTON, TX 77027<br/><b><u>Type:</u></b> Private<br/><b><u>Enrollment:</u></b> 778]]></description>
<Point>
<coordinates>-95.443139,29.744282</coordinates>
</Point>
</Placemark>
<Placemark>
<n>ST ANTHONY CATHOLIC SCHOOL</n>
<styleUrl>#Closed</styleUrl>
<description><![CDATA[<b><u>Address:</u></b> 1015 E HARRISON AVE, HARLINGEN, TX 78550<br/><b><u>Type:</u></b> Private<br/><b><u>Enrollment:</u></b> 72]]></description>
<Point>
<coordinates>-97.684891,26.190922</coordinates>
</Point>
</Placemark>
<Placemark>
<n>CORPUS CHRISTI CATHOLIC SCHOOL</n>
<styleUrl>#Closed</styleUrl>
<description><![CDATA[<b><u>Address:</u></b> 4005 CHEENA DR, HOUSTON, TX 77025<br/><b><u>Type:</u></b> Private<br/><b><u>Enrollment:</u></b> 135]]></description>
<Point>
<coordinates>-95.4411344,29.6748778</coordinates>
</Point>
</Placemark>
<Placemark>
<n>ST VINCENT DE PAUL CATHOLIC SCHOOL</n>
<styleUrl>#Closed</styleUrl>
<description><![CDATA[<b><u>Address:</u></b> 6802 BUFFALO SPEEDWAY, HOUSTON, TX 77025<br/><b><u>Type:</u></b> Private<br/><b><u>Enrollment:</u></b> 470]]></description>
<Point>
<coordinates>-95.428496,29.704806</coordinates>
</Point>
</Placemark>
<Placemark>
<n>ST PAUL LUTHERAN SERBIN SCHOOL</n>
<styleUrl>#Closed</styleUrl>
<description><![CDATA[<b><u>Address:</u></b> 1578 COUNTY ROAD 211, GIDDINGS, TX 78942<br/><b><u>Type:</u></b> Private<br/><b><u>Enrollment:</u></b> 72]]></description>
<Point>
<coordinates>-96.988001,30.11411</coordinates>
</Point>
</Placemark>
<Placemark>
<n>ST PHILIPS EPISCOPAL SCHOOL</n>
<styleUrl>#Closed</styleUrl>
<description><![CDATA[<b><u>Address:</u></b> 105 N ADAMS ST, BEEVILLE, TX 78102<br/><b><u>Type:</u></b> Private<br/><b><u>Enrollment:</u></b> 52]]></description>
<Point>
<coordinates>-97.745886,28.403847</coordinates>
</Point>
</Placemark>
<Placemark>
<n>PRESBYTERIAN PAN AMERICAN SCHOOL</n>
<styleUrl>#Closed</styleUrl>
<description><![CDATA[<b><u>Address:</u></b> 223 N FM 772, KINGSVILLE, TX 78364<br/><b><u>Type:</u></b> Private<br/><b><u>Enrollment:</u></b> 86]]></description>
<Point>
<coordinates>-97.865216,27.448805</coordinates>
</Point>
</Placemark>
<Placemark>
<n>WHITE ROCK NORTH SCHOOL</n>
<styleUrl>#Closed</styleUrl>
<description><![CDATA[<b><u>Address:</u></b> 9727 WHITE ROCK TRL, DALLAS, TX 75238<br/><b><u>Type:</u></b> Private<br/><b><u>Enrollment:</u></b> 49]]></description>
<Point>
<coordinates>-96.729881,32.87928</coordinates>
</Point>
</Placemark>
<Placemark>
<n>BAYTOWN CHRISTIAN ACADEMY</n>
<styleUrl>#Closed</styleUrl>
<description><![CDATA[<b><u>Address:</u></b> 5555 N MAIN ST, BAYTOWN, TX 77521<br/><b><u>Type:</u></b> Private<br/><b><u>Enrollment:</u></b> 228]]></description>
<Point>
<coordinates>-94.966411,29.78495</coordinates>
</Point>
</Placemark>
<Placemark>
<n>COVENANT CHRISTIAN ACADEMY</n>
<styleUrl>#Closed</styleUrl>
<description><![CDATA[<b><u>Address:</u></b> 901 CHEEK SPARGER RD, COLLEYVILLE, TX 76034<br/><b><u>Type:</u></b> Private<br/><b><u>Enrollment:</u></b> 504]]></description>
<Point>
<coordinates>-97.154861,32.86647</coordinates>
</Point>
</Placemark>
<Placemark>
<n>TOMORROW'S PROMISE</n>
<styleUrl>#Closed</styleUrl>
<description><![CDATA[<b><u>Address:</u></b> 2817 OLD HOUSTON RD, HUNTSVILLE, TX 77340<br/><b><u>Type:</u></b> Private<br/><b><u>Enrollment:</u></b> 5]]></description>
<Point>
<coordinates>-95.5398515,30.6994565</coordinates>
</Point>
</Placemark>
<Placemark>
<n>OUR REDEEMER LUTHERAN NORTH SCHOOL</n>
<styleUrl>#Closed</styleUrl>
<description><![CDATA[<b><u>Address:</u></b> 215 RITTENHOUSE ST, HOUSTON, TX 77076<br/><b><u>Type:</u></b> Private<br/><b><u>Enrollment:</u></b> 6]]></description>
<Point>
<coordinates>-95.375369,29.865639</coordinates>
</Point>
</Placemark>
<Placemark>
<n>WHITE DOVE MONTESSORI SCHOOL</n>
<styleUrl>#Closed</styleUrl>
<description><![CDATA[<b><u>Address:</u></b> 2412 LOFTSMOOR LN, PLANO, TX 75025<br/><b><u>Type:</u></b> Private<br/><b><u>Enrollment:</u></b> 5]]></description>
<Point>
<coordinates>-96.7441988,33.0904204</coordinates>
</Point>
</Placemark>
<Placemark>
<n>JOSHUA 1:9 LEARNING CENTER</n>
<styleUrl>#Closed</styleUrl>
<description><![CDATA[<b><u>Address:</u></b> 21519 W WALLIS DR, PORTER, TX 77365<br/><b><u>Type:</u></b> Private<br/><b><u>Enrollment:</u></b> 82]]></description>
<Point>
<coordinates>-95.243661,30.087</coordinates>
</Point>
</Placemark>
<Placemark>
<n>GRAND OAK ACADEMY</n>
<styleUrl>#Closed</styleUrl>
<description><![CDATA[<b><u>Address:</u></b> 1051 PINELOCH STE 900, HOUSTON, TX 77062<br/><b><u>Type:</u></b> Private<br/><b><u>Enrollment:</u></b> 26]]></description>
<Point>
<coordinates>-95.139985,29.578057</coordinates>
</Point>
</Placemark>
<Placemark>
<n>CHAMPIONS CHRISTIAN ACADEMY</n>
<styleUrl>#Closed</styleUrl>
<description><![CDATA[<b><u>Address:</u></b> 4020 SANTA MARIA AVE, LAREDO, TX 78041<br/><b><u>Type:</u></b> Private<br/><b><u>Enrollment:</u></b> 100]]></description>
<Point>
<coordinates>-99.510081,27.53575</coordinates>
</Point>
</Placemark>
<Placemark>
<n>WEE LEARN CENTER</n>
<styleUrl>#Closed</styleUrl>
<description><![CDATA[<b><u>Address:</u></b> 209 E S ST, LONGVIEW, TX 75601<br/><b><u>Type:</u></b> Private<br/><b><u>Enrollment:</u></b> 10]]></description>
<Point>
<coordinates>-94.738772,32.493048</coordinates>
</Point>
</Placemark>
<Placemark>
<n>PRIMROSE SCHOOL OF COLUMBUS TRAIL</n>
<styleUrl>#Closed</styleUrl>
<description><![CDATA[<b><u>Address:</u></b> 5330 COLUMBUS TRL, FORT WORTH, TX 76123<br/><b><u>Type:</u></b> Private<br/><b><u>Enrollment:</u></b> 8]]></description>
<Point>
<coordinates>-97.4056615,32.6293543</coordinates>
</Point>
</Placemark>
<Placemark>
<n>THE GODDARD SCHOOL-LEANDER</n>
<styleUrl>#Closed</styleUrl>
<description><![CDATA[<b><u>Address:</u></b> 1730 UNION ST, LEANDER, TX 78641<br/><b><u>Type:</u></b> Private<br/><b><u>Enrollment:</u></b> 24]]></description>
<Point>
<coordinates>-97.8402689,30.5581353</coordinates>
</Point>
</Placemark>
<Placemark>
<n>ABC LEARNING CENTER</n>
<styleUrl>#Closed</styleUrl>
<description><![CDATA[<b><u>Address:</u></b> 1422 E CEDAR, ROCKPORT, TX 78382<br/><b><u>Type:</u></b> Private<br/><b><u>Enrollment:</u></b> 36]]></description>
<Point>
<coordinates>-97.046541,28.032696</coordinates>
</Point>
</Placemark>
<Placemark>
<n>WACO MONTESSORI SCHOOL</n>
<styleUrl>#Closed</styleUrl>
<description><![CDATA[<b><u>Address:</u></b> 1920 COLUMBUS AVE, WACO, TX 76701<br/><b><u>Type:</u></b> Private<br/><b><u>Enrollment:</u></b> 152]]></description>
<Point>
<coordinates>-97.146891,31.54636</coordinates>
</Point>
</Placemark>
<Placemark>
<n>NEW LIFE CHRISTIAN ACADEMY HYBRID</n>
<styleUrl>#Closed</styleUrl>
<description><![CDATA[<b><u>Address:</u></b> 6622 W US HIGHWAY 90, SAN ANTONIO, TX 78227<br/><b><u>Type:</u></b> Private<br/><b><u>Enrollment:</u></b> 56]]></description>
<Point>
<coordinates>-98.617871,29.40331</coordinates>
</Point>
</Placemark>
<Placemark>
<n>ST MATTHEW CATHOLIC SCHOOL</n>
<styleUrl>#Closed</styleUrl>
<description><![CDATA[<b><u>Address:</u></b> 10703 WURZBACH RD, SAN ANTONIO, TX 78230<br/><b><u>Type:</u></b> Private<br/><b><u>Enrollment:</u></b> 586]]></description>
<Point>
<coordinates>-98.554911,29.53925</coordinates>
</Point>
</Placemark>
<Placemark>
<n>PRIMROSE SCHOOL OF THE WOODLANDS AT STERLING RIDGE</n>
<styleUrl>#Closed</styleUrl>
<description><![CDATA[<b><u>Address:</u></b> 6909 LAKE WOODLANDS DR, THE WOODLANDS, TX 77382<br/><b><u>Type:</u></b> Private<br/><b><u>Enrollment:</u></b> 11]]></description>
<Point>
<coordinates>-95.538381,30.18313</coordinates>
</Point>
</Placemark>
<Placemark>
<n>CUNAE INTERNATIONAL SCHOOL</n>
<styleUrl>#Closed</styleUrl>
<description><![CDATA[<b><u>Address:</u></b> 5655 CREEKSIDE FOREST DR, THE WOODLANDS, TX 77389<br/><b><u>Type:</u></b> Private<br/><b><u>Enrollment:</u></b> 87]]></description>
<Point>
<coordinates>-95.508111,30.13969</coordinates>
</Point>
</Placemark>
<Placemark>
<n>QALAM COLLEGIATE ACADEMY</n>
<styleUrl>#Closed</styleUrl>
<description><![CDATA[<b><u>Address:</u></b> 401 N BOWSER RD STE 101, RICHARDSON, TX 75081<br/><b><u>Type:</u></b> Private<br/><b><u>Enrollment:</u></b> 88]]></description>
<Point>
<coordinates>-96.714701,32.95365</coordinates>
</Point>
</Placemark>
<Placemark>
<n>TORAH ACADEMY OF SAN ANTONIO</n>
<styleUrl>#Closed</styleUrl>
<description><![CDATA[<b><u>Address:</u></b> 3003 SHOLOM DR # 200, SAN ANTONIO, TX 78230<br/><b><u>Type:</u></b> Private<br/><b><u>Enrollment:</u></b> 46]]></description>
<Point>
<coordinates>-98.544481,29.569474</coordinates>
</Point>
</Placemark>
<Placemark>
<n>FUSION ACADEMY SLK: SOUTHLAKE</n>
<styleUrl>#Closed</styleUrl>
<description><![CDATA[<b><u>Address:</u></b> 301 STATE ST STE 200, SOUTHLAKE, TX 76092<br/><b><u>Type:</u></b> Private<br/><b><u>Enrollment:</u></b> 44]]></description>
<Point>
<coordinates>-97.131934,32.944284</coordinates>
</Point>
</Placemark>
<Placemark>
<n>ABILENE JUNIOR ACADEMY</n>
<styleUrl>#Closed</styleUrl>
<description><![CDATA[<b><u>Address:</u></b> 2542 E OVERLAND TRL., ABILENE, TX 79601<br/><b><u>Type:</u></b> Private<br/><b><u>Enrollment:</u></b> 7]]></description>
<Point>
<coordinates>-99.682131,32.46645</coordinates>
</Point>
</Placemark>
<Placemark>
<n>FAITH LUTHERAN HIGH SCHOOL OF CENTRAL TEXAS</n>
<styleUrl>#Closed</styleUrl>
<description><![CDATA[<b><u>Address:</u></b> 600 FM 1482, GIDDINGS, TX 78942<br/><b><u>Type:</u></b> Private<br/><b><u>Enrollment:</u></b> 17]]></description>
<Point>
<coordinates>-96.920811,30.057316</coordinates>
</Point>
</Placemark>
<Placemark>
<n>FIRST BAPTIST CHRISTIAN SCHOOL MARBLE FALLS</n>
<styleUrl>#Closed</styleUrl>
<description><![CDATA[<b><u>Address:</u></b> 901 LA VENTANA, MARBLE FALLS, TX 78654<br/><b><u>Type:</u></b> Private<br/><b><u>Enrollment:</u></b> 69]]></description>
<Point>
<coordinates>-98.2766305,30.5570847</coordinates>
</Point>
</Placemark>
<Placemark>
<n>THE WILLIAMS SCHOOL DBA HOMESCHOOL ACADEMY</n>
<styleUrl>#Closed</styleUrl>
<description><![CDATA[<b><u>Address:</u></b> 3900 LEXINGTON BLVD, MISSOURI CITY, TX 77459<br/><b><u>Type:</u></b> Private<br/><b><u>Enrollment:</u></b> 15]]></description>
<Point>
<coordinates>-95.566181,29.60091</coordinates>
</Point>
</Placemark>
<Placemark>
<n>EDEN LEARNING CENTER LLC.</n>
<styleUrl>#Closed</styleUrl>
<description><![CDATA[<b><u>Address:</u></b> 2435 N VETERANS BLVD, EAGLE PASS, TX 78852<br/><b><u>Type:</u></b> Private<br/><b><u>Enrollment:</u></b> 9]]></description>
<Point>
<coordinates>-100.477891,28.72914</coordinates>
</Point>
</Placemark>
<Placemark>
<n>AUSTIN MONTESSORI SCHOOL</n>
<styleUrl>#Closed</styleUrl>
<description><![CDATA[<b><u>Address:</u></b> 5677 OAK BLVD, AUSTIN, TX 78735<br/><b><u>Type:</u></b> Private<br/><b><u>Enrollment:</u></b> 225]]></description>
<Point>
<coordinates>-97.8482057,30.2369225</coordinates>
</Point>
</Placemark>
<Placemark>
<n>OAK ISLAND ACADEMY</n>
<styleUrl>#Closed</styleUrl>
<description><![CDATA[<b><u>Address:</u></b> 2627 OAK ISLAND DR, SAN ANTONIO, TX 78264<br/><b><u>Type:</u></b> Private<br/><b><u>Enrollment:</u></b> 7]]></description>
<Point>
<coordinates>-98.5548036,29.2204348</coordinates>
</Point>
</Placemark>
<Placemark>
<n>PRESTONWOOD CHRISTIAN ACADEMY ONLINE</n>
<styleUrl>#Closed</styleUrl>
<description><![CDATA[<b><u>Address:</u></b> 6801 W PARK BLVD, PLANO, TX 75093<br/><b><u>Type:</u></b> Private<br/><b><u>Enrollment:</u></b> 59]]></description>
<Point>
<coordinates>-96.8471166,33.0314998</coordinates>
</Point>
</Placemark>
<Placemark>
<n>RIVERSTONE MONTESSORI  LLC</n>
<styleUrl>#Closed</styleUrl>
<description><![CDATA[<b><u>Address:</u></b> 18812 NOBLE SEVEN LN, SUGAR LAND, TX 77479<br/><b><u>Type:</u></b> Private<br/><b><u>Enrollment:</u></b> 5]]></description>
<Point>
<coordinates>-95.5840689,29.5474742</coordinates>
</Point>
</Placemark>
<Placemark>
<n>HUNTINGTON-SURREY HIGH SCHOOL</n>
<styleUrl>#Closed</styleUrl>
<description><![CDATA[<b><u>Address:</u></b> 4700 GROVER AVE, AUSTIN, TX 78756<br/><b><u>Type:</u></b> Private<br/><b><u>Enrollment:</u></b> 34]]></description>
<Point>
<coordinates>-97.738121,30.31762</coordinates>
</Point>
</Placemark>
<Placemark>
<n>TRINITY SCHOOL OF TEXAS</n>
<styleUrl>#Closed</styleUrl>
<description><![CDATA[<b><u>Address:</u></b> 215 N TEAGUE ST, LONGVIEW, TX 75601<br/><b><u>Type:</u></b> Private<br/><b><u>Enrollment:</u></b> 224]]></description>
<Point>
<coordinates>-94.725626,32.499391</coordinates>
</Point>
</Placemark>
<Placemark>
<n>THE SCHOOL OF MONTESSORI</n>
<styleUrl>#Closed</styleUrl>
<description><![CDATA[<b><u>Address:</u></b> 1503 S 16TH ST, NEDERLAND, TX 77627<br/><b><u>Type:</u></b> Private<br/><b><u>Enrollment:</u></b> 4]]></description>
<Point>
<coordinates>-93.980061,29.96326</coordinates>
</Point>
</Placemark>
<Placemark>
<n>HILL COUNTRY CHRISTIAN SCHOOL OF AUSTIN</n>
<styleUrl>#Closed</styleUrl>
<description><![CDATA[<b><u>Address:</u></b> 3351 LITTLE ELM TRL, CEDAR PARK, TX 78613<br/><b><u>Type:</u></b> Private<br/><b><u>Enrollment:</u></b> 560]]></description>
<Point>
<coordinates>-97.819252,30.464406</coordinates>
</Point>
</Placemark>
<Placemark>
<n>HOLY TRINITY CATHOLIC SCHOOL</n>
<styleUrl>#Closed</styleUrl>
<description><![CDATA[<b><u>Address:</u></b> 3750 WILLIAM D TATE AVE, GRAPEVINE, TX 76051<br/><b><u>Type:</u></b> Private<br/><b><u>Enrollment:</u></b> 218]]></description>
<Point>
<coordinates>-97.100561,32.89684</coordinates>
</Point>
</Placemark>
<Placemark>
<n>CALVARY EPISCOPAL SCHOOL</n>
<styleUrl>#Closed</styleUrl>
<description><![CDATA[<b><u>Address:</u></b> 603 SPRING ST, BASTROP, TX 78602<br/><b><u>Type:</u></b> Private<br/><b><u>Enrollment:</u></b> 82]]></description>
<Point>
<coordinates>-97.320681,30.1113956</coordinates>
</Point>
</Placemark>
<Placemark>
<n>COVENANT COMMUNITY SCHOOLS</n>
<styleUrl>#Closed</styleUrl>
<description><![CDATA[<b><u>Address:</u></b> 14 CHISHOLM TRL RD, ROUND ROCK, TX 78681<br/><b><u>Type:</u></b> Private<br/><b><u>Enrollment:</u></b> 45]]></description>
<Point>
<coordinates>-97.690366,30.515973</coordinates>
</Point>
</Placemark>
<Placemark>
<n>TEXAS TORAH INSTITUTE</n>
<styleUrl>#Closed</styleUrl>
<description><![CDATA[<b><u>Address:</u></b> 6506 FRANKFORD RD, DALLAS, TX 75252<br/><b><u>Type:</u></b> Private<br/><b><u>Enrollment:</u></b> 41]]></description>
<Point>
<coordinates>-96.792865,32.997498</coordinates>
</Point>
</Placemark>
<Placemark>
<n>FIRST BAPTIST CHURCH SCHOOL</n>
<styleUrl>#Closed</styleUrl>
<description><![CDATA[<b><u>Address:</u></b> 600 N ST MARY'S, BEEVILLE, TX 78102<br/><b><u>Type:</u></b> Private<br/><b><u>Enrollment:</u></b> 43]]></description>
<Point>
<coordinates>-97.750531,28.40706</coordinates>
</Point>
</Placemark>
<Placemark>
<n>CINCO RANCH MONTESSORI</n>
<styleUrl>#Closed</styleUrl>
<description><![CDATA[<b><u>Address:</u></b> 2530 S PEEK RD, KATY, TX 77450<br/><b><u>Type:</u></b> Private<br/><b><u>Enrollment:</u></b> 10]]></description>
<Point>
<coordinates>-95.769221,29.74504</coordinates>
</Point>
</Placemark>
<Placemark>
<n>THE GREENWOOD PRESCHOOL</n>
<styleUrl>#Closed</styleUrl>
<description><![CDATA[<b><u>Address:</u></b> 12135 MIGHTY OAK DR, HOUSTON, TX 77066<br/><b><u>Type:</u></b> Private<br/><b><u>Enrollment:</u></b> 18]]></description>
<Point>
<coordinates>-95.501431,29.97019</coordinates>
</Point>
</Placemark>
<Placemark>
<n>FAITH LUTHERAN DAY SCHOOL</n>
<styleUrl>#Closed</styleUrl>
<description><![CDATA[<b><u>Address:</u></b> 4600 BELLAIRE BLVD, BELLAIRE, TX 77401<br/><b><u>Type:</u></b> Private<br/><b><u>Enrollment:</u></b> 7]]></description>
<Point>
<coordinates>-95.456211,29.70697</coordinates>
</Point>
</Placemark>
<Placemark>
<n>CYPRESS MONTESSORI SCHOOL</n>
<styleUrl>#Closed</styleUrl>
<description><![CDATA[<b><u>Address:</u></b> 9507 HUFFMEISTER RD, HOUSTON, TX 77095<br/><b><u>Type:</u></b> Private<br/><b><u>Enrollment:</u></b> 12]]></description>
<Point>
<coordinates>-95.631311,29.91557</coordinates>
</Point>
</Placemark>
<Placemark>
<n>EASTRIDGE CHRISTIAN SCHOOL</n>
<styleUrl>#Closed</styleUrl>
<description><![CDATA[<b><u>Address:</u></b> 2701 N TOWN E BLVD, MESQUITE, TX 75150<br/><b><u>Type:</u></b> Private<br/><b><u>Enrollment:</u></b> 5]]></description>
<Point>
<coordinates>-96.640027,32.808197</coordinates>
</Point>
</Placemark>
<Placemark>
<n>THE GALLOWAY SCHOOL</n>
<styleUrl>#Closed</styleUrl>
<description><![CDATA[<b><u>Address:</u></b> 3200 W BAY AREA BLVD, FRIENDSWOOD, TX 77546<br/><b><u>Type:</u></b> Private<br/><b><u>Enrollment:</u></b> 112]]></description>
<Point>
<coordinates>-95.164261,29.51658</coordinates>
</Point>
</Placemark>
<Placemark>
<n>MONTESSORI SCHOOL OF DOWNTOWN</n>
<styleUrl>#Closed</styleUrl>
<description><![CDATA[<b><u>Address:</u></b> 2121 N GRAND BLVD, PEARLAND, TX 77581<br/><b><u>Type:</u></b> Private<br/><b><u>Enrollment:</u></b> 18]]></description>
<Point>
<coordinates>-95.283655,29.567765</coordinates>
</Point>
</Placemark>
<Placemark>
<n>ST JOSEPH CATHOLIC ELEMENTARY AND MONTESSOTIR SCHOOL</n>
<styleUrl>#Closed</styleUrl>
<description><![CDATA[<b><u>Address:</u></b> 4118 S BONHAM ST, AMARILLO, TX 79110<br/><b><u>Type:</u></b> Private<br/><b><u>Enrollment:</u></b> 104]]></description>
<Point>
<coordinates>-101.860041,35.17033</coordinates>
</Point>
</Placemark>
<Placemark>
<n>ST MARY OF CARMEL SCHOOL</n>
<styleUrl>#Closed</styleUrl>
<description><![CDATA[<b><u>Address:</u></b> 1716 SINGLETON BLVD, DALLAS, TX 75212<br/><b><u>Type:</u></b> Private<br/><b><u>Enrollment:</u></b> 134]]></description>
<Point>
<coordinates>-96.847331,32.77754</coordinates>
</Point>
</Placemark>
<Placemark>
<n>ST JEROME CATHOLIC SCHOOL</n>
<styleUrl>#Closed</styleUrl>
<description><![CDATA[<b><u>Address:</u></b> 8825 KEMPWOOD DR, HOUSTON, TX 77080<br/><b><u>Type:</u></b> Private<br/><b><u>Enrollment:</u></b> 127]]></description>
<Point>
<coordinates>-95.511331,29.82048</coordinates>
</Point>
</Placemark>
<Placemark>
<n>ST JOSEPH CATHOLIC SCHOOL</n>
<styleUrl>#Closed</styleUrl>
<description><![CDATA[<b><u>Address:</u></b> 1811 CAROLINA ST, BAYTOWN, TX 77520<br/><b><u>Type:</u></b> Private<br/><b><u>Enrollment:</u></b> 89]]></description>
<Point>
<coordinates>-95.001642,29.724816</coordinates>
</Point>
</Placemark>
<Placemark>
<n>ST JAMES EPISCOPAL SCHOOL</n>
<styleUrl>#Closed</styleUrl>
<description><![CDATA[<b><u>Address:</u></b> 602 S CARANCAHUA ST, CORPUS CHRISTI, TX 78401<br/><b><u>Type:</u></b> Private<br/><b><u>Enrollment:</u></b> 155]]></description>
<Point>
<coordinates>-97.396964,27.78616</coordinates>
</Point>
</Placemark>
<Placemark>
<n>ST JOHNS EPISCOPAL DAY SCHOOL</n>
<styleUrl>#Closed</styleUrl>
<description><![CDATA[<b><u>Address:</u></b> 2500 N 10TH ST, MCALLEN, TX 78501<br/><b><u>Type:</u></b> Private<br/><b><u>Enrollment:</u></b> 154]]></description>
<Point>
<coordinates>-98.225441,26.2264</coordinates>
</Point>
</Placemark>
<Placemark>
<n>ABILENE CHRISTIAN SCHOOLS</n>
<styleUrl>#Closed</styleUrl>
<description><![CDATA[<b><u>Address:</u></b> 2550 N JUDGE ELY BLVD, ABILENE, TX 79601<br/><b><u>Type:</u></b> Private<br/><b><u>Enrollment:</u></b> 380]]></description>
<Point>
<coordinates>-99.709795,32.4795379</coordinates>
</Point>
</Placemark>
<Placemark>
<n>NORTHSIDE BAPTIST SCHOOL</n>
<styleUrl>#Closed</styleUrl>
<description><![CDATA[<b><u>Address:</u></b> 4100 N LAURENT ST, VICTORIA, TX 77901<br/><b><u>Type:</u></b> Private<br/><b><u>Enrollment:</u></b> 44]]></description>
<Point>
<coordinates>-96.992261,28.83082</coordinates>
</Point>
</Placemark>
<Placemark>
<n>JEFFERSON CHRISTIAN ACADEMY</n>
<styleUrl>#Closed</styleUrl>
<description><![CDATA[<b><u>Address:</u></b> 3060 FM 728, JEFFERSON, TX 75657<br/><b><u>Type:</u></b> Private<br/><b><u>Enrollment:</u></b> 14]]></description>
<Point>
<coordinates>-94.404173,32.807133</coordinates>
</Point>
</Placemark>
<Placemark>
<n>FIRST BAPTIST ACADEMY OF UNIVERSAL CITY</n>
<styleUrl>#Closed</styleUrl>
<description><![CDATA[<b><u>Address:</u></b> 1401 PAT BOOKER RD, UNIVERSAL CITY, TX 78148<br/><b><u>Type:</u></b> Private<br/><b><u>Enrollment:</u></b> 256]]></description>
<Point>
<coordinates>-98.301661,29.54964</coordinates>
</Point>
</Placemark>
<Placemark>
<n>FORT WORTH ACADEMY</n>
<styleUrl>#Closed</styleUrl>
<description><![CDATA[<b><u>Address:</u></b> 7301 DUTCH BRANCH RD, FORT WORTH, TX 76132<br/><b><u>Type:</u></b> Private<br/><b><u>Enrollment:</u></b> 169]]></description>
<Point>
<coordinates>-97.421631,32.65152</coordinates>
</Point>
</Placemark>
<Placemark>
<n>LAGUNA MADRE CHRISTIAN ACADEMY</n>
<styleUrl>#Closed</styleUrl>
<description><![CDATA[<b><u>Address:</u></b> 30640 HOLLY BCH, LAGUNA VISTA, TX 78578<br/><b><u>Type:</u></b> Private<br/><b><u>Enrollment:</u></b> 33]]></description>
<Point>
<coordinates>-97.314895,26.115281</coordinates>
</Point>
</Placemark>
<Placemark>
<n>THE JOY SCHOOL</n>
<styleUrl>#Closed</styleUrl>
<description><![CDATA[<b><u>Address:</u></b> 1 CHELSEA BLVD, HOUSTON, TX 77006<br/><b><u>Type:</u></b> Private<br/><b><u>Enrollment:</u></b> 147]]></description>
<Point>
<coordinates>-95.388756,29.7302813</coordinates>
</Point>
</Placemark>
<Placemark>
<n>PARISH EPISCOPAL SCHOOL</n>
<styleUrl>#Closed</styleUrl>
<description><![CDATA[<b><u>Address:</u></b> 4101 SIGMA RD, DALLAS, TX 75244<br/><b><u>Type:</u></b> Private<br/><b><u>Enrollment:</u></b> 1100]]></description>
<Point>
<coordinates>-96.844391,32.93493</coordinates>
</Point>
</Placemark>
<Placemark>
<n>OAK CREST PRIVATE SCHOOL</n>
<styleUrl>#Closed</styleUrl>
<description><![CDATA[<b><u>Address:</u></b> 1200 E JACKSON RD BLDG 2, CARROLLTON, TX 75006<br/><b><u>Type:</u></b> Private<br/><b><u>Enrollment:</u></b> 42]]></description>
<Point>
<coordinates>-96.903071,32.97488</coordinates>
</Point>
</Placemark>
<Placemark>
<n>BAIS MENACHEM HEBREW ACADEMY</n>
<styleUrl>#Closed</styleUrl>
<description><![CDATA[<b><u>Address:</u></b> 3500 HIGH RIDGE DR, AUSTIN, TX 78759<br/><b><u>Type:</u></b> Private<br/><b><u>Enrollment:</u></b> 18]]></description>
<Point>
<coordinates>-97.740719,30.374666</coordinates>
</Point>
</Placemark>
<Placemark>
<n>BLESSED HOPE ACADEMY</n>
<styleUrl>#Closed</styleUrl>
<description><![CDATA[<b><u>Address:</u></b> 3355 CHERRY RIDGE DR STE 200A, SAN ANTONIO, TX 78230<br/><b><u>Type:</u></b> Private<br/><b><u>Enrollment:</u></b> 41]]></description>
<Point>
<coordinates>-98.548061,29.50932</coordinates>
</Point>
</Placemark>
<Placemark>
<n>BUCKNER FANNING SCHOOL AT MISSION SPRINGS</n>
<styleUrl>#Closed</styleUrl>
<description><![CDATA[<b><u>Address:</u></b> 975 MISSION SPRINGS, SAN ANTONIO, TX 78258<br/><b><u>Type:</u></b> Private<br/><b><u>Enrollment:</u></b> 90]]></description>
<Point>
<coordinates>-98.479372,29.664918</coordinates>
</Point>
</Placemark>
<Placemark>
<n>CROSS POINT PRESCHOOL KATY</n>
<styleUrl>#Closed</styleUrl>
<description><![CDATA[<b><u>Address:</u></b> 700 WESTGREEN BLVD, KATY, TX 77450<br/><b><u>Type:</u></b> Private<br/><b><u>Enrollment:</u></b> 17]]></description>
<Point>
<coordinates>-95.737142,29.779185</coordinates>
</Point>
</Placemark>
<Placemark>
<n>FAITH ACADEMY</n>
<styleUrl>#Closed</styleUrl>
<description><![CDATA[<b><u>Address:</u></b> 539 WACO CIR, VICTORIA, TX 77904<br/><b><u>Type:</u></b> Private<br/><b><u>Enrollment:</u></b> 241]]></description>
<Point>
<coordinates>-96.923851,28.84394</coordinates>
</Point>
</Placemark>
<Placemark>
<n>KIDS R KIDS NO. 57 LIBERTY FIELD</n>
<styleUrl>#Closed</styleUrl>
<description><![CDATA[<b><u>Address:</u></b> 10606 LIBERTY FIELD RD, SAN ANTONIO, TX 78254<br/><b><u>Type:</u></b> Private<br/><b><u>Enrollment:</u></b> 9]]></description>
<Point>
<coordinates>-98.7006388,29.5073617</coordinates>
</Point>
</Placemark>
<Placemark>
<n>PORTER CHRISTIAN ACADEMY</n>
<styleUrl>#Closed</styleUrl>
<description><![CDATA[<b><u>Address:</u></b> 24142 LOOP 494, PORTER, TX 77365<br/><b><u>Type:</u></b> Private<br/><b><u>Enrollment:</u></b> 65]]></description>
<Point>
<coordinates>-95.232161,30.09719</coordinates>
</Point>
</Placemark>
<Placemark>
<n>WHOLE LIFE LEARNING CENTER</n>
<styleUrl>#Closed</styleUrl>
<description><![CDATA[<b><u>Address:</u></b> 10801 OLD SAN ANTONIO RD, AUSTIN, TX 78748<br/><b><u>Type:</u></b> Private<br/><b><u>Enrollment:</u></b> 62]]></description>
<Point>
<coordinates>-97.799001,30.14726</coordinates>
</Point>
</Placemark>
<Placemark>
<n>GREENGATE ACADEMY INC</n>
<styleUrl>#Closed</styleUrl>
<description><![CDATA[<b><u>Address:</u></b> 18490 KUYKENDAHL RD, SPRING, TX 77379<br/><b><u>Type:</u></b> Private<br/><b><u>Enrollment:</u></b> 10]]></description>
<Point>
<coordinates>-95.485621,30.03973</coordinates>
</Point>
</Placemark>
<Placemark>
<n>KIDS R KIDS #58</n>
<styleUrl>#Closed</styleUrl>
<description><![CDATA[<b><u>Address:</u></b> 4516 MAUMEE DR, CARROLLTON, TX 75010<br/><b><u>Type:</u></b> Private<br/><b><u>Enrollment:</u></b> 13]]></description>
<Point>
<coordinates>-96.920981,33.03258</coordinates>
</Point>
</Placemark>
<Placemark>
<n>METHODIST DAY SCHOOL</n>
<styleUrl>#Closed</styleUrl>
<description><![CDATA[<b><u>Address:</u></b> 4308 W DAVIS, CONROE, TX 77304<br/><b><u>Type:</u></b> Private<br/><b><u>Enrollment:</u></b> 15]]></description>
<Point>
<coordinates>-95.508422,30.33247</coordinates>
</Point>
</Placemark>
<Placemark>
<n>SCHOOL FOR LITTLE CHILDREN</n>
<styleUrl>#Closed</styleUrl>
<description><![CDATA[<b><u>Address:</u></b> 400 N FREDONIA ST, LONGVIEW, TX 75601<br/><b><u>Type:</u></b> Private<br/><b><u>Enrollment:</u></b> 33]]></description>
<Point>
<coordinates>-94.736831,32.49783</coordinates>
</Point>
</Placemark>
<Placemark>
<n>TRINITY LEARNING CENTER</n>
<styleUrl>#Closed</styleUrl>
<description><![CDATA[<b><u>Address:</u></b> 633 HOBSON LN, DENTON, TX 76205<br/><b><u>Type:</u></b> Private<br/><b><u>Enrollment:</u></b> 8]]></description>
<Point>
<coordinates>-97.1252395,33.1766271</coordinates>
</Point>
</Placemark>
<Placemark>
<n>SILVER SADDLE CHRISTIAN ACADEMY</n>
<styleUrl>#Closed</styleUrl>
<description><![CDATA[<b><u>Address:</u></b> 17843 E FM 1188, BLUFF DALE, TX 76433<br/><b><u>Type:</u></b> Private<br/><b><u>Enrollment:</u></b> 7]]></description>
<Point>
<coordinates>-98.055241,32.3531</coordinates>
</Point>
</Placemark>
<Placemark>
<n>CORAM DEO ACADEMY OF COLLIN COUNTY</n>
<styleUrl>#Closed</styleUrl>
<description><![CDATA[<b><u>Address:</u></b> 9645 INDEPENDENCE PKWY, PLANO, TX 75025<br/><b><u>Type:</u></b> Private<br/><b><u>Enrollment:</u></b> 535]]></description>
<Point>
<coordinates>-96.751805,33.110271</coordinates>
</Point>
</Placemark>
<Placemark>
<n>MESSIAHS KIDS PRESCHOOL</n>
<styleUrl>#Closed</styleUrl>
<description><![CDATA[<b><u>Address:</u></b> 9401 DIETZ ELKHORN RD, BOERNE, TX 78015<br/><b><u>Type:</u></b> Private<br/><b><u>Enrollment:</u></b> 59]]></description>
<Point>
<coordinates>-98.6739495,29.7320814</coordinates>
</Point>
</Placemark>
<Placemark>
<n>MOLO BILINGUAL MONTESSORI SCHOOL</n>
<styleUrl>#Closed</styleUrl>
<description><![CDATA[<b><u>Address:</u></b> 3535 WILCREST DR, HOUSTON, TX 77042<br/><b><u>Type:</u></b> Private<br/><b><u>Enrollment:</u></b> 11]]></description>
<Point>
<coordinates>-95.57096,29.724939</coordinates>
</Point>
</Placemark>
<Placemark>
<n>ST MARY CATHOLIC SCHOOL</n>
<styleUrl>#Closed</styleUrl>
<description><![CDATA[<b><u>Address:</u></b> 1612 E WALKER ST, LEAGUE CITY, TX 77573<br/><b><u>Type:</u></b> Private<br/><b><u>Enrollment:</u></b> 213]]></description>
<Point>
<coordinates>-95.078728,29.514272</coordinates>
</Point>
</Placemark>
<Placemark>
<n>MT PLEASANT CHRISTIAN SCHOOL</n>
<styleUrl>#Closed</styleUrl>
<description><![CDATA[<b><u>Address:</u></b> 300 S FLOREY AVE, MOUNT PLEASANT, TX 75455<br/><b><u>Type:</u></b> Private<br/><b><u>Enrollment:</u></b> 11]]></description>
<Point>
<coordinates>-94.959391,33.15485</coordinates>
</Point>
</Placemark>
<Placemark>
<n>THE MAGELLAN INTERNATIONAL SCHOOL</n>
<styleUrl>#Closed</styleUrl>
<description><![CDATA[<b><u>Address:</u></b> 7938 GREAT NORTHERN BLVD, AUSTIN, TX 78757<br/><b><u>Type:</u></b> Private<br/><b><u>Enrollment:</u></b> 413]]></description>
<Point>
<coordinates>-97.742151,30.36316</coordinates>
</Point>
</Placemark>
<Placemark>
<n>ATHENS CHRISTIAN PREPARATORY ACADEMY</n>
<styleUrl>#Closed</styleUrl>
<description><![CDATA[<b><u>Address:</u></b> 2621 US HIGHWAY 175 E, ATHENS, TX 75751<br/><b><u>Type:</u></b> Private<br/><b><u>Enrollment:</u></b> 175]]></description>
<Point>
<coordinates>-95.814441,32.19292</coordinates>
</Point>
</Placemark>
<Placemark>
<n>BROWNSVILLE MONTESSORI ACADEMY</n>
<styleUrl>#Closed</styleUrl>
<description><![CDATA[<b><u>Address:</u></b> 36 S CORIA ST, BROWNSVILLE, TX 78520<br/><b><u>Type:</u></b> Private<br/><b><u>Enrollment:</u></b> 36]]></description>
<Point>
<coordinates>-97.509811,25.92286</coordinates>
</Point>
</Placemark>
<Placemark>
<n>CHOICES LEADERSHIP ACADEMY</n>
<styleUrl>#Closed</styleUrl>
<description><![CDATA[<b><u>Address:</u></b> 18106 MARSH LN, DALLAS, TX 75287<br/><b><u>Type:</u></b> Private<br/><b><u>Enrollment:</u></b> 17]]></description>
<Point>
<coordinates>-96.8551546,32.9974394</coordinates>
</Point>
</Placemark>
<Placemark>
<n>BLOOMING SCHOLARS MONTESSORI SCHOOL</n>
<styleUrl>#Closed</styleUrl>
<description><![CDATA[<b><u>Address:</u></b> 405 W MAIN ST, ROUND ROCK, TX 78664<br/><b><u>Type:</u></b> Private<br/><b><u>Enrollment:</u></b> 14]]></description>
<Point>
<coordinates>-97.682265,30.507323</coordinates>
</Point>
</Placemark>
<Placemark>
<n>CREME DE LA CREME</n>
<styleUrl>#Closed</styleUrl>
<description><![CDATA[<b><u>Address:</u></b> 9375 LEGACY DR, FRISCO, TX 75033<br/><b><u>Type:</u></b> Private<br/><b><u>Enrollment:</u></b> 15]]></description>
<Point>
<coordinates>-96.849041,33.1562</coordinates>
</Point>
</Placemark>
<Placemark>
<n>LLANO CHRISTIAN ACADEMY</n>
<styleUrl>#Closed</styleUrl>
<description><![CDATA[<b><u>Address:</u></b> 507 E GREEN ST, LLANO, TX 78643<br/><b><u>Type:</u></b> Private<br/><b><u>Enrollment:</u></b> 60]]></description>
<Point>
<coordinates>-98.670681,30.74538</coordinates>
</Point>
</Placemark>
<Placemark>
<n>PRIMROSE SCHOOL OF WEST PEARLAND</n>
<styleUrl>#Closed</styleUrl>
<description><![CDATA[<b><u>Address:</u></b> 1751 KIRBY ST, PEARLAND, TX 77584<br/><b><u>Type:</u></b> Private<br/><b><u>Enrollment:</u></b> 10]]></description>
<Point>
<coordinates>-95.399959,29.581203</coordinates>
</Point>
</Placemark>
<Placemark>
<n>COLLIN COUNTY CORNERSTONE CHRISTIAN ACADEMY</n>
<styleUrl>#Closed</styleUrl>
<description><![CDATA[<b><u>Address:</u></b> 808 S COLLEGE ST, MCKINNEY, TX 75069<br/><b><u>Type:</u></b> Private<br/><b><u>Enrollment:</u></b> 367]]></description>
<Point>
<coordinates>-96.621871,33.19077</coordinates>
</Point>
</Placemark>
<Placemark>
<n>ST MICHAEL CATHOLIC SCHOOL - HOUSTON</n>
<styleUrl>#Closed</styleUrl>
<description><![CDATA[<b><u>Address:</u></b> 1833 SAGE RD, HOUSTON, TX 77056<br/><b><u>Type:</u></b> Private<br/><b><u>Enrollment:</u></b> 435]]></description>
<Point>
<coordinates>-95.466765,29.747659</coordinates>
</Point>
</Placemark>
<Placemark>
<n>FAITH CHRISTIAN ACADEMY</n>
<styleUrl>#Closed</styleUrl>
<description><![CDATA[<b><u>Address:</u></b> 5227 FM 1301 RD, WHARTON, TX 77488<br/><b><u>Type:</u></b> Private<br/><b><u>Enrollment:</u></b> 35]]></description>
<Point>
<coordinates>-96.018521,29.31165</coordinates>
</Point>
</Placemark>
<Placemark>
<n>MONTESSORI MASTERY SCHOOL OF ODESSA</n>
<styleUrl>#Closed</styleUrl>
<description><![CDATA[<b><u>Address:</u></b> 1415 N GRANDVIEW AVE, ODESSA, TX 79761<br/><b><u>Type:</u></b> Private<br/><b><u>Enrollment:</u></b> 113]]></description>
<Point>
<coordinates>-102.346241,31.86711</coordinates>
</Point>
</Placemark>
<Placemark>
<n>PRIMROSE SCHOOL OF KINGWOOD</n>
<styleUrl>#Closed</styleUrl>
<description><![CDATA[<b><u>Address:</u></b> 2311 GREEN OAK DR, KINGWOOD, TX 77339<br/><b><u>Type:</u></b> Private<br/><b><u>Enrollment:</u></b> 12]]></description>
<Point>
<coordinates>-95.234921,30.04699</coordinates>
</Point>
</Placemark>
<Placemark>
<n>BEREAN CHRISTIAN ACADEMY</n>
<styleUrl>#Closed</styleUrl>
<description><![CDATA[<b><u>Address:</u></b> 1407 W GRAND PKWY S, KATY, TX 77494<br/><b><u>Type:</u></b> Private<br/><b><u>Enrollment:</u></b> 605]]></description>
<Point>
<coordinates>-95.774571,29.75907</coordinates>
</Point>
</Placemark>
<Placemark>
<n>THE MOMENTUM ACADEMY</n>
<styleUrl>#Closed</styleUrl>
<description><![CDATA[<b><u>Address:</u></b> 2732 FM 528, WEBSTER, TX 77598<br/><b><u>Type:</u></b> Private<br/><b><u>Enrollment:</u></b> 23]]></description>
<Point>
<coordinates>-95.156378,29.523763</coordinates>
</Point>
</Placemark>
<Placemark>
<n>FIRST BAPTIST CHURCH SCHOOL</n>
<styleUrl>#Closed</styleUrl>
<description><![CDATA[<b><u>Address:</u></b> 302 PAHL ST, BRENHAM, TX 77833<br/><b><u>Type:</u></b> Private<br/><b><u>Enrollment:</u></b> 111]]></description>
<Point>
<coordinates>-96.39629,30.170113</coordinates>
</Point>
</Placemark>
<Placemark>
<n>JESUS CHAPEL SCHOOL</n>
<styleUrl>#Closed</styleUrl>
<description><![CDATA[<b><u>Address:</u></b> 10200 ALBUM AVE, EL PASO, TX 79925<br/><b><u>Type:</u></b> Private<br/><b><u>Enrollment:</u></b> 90]]></description>
<Point>
<coordinates>-106.345851,31.78112</coordinates>
</Point>
</Placemark>
<Placemark>
<n>KATY GT ACADEMY</n>
<styleUrl>#Closed</styleUrl>
<description><![CDATA[<b><u>Address:</u></b> 21020 HIGHLAND KNOLLS DR, KATY, TX 77450<br/><b><u>Type:</u></b> Private<br/><b><u>Enrollment:</u></b> 5]]></description>
<Point>
<coordinates>-95.732414,29.7599895</coordinates>
</Point>
</Placemark>
<Placemark>
<n>ST IGNATIUS COLLEGE PREP</n>
<styleUrl>#Closed</styleUrl>
<description><![CDATA[<b><u>Address:</u></b> 8109 SHELTON DR, FORT WORTH, TX 76120<br/><b><u>Type:</u></b> Private<br/><b><u>Enrollment:</u></b> 24]]></description>
<Point>
<coordinates>-97.1769087,32.7479744</coordinates>
</Point>
</Placemark>
<Placemark>
<n>CONCORDIA HIGH SCHOOL</n>
<styleUrl>#Closed</styleUrl>
<description><![CDATA[<b><u>Address:</u></b> 1201 S HEATHERWILDE BLVD, ROUND ROCK, TX 78660<br/><b><u>Type:</u></b> Private<br/><b><u>Enrollment:</u></b> 107]]></description>
<Point>
<coordinates>-97.647413,30.435255</coordinates>
</Point>
</Placemark>
<Placemark>
<n>HOPE CHILDREN'S CENTER</n>
<styleUrl>#Closed</styleUrl>
<description><![CDATA[<b><u>Address:</u></b> 11512 OLSON DR, AUSTIN, TX 78750<br/><b><u>Type:</u></b> Private<br/><b><u>Enrollment:</u></b> 15]]></description>
<Point>
<coordinates>-97.805691,30.44537</coordinates>
</Point>
</Placemark>
<Placemark>
<n>RAINARD SCHOOL</n>
<styleUrl>#Closed</styleUrl>
<description><![CDATA[<b><u>Address:</u></b> 11059 TIMBERLINE RD, HOUSTON, TX 77043<br/><b><u>Type:</u></b> Private<br/><b><u>Enrollment:</u></b> 36]]></description>
<Point>
<coordinates>-95.578501,29.79236</coordinates>
</Point>
</Placemark>
<Placemark>
<n>FAITH CHRISTIAN ACADEMY</n>
<styleUrl>#Closed</styleUrl>
<description><![CDATA[<b><u>Address:</u></b> 3519 BURKE RD, PASADENA, TX 77504<br/><b><u>Type:</u></b> Private<br/><b><u>Enrollment:</u></b> 124]]></description>
<Point>
<coordinates>-95.185733,29.657016</coordinates>
</Point>
</Placemark>
<Placemark>
<n>ST LUKE CATHOLIC SCHOOL</n>
<styleUrl>#Closed</styleUrl>
<description><![CDATA[<b><u>Address:</u></b> 4603 MANITOU, SAN ANTONIO, TX 78228<br/><b><u>Type:</u></b> Private<br/><b><u>Enrollment:</u></b> 389]]></description>
<Point>
<coordinates>-98.575311,29.48684</coordinates>
</Point>
</Placemark>
<Placemark>
<n>ST FRANCIS DE SALES SCHOOL</n>
<styleUrl>#Closed</styleUrl>
<description><![CDATA[<b><u>Address:</u></b> 8100 ROOS RD, HOUSTON, TX 77036<br/><b><u>Type:</u></b> Private<br/><b><u>Enrollment:</u></b> 213]]></description>
<Point>
<coordinates>-95.528302,29.700203</coordinates>
</Point>
</Placemark>
<Placemark>
<n>HOLY ROSARY CATHOLIC SCHOOL</n>
<styleUrl>#Closed</styleUrl>
<description><![CDATA[<b><u>Address:</u></b> 1426 GEORGE ST, ROSENBERG, TX 77471<br/><b><u>Type:</u></b> Private<br/><b><u>Enrollment:</u></b> 125]]></description>
<Point>
<coordinates>-95.818088,29.553535</coordinates>
</Point>
</Placemark>
<Placemark>
<n>ST MARYS CENTRAL CATHOLIC SCHOOL</n>
<styleUrl>#Closed</styleUrl>
<description><![CDATA[<b><u>Address:</u></b> 1703 ADAMS AVE, ODESSA, TX 79761<br/><b><u>Type:</u></b> Private<br/><b><u>Enrollment:</u></b> 193]]></description>
<Point>
<coordinates>-102.371691,31.86255</coordinates>
</Point>
</Placemark>
<Placemark>
<n>OUR REDEEMER LUTHERAN SCHOOL</n>
<styleUrl>#Closed</styleUrl>
<description><![CDATA[<b><u>Address:</u></b> 7611 PARK LN, DALLAS, TX 75225<br/><b><u>Type:</u></b> Private<br/><b><u>Enrollment:</u></b> 87]]></description>
<Point>
<coordinates>-96.7752227,32.872495</coordinates>
</Point>
</Placemark>
<Placemark>
<n>SCHOOL OF THE WOODS</n>
<styleUrl>#Closed</styleUrl>
<description><![CDATA[<b><u>Address:</u></b> 1321 WIRT RD, HOUSTON, TX 77055<br/><b><u>Type:</u></b> Private<br/><b><u>Enrollment:</u></b> 522]]></description>
<Point>
<coordinates>-95.485626,29.7935779</coordinates>
</Point>
</Placemark>
<Placemark>
<n>URSULINE ACADEMY OF DALLAS</n>
<styleUrl>#Closed</styleUrl>
<description><![CDATA[<b><u>Address:</u></b> 4900 WALNUT HILL LN, DALLAS, TX 75229<br/><b><u>Type:</u></b> Private<br/><b><u>Enrollment:</u></b> 870]]></description>
<Point>
<coordinates>-96.823451,32.87845</coordinates>
</Point>
</Placemark>
<Placemark>
<n>ANN AND NATE LEVINE ACADEMY</n>
<styleUrl>#Closed</styleUrl>
<description><![CDATA[<b><u>Address:</u></b> 18011 HILLCREST RD, DALLAS, TX 75252<br/><b><u>Type:</u></b> Private<br/><b><u>Enrollment:</u></b> 243]]></description>
<Point>
<coordinates>-96.785692,32.99621</coordinates>
</Point>
</Placemark>
<Placemark>
<n>CHRIST THE KING CATHEDRAL SCHOOL</n>
<styleUrl>#Closed</styleUrl>
<description><![CDATA[<b><u>Address:</u></b> 4011 54TH ST, LUBBOCK, TX 79413<br/><b><u>Type:</u></b> Private<br/><b><u>Enrollment:</u></b> 254]]></description>
<Point>
<coordinates>-101.899788,33.543664</coordinates>
</Point>
</Placemark>
<Placemark>
<n>ST THERESAS CATHOLIC SCHOOL</n>
<styleUrl>#Closed</styleUrl>
<description><![CDATA[<b><u>Address:</u></b> 4311 SMALL DR, AUSTIN, TX 78731<br/><b><u>Type:</u></b> Private<br/><b><u>Enrollment:</u></b> 289]]></description>
<Point>
<coordinates>-97.775851,30.34409</coordinates>
</Point>
</Placemark>
<Placemark>
<n>LAKELAND CHRISTIAN ACADEMY</n>
<styleUrl>#Closed</styleUrl>
<description><![CDATA[<b><u>Address:</u></b> 397 S STEMMONS FWY, LEWISVILLE, TX 75067<br/><b><u>Type:</u></b> Private<br/><b><u>Enrollment:</u></b> 154]]></description>
<Point>
<coordinates>-97.0089676,33.0438095</coordinates>
</Point>
</Placemark>
<Placemark>
<n>REGENTS SCHOOL OF AUSTIN</n>
<styleUrl>#Closed</styleUrl>
<description><![CDATA[<b><u>Address:</u></b> 3230 TRAVIS COUNTRY CIR, AUSTIN, TX 78735<br/><b><u>Type:</u></b> Private<br/><b><u>Enrollment:</u></b> 1043]]></description>
<Point>
<coordinates>-97.8438521,30.2544353</coordinates>
</Point>
</Placemark>
<Placemark>
<n>GREAT LAKES ACADEMY</n>
<styleUrl>#Closed</styleUrl>
<description><![CDATA[<b><u>Address:</u></b> 6000 CUSTER RD BLDG 7, PLANO, TX 75023<br/><b><u>Type:</u></b> Private<br/><b><u>Enrollment:</u></b> 84]]></description>
<Point>
<coordinates>-96.73062,33.056214</coordinates>
</Point>
</Placemark>
<Placemark>
<n>HOLY TRINITY EPISCOPAL SCHOOL OF GREATER HOUSTON</n>
<styleUrl>#Closed</styleUrl>
<description><![CDATA[<b><u>Address:</u></b> 11810 LOCKWOOD RD, HOUSTON, TX 77044<br/><b><u>Type:</u></b> Private<br/><b><u>Enrollment:</u></b> 30]]></description>
<Point>
<coordinates>-95.208751,29.89448</coordinates>
</Point>
</Placemark>
<Placemark>
<n>AMBLESIDE SCHOOL OF SAN ANGELO</n>
<styleUrl>#Closed</styleUrl>
<description><![CDATA[<b><u>Address:</u></b> 511 W HARRIS AVE, SAN ANGELO, TX 76903<br/><b><u>Type:</u></b> Private<br/><b><u>Enrollment:</u></b> 83]]></description>
<Point>
<coordinates>-100.447011,31.46038</coordinates>
</Point>
</Placemark>
<Placemark>
<n>ACE ACADEMY</n>
<styleUrl>#Closed</styleUrl>
<description><![CDATA[<b><u>Address:</u></b> 3901 SHOAL CREEK BLVD, AUSTIN, TX 78756<br/><b><u>Type:</u></b> Private<br/><b><u>Enrollment:</u></b> 65]]></description>
<Point>
<coordinates>-97.747571,30.30825</coordinates>
</Point>
</Placemark>
<Placemark>
<n>ST JOSEPH HIGH SCHOOL</n>
<styleUrl>#Closed</styleUrl>
<description><![CDATA[<b><u>Address:</u></b> 110 E RED RIVER ST, VICTORIA, TX 77901<br/><b><u>Type:</u></b> Private<br/><b><u>Enrollment:</u></b> 292]]></description>
<Point>
<coordinates>-97.002702,28.813281</coordinates>
</Point>
</Placemark>
<Placemark>
<n>ST PIUS X CATHOLIC SCHOOL</n>
<styleUrl>#Closed</styleUrl>
<description><![CDATA[<b><u>Address:</u></b> 737 SAINT PIUS DR, CORPUS CHRISTI, TX 78412<br/><b><u>Type:</u></b> Private<br/><b><u>Enrollment:</u></b> 109]]></description>
<Point>
<coordinates>-97.363917,27.719025</coordinates>
</Point>
</Placemark>
<Placemark>
<n>ST BERNARD OF CLAIRVAUX SCHOOL</n>
<styleUrl>#Closed</styleUrl>
<description><![CDATA[<b><u>Address:</u></b> 1420 OLD GATE LN, DALLAS, TX 75218<br/><b><u>Type:</u></b> Private<br/><b><u>Enrollment:</u></b> 128]]></description>
<Point>
<coordinates>-96.704475,32.825685</coordinates>
</Point>
</Placemark>
<Placemark>
<n>MARY IMMACULATE CATHOLIC SCHOOL</n>
<styleUrl>#Closed</styleUrl>
<description><![CDATA[<b><u>Address:</u></b> 14032 DENNIS LN, FARMERS BRANCH, TX 75234<br/><b><u>Type:</u></b> Private<br/><b><u>Enrollment:</u></b> 384]]></description>
<Point>
<coordinates>-96.884341,32.93679</coordinates>
</Point>
</Placemark>
<Placemark>
<n>ST STEPHENS EPISCOPAL SCHOOL</n>
<styleUrl>#Closed</styleUrl>
<description><![CDATA[<b><u>Address:</u></b> 6500 SAINT STEPHENS DR, AUSTIN, TX 78746<br/><b><u>Type:</u></b> Private<br/><b><u>Enrollment:</u></b> 699]]></description>
<Point>
<coordinates>-97.818554,30.330108</coordinates>
</Point>
</Placemark>
<Placemark>
<n>GRACE LUTHERAN SCHOOL</n>
<styleUrl>#Closed</styleUrl>
<description><![CDATA[<b><u>Address:</u></b> 1212 W JEFFERSON ST, BRENHAM, TX 77833<br/><b><u>Type:</u></b> Private<br/><b><u>Enrollment:</u></b> 51]]></description>
<Point>
<coordinates>-96.415181,30.16883</coordinates>
</Point>
</Placemark>
<Placemark>
<n>ST MATTHEW'S EPISCOPAL SCHOOL</n>
<styleUrl>#Closed</styleUrl>
<description><![CDATA[<b><u>Address:</u></b> 2620 CRESTVIEW DR, EDINBURG, TX 78539<br/><b><u>Type:</u></b> Private<br/><b><u>Enrollment:</u></b> 48]]></description>
<Point>
<coordinates>-98.165349,26.276438</coordinates>
</Point>
</Placemark>
<Placemark>
<n>FAITH ACADEMY</n>
<styleUrl>#Closed</styleUrl>
<description><![CDATA[<b><u>Address:</u></b> 2002 E MOCKINGBIRD LN, VICTORIA, TX 77904<br/><b><u>Type:</u></b> Private<br/><b><u>Enrollment:</u></b> 238]]></description>
<Point>
<coordinates>-96.988205,28.839472</coordinates>
</Point>
</Placemark>
<Placemark>
<n>TAYLOR CHRISTIAN SCHOOL</n>
<styleUrl>#Closed</styleUrl>
<description><![CDATA[<b><u>Address:</u></b> 2021 W JACKSON AVE, MCALLEN, TX 78501<br/><b><u>Type:</u></b> Private<br/><b><u>Enrollment:</u></b> 7]]></description>
<Point>
<coordinates>-98.243061,26.19556</coordinates>
</Point>
</Placemark>
<Placemark>
<n>JOSHUA CHRISTIAN ACADEMY</n>
<styleUrl>#Closed</styleUrl>
<description><![CDATA[<b><u>Address:</u></b> 508 N BROADWAY ST, JOSHUA, TX 76058<br/><b><u>Type:</u></b> Private<br/><b><u>Enrollment:</u></b> 145]]></description>
<Point>
<coordinates>-97.379154,32.479515</coordinates>
</Point>
</Placemark>
<Placemark>
<n>RAWSON-SAUNDERS-AUSTIN AREA SCHOOL FOR DYSLEXICS</n>
<styleUrl>#Closed</styleUrl>
<description><![CDATA[<b><u>Address:</u></b> 2614A EXPOSITION BLVD, AUSTIN, TX 78703<br/><b><u>Type:</u></b> Private<br/><b><u>Enrollment:</u></b> 199]]></description>
<Point>
<coordinates>-97.76741,30.302504</coordinates>
</Point>
</Placemark>
<Placemark>
<n>WIMBERLEY MONTESSORI</n>
<styleUrl>#Closed</styleUrl>
<description><![CDATA[<b><u>Address:</u></b> 45 LA BUENA VISTA DR, WIMBERLEY, TX 78676<br/><b><u>Type:</u></b> Private<br/><b><u>Enrollment:</u></b> 45]]></description>
<Point>
<coordinates>-98.112068,30.008586</coordinates>
</Point>
</Placemark>
<Placemark>
<n>THE PREP SCHOOL</n>
<styleUrl>#Closed</styleUrl>
<description><![CDATA[<b><u>Address:</u></b> 720 N 6TH ST, LONGVIEW, TX 75601<br/><b><u>Type:</u></b> Private<br/><b><u>Enrollment:</u></b> 14]]></description>
<Point>
<coordinates>-94.728611,32.5</coordinates>
</Point>
</Placemark>
<Placemark>
<n>KOAN SCHOOL</n>
<styleUrl>#Closed</styleUrl>
<description><![CDATA[<b><u>Address:</u></b> 6441 FISHTRAP RD, DENTON, TX 76208<br/><b><u>Type:</u></b> Private<br/><b><u>Enrollment:</u></b> 125]]></description>
<Point>
<coordinates>-97.058891,33.24015</coordinates>
</Point>
</Placemark>
<Placemark>
<n>MACEDONIAN CHRISTIAN ACADEMY</n>
<styleUrl>#Closed</styleUrl>
<description><![CDATA[<b><u>Address:</u></b> 135 STATE HIGHWAY 495, ALAMO, TX 78516<br/><b><u>Type:</u></b> Private<br/><b><u>Enrollment:</u></b> 201]]></description>
<Point>
<coordinates>-98.094684,26.198615</coordinates>
</Point>
</Placemark>
<Placemark>
<n>RED COMET</n>
<styleUrl>#Closed</styleUrl>
<description><![CDATA[<b><u>Address:</u></b> 13259 TALL GRASS TRL, FRISCO, TX 75035<br/><b><u>Type:</u></b> Private<br/><b><u>Enrollment:</u></b> 1297]]></description>
<Point>
<coordinates>-96.763291,33.13377</coordinates>
</Point>
</Placemark>
<Placemark>
<n>ST JOHN LUTHERAN PRESCHOOL KINDER/BRIDGE</n>
<styleUrl>#Closed</styleUrl>
<description><![CDATA[<b><u>Address:</u></b> 122 CHEYENNE MESA, HAMILTON, TX 76531<br/><b><u>Type:</u></b> Private<br/><b><u>Enrollment:</u></b> 5]]></description>
<Point>
<coordinates>-98.101209,31.702189</coordinates>
</Point>
</Placemark>
<Placemark>
<n>CHILDRENS BUILDING BLOCKS</n>
<styleUrl>#Closed</styleUrl>
<description><![CDATA[<b><u>Address:</u></b> 1010 INWOOD ST, TOMBALL, TX 77375<br/><b><u>Type:</u></b> Private<br/><b><u>Enrollment:</u></b> 35]]></description>
<Point>
<coordinates>-95.6257225,30.1002598</coordinates>
</Point>
</Placemark>
<Placemark>
<n>GUIDEPOST MONTESSORI TIMBER RIDGE</n>
<styleUrl>#Closed</styleUrl>
<description><![CDATA[<b><u>Address:</u></b> 2550 TIMBER RIDGE DR, FRISCO, TX 75034<br/><b><u>Type:</u></b> Private<br/><b><u>Enrollment:</u></b> 3]]></description>
<Point>
<coordinates>-96.868361,33.12977</coordinates>
</Point>
</Placemark>
<Placemark>
<n>SIERRA VISTA CHILD DEVELOPMENT CENTER</n>
<styleUrl>#Closed</styleUrl>
<description><![CDATA[<b><u>Address:</u></b> 4522 COLLEGE HILLS BLVD, SAN ANGELO, TX 76904<br/><b><u>Type:</u></b> Private<br/><b><u>Enrollment:</u></b> 13]]></description>
<Point>
<coordinates>-100.484881,31.41773</coordinates>
</Point>
</Placemark>
<Placemark>
<n>THE LILYPAD GARDEN SCHOOL</n>
<styleUrl>#Closed</styleUrl>
<description><![CDATA[<b><u>Address:</u></b> 18952 REDLAND RD STE 1, SAN ANTONIO, TX 78259<br/><b><u>Type:</u></b> Private<br/><b><u>Enrollment:</u></b> 14]]></description>
<Point>
<coordinates>-98.4534189,29.6167708</coordinates>
</Point>
</Placemark>
<Placemark>
<n>TRADITIONS MONTESSORI SCHOOL</n>
<styleUrl>#Closed</styleUrl>
<description><![CDATA[<b><u>Address:</u></b> 2668 BARRON RD, COLLEGE STATION, TX 77845<br/><b><u>Type:</u></b> Private<br/><b><u>Enrollment:</u></b> 38]]></description>
<Point>
<coordinates>-96.290851,30.55739</coordinates>
</Point>
</Placemark>
<Placemark>
<n>ORION HIGH SCHOOL</n>
<styleUrl>#Closed</styleUrl>
<description><![CDATA[<b><u>Address:</u></b> 4500 W ILLINOIS AVE, MIDLAND, TX 79703<br/><b><u>Type:</u></b> Private<br/><b><u>Enrollment:</u></b> 291]]></description>
<Point>
<coordinates>-102.136523,31.988205</coordinates>
</Point>
</Placemark>
<Placemark>
<n>PRIMROSE SCHOOL OF COPPERFIELD</n>
<styleUrl>#Closed</styleUrl>
<description><![CDATA[<b><u>Address:</u></b> 15550 RIDGE PARK DR, HOUSTON, TX 77095<br/><b><u>Type:</u></b> Private<br/><b><u>Enrollment:</u></b> 18]]></description>
<Point>
<coordinates>-95.64242,29.887047</coordinates>
</Point>
</Placemark>
<Placemark>
<n>ESCUELA HISPANOAMERICANA DE TEXAS</n>
<styleUrl>#Closed</styleUrl>
<description><![CDATA[<b><u>Address:</u></b> 12507 FITZHUGH RD, AUSTIN, TX 78736<br/><b><u>Type:</u></b> Private<br/><b><u>Enrollment:</u></b> 9]]></description>
<Point>
<coordinates>-97.984805,30.231369</coordinates>
</Point>
</Placemark>
<Placemark>
<n>REDROSE MONTESSORI SCHOOL</n>
<styleUrl>#Closed</styleUrl>
<description><![CDATA[<b><u>Address:</u></b> 11808 SPRING CYPRESS RD, TOMBALL, TX 77377<br/><b><u>Type:</u></b> Private<br/><b><u>Enrollment:</u></b> 15]]></description>
<Point>
<coordinates>-95.6047593,30.0133622</coordinates>
</Point>
</Placemark>
<Placemark>
<n>MEMORIAL CHRISTIAN ACADEMY</n>
<styleUrl>#Closed</styleUrl>
<description><![CDATA[<b><u>Address:</u></b> 4001 TRIMMIER RD, KILLEEN, TX 76542<br/><b><u>Type:</u></b> Private<br/><b><u>Enrollment:</u></b> 180]]></description>
<Point>
<coordinates>-97.739661,31.08002</coordinates>
</Point>
</Placemark>
<Placemark>
<n>SUGAR CREEK MONTESSORI SCHOOL</n>
<styleUrl>#Closed</styleUrl>
<description><![CDATA[<b><u>Address:</u></b> 615 DULLES AVE, STAFFORD, TX 77477<br/><b><u>Type:</u></b> Private<br/><b><u>Enrollment:</u></b> 41]]></description>
<Point>
<coordinates>-95.582191,29.61828</coordinates>
</Point>
</Placemark>
<Placemark>
<n>ST JOHN PAUL II HIGH SCHOOL</n>
<styleUrl>#Closed</styleUrl>
<description><![CDATA[<b><u>Address:</u></b> 3036 SARATOGA BLVD, CORPUS CHRISTI, TX 78415<br/><b><u>Type:</u></b> Private<br/><b><u>Enrollment:</u></b> 217]]></description>
<Point>
<coordinates>-97.430171,27.71027</coordinates>
</Point>
</Placemark>
<Placemark>
<n>PRIMROSE SCHOOL OF ROUND ROCK</n>
<styleUrl>#Closed</styleUrl>
<description><![CDATA[<b><u>Address:</u></b> 15925 S GREAT OAKS DR, ROUND ROCK, TX 78681<br/><b><u>Type:</u></b> Private<br/><b><u>Enrollment:</u></b> 6]]></description>
<Point>
<coordinates>-97.727941,30.493864</coordinates>
</Point>
</Placemark>
<Placemark>
<n>PALM TREE ACADEMY</n>
<styleUrl>#Closed</styleUrl>
<description><![CDATA[<b><u>Address:</u></b> 143 PARAGON LN, EL PASO, TX 79912<br/><b><u>Type:</u></b> Private<br/><b><u>Enrollment:</u></b> 22]]></description>
<Point>
<coordinates>-106.511811,31.81843</coordinates>
</Point>
</Placemark>
<Placemark>
<n>ST JOHN BOSCO SCHOOL</n>
<styleUrl>#Closed</styleUrl>
<description><![CDATA[<b><u>Address:</u></b> 5630 W COMMERCE ST, SAN ANTONIO, TX 78237<br/><b><u>Type:</u></b> Private<br/><b><u>Enrollment:</u></b> 180]]></description>
<Point>
<coordinates>-98.570821,29.43138</coordinates>
</Point>
</Placemark>
<Placemark>
<n>PRIMROSE OF PRESTONWOOD</n>
<styleUrl>#Closed</styleUrl>
<description><![CDATA[<b><u>Address:</u></b> 15237 MONTFORT RD, DALLAS, TX 75248<br/><b><u>Type:</u></b> Private<br/><b><u>Enrollment:</u></b> 20]]></description>
<Point>
<coordinates>-96.819695,32.958172</coordinates>
</Point>
</Placemark>
<Placemark>
<n>RIVERTREE ACADEMY</n>
<styleUrl>#Closed</styleUrl>
<description><![CDATA[<b><u>Address:</u></b> 5439 BONNELL AVE, FORT WORTH, TX 76107<br/><b><u>Type:</u></b> Private<br/><b><u>Enrollment:</u></b> 66]]></description>
<Point>
<coordinates>-97.404261,32.723295</coordinates>
</Point>
</Placemark>
<Placemark>
<n>ROSEHILL CHRISTIAN SCHOOL</n>
<styleUrl>#Closed</styleUrl>
<description><![CDATA[<b><u>Address:</u></b> 19830 FM 2920 RD, TOMBALL, TX 77377<br/><b><u>Type:</u></b> Private<br/><b><u>Enrollment:</u></b> 387]]></description>
<Point>
<coordinates>-95.733291,30.08266</coordinates>
</Point>
</Placemark>
<Placemark>
<n>FELLOWSHIP CHRISTIAN ACADEMY</n>
<styleUrl>#Closed</styleUrl>
<description><![CDATA[<b><u>Address:</u></b> 16355 OLD RICHMOND RD, SUGAR LAND, TX 77498<br/><b><u>Type:</u></b> Private<br/><b><u>Enrollment:</u></b> 96]]></description>
<Point>
<coordinates>-95.656391,29.6564</coordinates>
</Point>
</Placemark>
<Placemark>
<n>MELINDA WEBB SCHOOL</n>
<styleUrl>#Closed</styleUrl>
<description><![CDATA[<b><u>Address:</u></b> 3100 SHENENDOAH ST, HOUSTON, TX 77021<br/><b><u>Type:</u></b> Private<br/><b><u>Enrollment:</u></b> 32]]></description>
<Point>
<coordinates>-95.375642,29.709396</coordinates>
</Point>
</Placemark>
<Placemark>
<n>MARIPOSA MONTESSORI SCHOOL</n>
<styleUrl>#Closed</styleUrl>
<description><![CDATA[<b><u>Address:</u></b> 3338 PALSANO TRL., AUSTIN, TX 78745<br/><b><u>Type:</u></b> Private<br/><b><u>Enrollment:</u></b> 51]]></description>
<Point>
<coordinates>-97.82892,30.20849</coordinates>
</Point>
</Placemark>
<Placemark>
<n>HEADWATERS SCHOOL</n>
<styleUrl>#Closed</styleUrl>
<description><![CDATA[<b><u>Address:</u></b> 807 RIO GRANDE, AUSTIN, TX 78701<br/><b><u>Type:</u></b> Private<br/><b><u>Enrollment:</u></b> 410]]></description>
<Point>
<coordinates>-97.748329,30.272353</coordinates>
</Point>
</Placemark>
<Placemark>
<n>MIDLAND CHRISTIAN SCHOOL</n>
<styleUrl>#Closed</styleUrl>
<description><![CDATA[<b><u>Address:</u></b> 2001 CULVER DR, MIDLAND, TX 79705<br/><b><u>Type:</u></b> Private<br/><b><u>Enrollment:</u></b> 1253]]></description>
<Point>
<coordinates>-102.115567,32.010158</coordinates>
</Point>
</Placemark>
<Placemark>
<n>ST MARY'S HALL</n>
<styleUrl>#Closed</styleUrl>
<description><![CDATA[<b><u>Address:</u></b> 9401 STARCREST DR, SAN ANTONIO, TX 78217<br/><b><u>Type:</u></b> Private<br/><b><u>Enrollment:</u></b> 689]]></description>
<Point>
<coordinates>-98.427256,29.529137</coordinates>
</Point>
</Placemark>
<Placemark>
<n>SS PETER AND PAUL CATHOLIC SCHOOL</n>
<styleUrl>#Closed</styleUrl>
<description><![CDATA[<b><u>Address:</u></b> 315 N SEGUIN AVE STE 300, NEW BRAUNFELS, TX 78130<br/><b><u>Type:</u></b> Private<br/><b><u>Enrollment:</u></b> 288]]></description>
<Point>
<coordinates>-98.127616,29.703719</coordinates>
</Point>
</Placemark>
<Placemark>
<n>SACRED HEART CATHOLIC SCHOOL</n>
<styleUrl>#Closed</styleUrl>
<description><![CDATA[<b><u>Address:</u></b> 209 E GREENWOOD ST, DEL RIO, TX 78840<br/><b><u>Type:</u></b> Private<br/><b><u>Enrollment:</u></b> 128]]></description>
<Point>
<coordinates>-100.896678,29.35829</coordinates>
</Point>
</Placemark>
<Placemark>
<n>HOLY FAMILY CATHOLIC ACADEMY</n>
<styleUrl>#Closed</styleUrl>
<description><![CDATA[<b><u>Address:</u></b> 2323 CHEYENNE ST, IRVING, TX 75062<br/><b><u>Type:</u></b> Private<br/><b><u>Enrollment:</u></b> 114]]></description>
<Point>
<coordinates>-97.007802,32.839804</coordinates>
</Point>
</Placemark>
<Placemark>
<n>ST PAUL LUTHERAN SCHOOL</n>
<styleUrl>#Closed</styleUrl>
<description><![CDATA[<b><u>Address:</u></b> 101 N 3RD ST, THORNDALE, TX 76577<br/><b><u>Type:</u></b> Private<br/><b><u>Enrollment:</u></b> 81]]></description>
<Point>
<coordinates>-97.210765,30.613331</coordinates>
</Point>
</Placemark>
<Placemark>
<n>SUNSHINE COTTAGE SCHOOL FOR DEAF CHILDREN</n>
<styleUrl>#Closed</styleUrl>
<description><![CDATA[<b><u>Address:</u></b> 603 E HILDEBRAND AVE, SAN ANTONIO, TX 78212<br/><b><u>Type:</u></b> Private<br/><b><u>Enrollment:</u></b> 124]]></description>
<Point>
<coordinates>-98.481708,29.467522</coordinates>
</Point>
</Placemark>
<Placemark>
<n>PRESBYTERIAN DAY SCHOOL</n>
<styleUrl>#Closed</styleUrl>
<description><![CDATA[<b><u>Address:</u></b> 2408 N NAVARRO ST, VICTORIA, TX 77901<br/><b><u>Type:</u></b> Private<br/><b><u>Enrollment:</u></b> 4]]></description>
<Point>
<coordinates>-96.9992196,28.8174237</coordinates>
</Point>
</Placemark>
<Placemark>
<n>MONTESSORI EPISCOPAL SCHOOL</n>
<styleUrl>#Closed</styleUrl>
<description><![CDATA[<b><u>Address:</u></b> 602 N OLD ORCHARD LN, LEWISVILLE, TX 75077<br/><b><u>Type:</u></b> Private<br/><b><u>Enrollment:</u></b> 11]]></description>
<Point>
<coordinates>-97.027011,33.04821</coordinates>
</Point>
</Placemark>
<Placemark>
<n>BALCH SPRINGS CHRISTIAN ACADEMY</n>
<styleUrl>#Closed</styleUrl>
<description><![CDATA[<b><u>Address:</u></b> 11524 SEAGOVILLE RD, BALCH SPRINGS, TX 75180<br/><b><u>Type:</u></b> Private<br/><b><u>Enrollment:</u></b> 71]]></description>
<Point>
<coordinates>-96.6278539,32.7045469</coordinates>
</Point>
</Placemark>
<Placemark>
<n>LIVING STONES CHRISTIAN SCHOOL</n>
<styleUrl>#Closed</styleUrl>
<description><![CDATA[<b><u>Address:</u></b> 1407 VICTORY LN, ALVIN, TX 77511<br/><b><u>Type:</u></b> Private<br/><b><u>Enrollment:</u></b> 179]]></description>
<Point>
<coordinates>-95.229615,29.453209</coordinates>
</Point>
</Placemark>
<Placemark>
<n>LONGVIEW CHRISTIAN SCHOOL</n>
<styleUrl>#Closed</styleUrl>
<description><![CDATA[<b><u>Address:</u></b> 1236 PEGUES PL, LONGVIEW, TX 75601<br/><b><u>Type:</u></b> Private<br/><b><u>Enrollment:</u></b> 356]]></description>
<Point>
<coordinates>-94.724951,32.51395</coordinates>
</Point>
</Placemark>
<Placemark>
<n>THE VILLAGE SCHOOL</n>
<styleUrl>#Closed</styleUrl>
<description><![CDATA[<b><u>Address:</u></b> 13077 WESTELLA DR, HOUSTON, TX 77077<br/><b><u>Type:</u></b> Private<br/><b><u>Enrollment:</u></b> 1258]]></description>
<Point>
<coordinates>-95.617841,29.74701</coordinates>
</Point>
</Placemark>
<Placemark>
<n>ST MICHAEL'S CATHOLIC ACADEMY</n>
<styleUrl>#Closed</styleUrl>
<description><![CDATA[<b><u>Address:</u></b> 3000 BARTON CREEK BLVD, AUSTIN, TX 78735<br/><b><u>Type:</u></b> Private<br/><b><u>Enrollment:</u></b> 393]]></description>
<Point>
<coordinates>-97.874481,30.28768</coordinates>
</Point>
</Placemark>
<Placemark>
<n>OUR LADY QUEEN OF PEACE CATHOLIC SCHOOL</n>
<styleUrl>#Closed</styleUrl>
<description><![CDATA[<b><u>Address:</u></b> 1600 HWY 2004, RICHWOOD, TX 77531<br/><b><u>Type:</u></b> Private<br/><b><u>Enrollment:</u></b> 135]]></description>
<Point>
<coordinates>-95.418361,29.06881</coordinates>
</Point>
</Placemark>
<Placemark>
<n>TRINITY SCHOOL</n>
<styleUrl>#Closed</styleUrl>
<description><![CDATA[<b><u>Address:</u></b> 3500 W WADLEY AVE, MIDLAND, TX 79707<br/><b><u>Type:</u></b> Private<br/><b><u>Enrollment:</u></b> 508]]></description>
<Point>
<coordinates>-102.13187,32.01892</coordinates>
</Point>
</Placemark>
<Placemark>
<n>NORTH CENTRAL TEXAS ACADEMY</n>
<styleUrl>#Closed</styleUrl>
<description><![CDATA[<b><u>Address:</u></b> 3846 N HWY 144, GRANBURY, TX 76048<br/><b><u>Type:</u></b> Private<br/><b><u>Enrollment:</u></b> 106]]></description>
<Point>
<coordinates>-97.725101,32.29393</coordinates>
</Point>
</Placemark>
<Placemark>
<n>THE WOODLANDS PREPORATORY SCHOOL</n>
<styleUrl>#Closed</styleUrl>
<description><![CDATA[<b><u>Address:</u></b> 27440 KUYKENDAHL RD, TOMBALL, TX 77375<br/><b><u>Type:</u></b> Private<br/><b><u>Enrollment:</u></b> 27]]></description>
<Point>
<coordinates>-95.545089,30.15739</coordinates>
</Point>
</Placemark>
<Placemark>
<n>COPPELL MONTESSORI ACADEMY</n>
<styleUrl>#Closed</styleUrl>
<description><![CDATA[<b><u>Address:</u></b> 136 FITNESS CT, COPPELL, TX 75019<br/><b><u>Type:</u></b> Private<br/><b><u>Enrollment:</u></b> 48]]></description>
<Point>
<coordinates>-96.995151,32.97208</coordinates>
</Point>
</Placemark>
<Placemark>
<n>NEW LIFE CHRISTIAN SCHOOL</n>
<styleUrl>#Closed</styleUrl>
<description><![CDATA[<b><u>Address:</u></b> 800 DOYLE ST, LONGVIEW, TX 75601<br/><b><u>Type:</u></b> Private<br/><b><u>Enrollment:</u></b> 30]]></description>
<Point>
<coordinates>-94.707921,32.51063</coordinates>
</Point>
</Placemark>
<Placemark>
<n>WESLEY PREP</n>
<styleUrl>#Closed</styleUrl>
<description><![CDATA[<b><u>Address:</u></b> 9200 INWOOD RD, DALLAS, TX 75220<br/><b><u>Type:</u></b> Private<br/><b><u>Enrollment:</u></b> 206]]></description>
<Point>
<coordinates>-96.821423,32.867166</coordinates>
</Point>
</Placemark>
<Placemark>
<n>THE POST OAK SCHOOL</n>
<styleUrl>#Closed</styleUrl>
<description><![CDATA[<b><u>Address:</u></b> 4600 BISSONNET ST, BELLAIRE, TX 77401<br/><b><u>Type:</u></b> Private<br/><b><u>Enrollment:</u></b> 465]]></description>
<Point>
<coordinates>-95.456095,29.71423</coordinates>
</Point>
</Placemark>
<Placemark>
<n>GERMAN INTERNATIONAL SCHOOL OF DALLAS</n>
<styleUrl>#Closed</styleUrl>
<description><![CDATA[<b><u>Address:</u></b> 12411 TEMPLETON TRL, FARMERS BRANCH, TX 75234<br/><b><u>Type:</u></b> Private<br/><b><u>Enrollment:</u></b> 24]]></description>
<Point>
<coordinates>-96.865801,32.91639</coordinates>
</Point>
</Placemark>
<Placemark>
<n>LAKE CONROE CHRISTIAN ACADEMY</n>
<styleUrl>#Closed</styleUrl>
<description><![CDATA[<b><u>Address:</u></b> 2080 LONGMIRE RD, CONROE, TX 77304<br/><b><u>Type:</u></b> Private<br/><b><u>Enrollment:</u></b> 40]]></description>
<Point>
<coordinates>-95.511897,30.346398</coordinates>
</Point>
</Placemark>
<Placemark>
<n>LITTLE LIONS LEARNING ACADEMY</n>
<styleUrl>#Closed</styleUrl>
<description><![CDATA[<b><u>Address:</u></b> 1127 MINDIE LN, SAN ANTONIO, TX 78253<br/><b><u>Type:</u></b> Private<br/><b><u>Enrollment:</u></b> 45]]></description>
<Point>
<coordinates>-98.7510579,29.4453812</coordinates>
</Point>
</Placemark>
<Placemark>
<n>NEW WORLD UNITED METHODIST DCC</n>
<styleUrl>#Closed</styleUrl>
<description><![CDATA[<b><u>Address:</u></b> 5134 NW HWY, GARLAND, TX 75043<br/><b><u>Type:</u></b> Private<br/><b><u>Enrollment:</u></b> 31]]></description>
<Point>
<coordinates>-96.634088,32.855461</coordinates>
</Point>
</Placemark>
<Placemark>
<n>PRIMROSE SCHOOL OF HARMONY</n>
<styleUrl>#Closed</styleUrl>
<description><![CDATA[<b><u>Address:</u></b> 3559 DISCOVERY CREEK BLVD, SPRING, TX 77386<br/><b><u>Type:</u></b> Private<br/><b><u>Enrollment:</u></b> 14]]></description>
<Point>
<coordinates>-95.3855395,30.1052353</coordinates>
</Point>
</Placemark>
<Placemark>
<n>TRAIN-UP A CHILD LEARNING CENTER / NURSERY</n>
<styleUrl>#Closed</styleUrl>
<description><![CDATA[<b><u>Address:</u></b> 9410 ADAMS HL, SAN ANTONIO, TX 78245<br/><b><u>Type:</u></b> Private<br/><b><u>Enrollment:</u></b> 6]]></description>
<Point>
<coordinates>-98.669501,29.4091</coordinates>
</Point>
</Placemark>
<Placemark>
<n>BISHOP LYNCH HIGH SCHOOL</n>
<styleUrl>#Closed</styleUrl>
<description><![CDATA[<b><u>Address:</u></b> 9750 FERGUSON RD, DALLAS, TX 75228<br/><b><u>Type:</u></b> Private<br/><b><u>Enrollment:</u></b> 1003]]></description>
<Point>
<coordinates>-96.6808009,32.8187805</coordinates>
</Point>
</Placemark>
<Placemark>
<n>ST ANTHONY CATHOLIC HIGH SCHOOL</n>
<styleUrl>#Closed</styleUrl>
<description><![CDATA[<b><u>Address:</u></b> 3200 MCCULLOUGH AVE, SAN ANTONIO, TX 78212<br/><b><u>Type:</u></b> Private<br/><b><u>Enrollment:</u></b> 266]]></description>
<Point>
<coordinates>-98.489966,29.460276</coordinates>
</Point>
</Placemark>
<Placemark>
<n>ADVENTURE DISCOVERY CENTER NUMBER 3</n>
<styleUrl>#Closed</styleUrl>
<description><![CDATA[<b><u>Address:</u></b> 2631 W 4TH ST, IRVING, TX 75060<br/><b><u>Type:</u></b> Private<br/><b><u>Enrollment:</u></b> 8]]></description>
<Point>
<coordinates>-96.981422,32.810841</coordinates>
</Point>
</Placemark>
<Placemark>
<n>CASA DE NINOS BILINGUAL MONTESSORI SCHOOL</n>
<styleUrl>#Closed</styleUrl>
<description><![CDATA[<b><u>Address:</u></b> 13584 POND SPRINGS RD, AUSTIN, TX 78729<br/><b><u>Type:</u></b> Private<br/><b><u>Enrollment:</u></b> 24]]></description>
<Point>
<coordinates>-97.790301,30.453525</coordinates>
</Point>
</Placemark>
<Placemark>
<n>LAKE GRANBURY MONTESSORI ACADEMY</n>
<styleUrl>#Closed</styleUrl>
<description><![CDATA[<b><u>Address:</u></b> 2400 FALL CREEK HWY, GRANBURY, TX 76049<br/><b><u>Type:</u></b> Private<br/><b><u>Enrollment:</u></b> 1]]></description>
<Point>
<coordinates>-97.6894215,32.4558083</coordinates>
</Point>
</Placemark>
<Placemark>
<n>NEW TERRITORY MONTESSORI SCHOOL</n>
<styleUrl>#Closed</styleUrl>
<description><![CDATA[<b><u>Address:</u></b> 4935 SANDHILL DR, SUGAR LAND, TX 77479<br/><b><u>Type:</u></b> Private<br/><b><u>Enrollment:</u></b> 53]]></description>
<Point>
<coordinates>-95.68121,29.599848</coordinates>
</Point>
</Placemark>
<Placemark>
<n>PROSPER MONTESSORI ACADEMY</n>
<styleUrl>#Closed</styleUrl>
<description><![CDATA[<b><u>Address:</u></b> 100 GORGEOUS RD, PROSPER, TX 75078<br/><b><u>Type:</u></b> Private<br/><b><u>Enrollment:</u></b> 120]]></description>
<Point>
<coordinates>-96.8017873,33.2404139</coordinates>
</Point>
</Placemark>
<Placemark>
<n>GUIDEPOST MONTESSORI AT ELDORADO</n>
<styleUrl>#Closed</styleUrl>
<description><![CDATA[<b><u>Address:</u></b> 7508 ELDORADO PKWY, MCKINNEY, TX 75070<br/><b><u>Type:</u></b> Private<br/><b><u>Enrollment:</u></b> 10]]></description>
<Point>
<coordinates>-96.716709,33.174747</coordinates>
</Point>
</Placemark>
<Placemark>
<n>LAEL CHRISTIAN ACADEMY</n>
<styleUrl>#Closed</styleUrl>
<description><![CDATA[<b><u>Address:</u></b> 2931 SSE LOOP 323, TYLER, TX 75701<br/><b><u>Type:</u></b> Private<br/><b><u>Enrollment:</u></b> 10]]></description>
<Point>
<coordinates>-95.2666123,32.3163055</coordinates>
</Point>
</Placemark>
<Placemark>
<n>CASA MONTESSORI CHILD DEVELOPMENT CENTER</n>
<styleUrl>#Closed</styleUrl>
<description><![CDATA[<b><u>Address:</u></b> 404 B ATLANTA ST, AUSTIN, TX 78703<br/><b><u>Type:</u></b> Private<br/><b><u>Enrollment:</u></b> 14]]></description>
<Point>
<coordinates>-97.771554,30.276915</coordinates>
</Point>
</Placemark>
<Placemark>
<n>FULL ARMOR CHRISTIAN ACADEMY</n>
<styleUrl>#Closed</styleUrl>
<description><![CDATA[<b><u>Address:</u></b> 2324 FM 3135E, HENDERSON, TX 75652<br/><b><u>Type:</u></b> Private<br/><b><u>Enrollment:</u></b> 96]]></description>
<Point>
<coordinates>-94.7580743,32.1624274</coordinates>
</Point>
</Placemark>
<Placemark>
<n>COLONIAL HILLS UNITED METHODIST SCHOOL</n>
<styleUrl>#Closed</styleUrl>
<description><![CDATA[<b><u>Address:</u></b> 5247 VANCE JACKSON RD, SAN ANTONIO, TX 78230<br/><b><u>Type:</u></b> Private<br/><b><u>Enrollment:</u></b> 8]]></description>
<Point>
<coordinates>-98.540491,29.52776</coordinates>
</Point>
</Placemark>
<Placemark>
<n>SPRING BAPTIST ACADEMY</n>
<styleUrl>#Closed</styleUrl>
<description><![CDATA[<b><u>Address:</u></b> 633 E LOUETTA RD, SPRING, TX 77373<br/><b><u>Type:</u></b> Private<br/><b><u>Enrollment:</u></b> 192]]></description>
<Point>
<coordinates>-95.42904,30.076003</coordinates>
</Point>
</Placemark>
<Placemark>
<n>YORKTOWN EDUCATION</n>
<styleUrl>#Closed</styleUrl>
<description><![CDATA[<b><u>Address:</u></b> 5170 VILLAGE CREEK DR STE 100, PLANO, TX 75093<br/><b><u>Type:</u></b> Private<br/><b><u>Enrollment:</u></b> 4]]></description>
<Point>
<coordinates>-96.803501,33.0141</coordinates>
</Point>
</Placemark>
<Placemark>
<n>GARLAND CHRISTIAN ADVENTIST SCHOOL</n>
<styleUrl>#Closed</styleUrl>
<description><![CDATA[<b><u>Address:</u></b> 1702 E CENTERVILLE RD, GARLAND, TX 75041<br/><b><u>Type:</u></b> Private<br/><b><u>Enrollment:</u></b> 17]]></description>
<Point>
<coordinates>-96.606931,32.88985</coordinates>
</Point>
</Placemark>
<Placemark>
<n>CREATIVE CORNER</n>
<styleUrl>#Closed</styleUrl>
<description><![CDATA[<b><u>Address:</u></b> 335 AUDRY LN, HOUSTON, TX 77015<br/><b><u>Type:</u></b> Private<br/><b><u>Enrollment:</u></b> 8]]></description>
<Point>
<coordinates>-95.182701,29.79329</coordinates>
</Point>
</Placemark>
<Placemark>
<n>HOUSTON PEACE ACADEMY</n>
<styleUrl>#Closed</styleUrl>
<description><![CDATA[<b><u>Address:</u></b> 16700 OLD LOUETTA RD, SPRING, TX 77379<br/><b><u>Type:</u></b> Private<br/><b><u>Enrollment:</u></b> 27]]></description>
<Point>
<coordinates>-95.559998,30.008982</coordinates>
</Point>
</Placemark>
<Placemark>
<n>RESOLUTION RANCH ACADEMY</n>
<styleUrl>#Closed</styleUrl>
<description><![CDATA[<b><u>Address:</u></b> 2274 COUNTY ROAD 203 LOOP, CAMERON, TX 76520<br/><b><u>Type:</u></b> Private<br/><b><u>Enrollment:</u></b> 23]]></description>
<Point>
<coordinates>-97.029311,30.87833</coordinates>
</Point>
</Placemark>
<Placemark>
<n>XAVIER EDUCATIONAL ACADEMY</n>
<styleUrl>#Closed</styleUrl>
<description><![CDATA[<b><u>Address:</u></b> 1001 W LOOP S, HOUSTON, TX 77027<br/><b><u>Type:</u></b> Private<br/><b><u>Enrollment:</u></b> 140]]></description>
<Point>
<coordinates>-95.454537,29.758988</coordinates>
</Point>
</Placemark>
<Placemark>
<n>ALPINE CHRISTIAN SCHOOL</n>
<styleUrl>#Closed</styleUrl>
<description><![CDATA[<b><u>Address:</u></b> 1901 LOOP DR, ALPINE, TX 79831<br/><b><u>Type:</u></b> Private<br/><b><u>Enrollment:</u></b> 48]]></description>
<Point>
<coordinates>-103.657163,30.380559</coordinates>
</Point>
</Placemark>
<Placemark>
<n>REDEEMER CHILDHOOD LEARNING CENTER</n>
<styleUrl>#Closed</styleUrl>
<description><![CDATA[<b><u>Address:</u></b> 1711 CONRAD HILTON BLVD, CISCO, TX 76437<br/><b><u>Type:</u></b> Private<br/><b><u>Enrollment:</u></b> 9]]></description>
<Point>
<coordinates>-98.973541,32.38007</coordinates>
</Point>
</Placemark>
<Placemark>
<n>TRUE CROSS CATHOLTIC SCHOOL - DICKINSON</n>
<styleUrl>#Closed</styleUrl>
<description><![CDATA[<b><u>Address:</u></b> 400 FM 517 RD E, DICKINSON, TX 77539<br/><b><u>Type:</u></b> Private<br/><b><u>Enrollment:</u></b> 93]]></description>
<Point>
<coordinates>-95.073717,29.450062</coordinates>
</Point>
</Placemark>
<Placemark>
<n>CENTER FOR TEACHING AND LEARNING</n>
<styleUrl>#Closed</styleUrl>
<description><![CDATA[<b><u>Address:</u></b> 10431 HUFSMITH RD, TOMBALL, TX 77375<br/><b><u>Type:</u></b> Private<br/><b><u>Enrollment:</u></b> 60]]></description>
<Point>
<coordinates>-95.580539,30.124516</coordinates>
</Point>
</Placemark>
<Placemark>
<n>NAZARENE CHRISTIAN ACADEMY BIG SPRING</n>
<styleUrl>#Closed</styleUrl>
<description><![CDATA[<b><u>Address:</u></b> 118 CEDAR RD, BIG SPRING, TX 79720<br/><b><u>Type:</u></b> Private<br/><b><u>Enrollment:</u></b> 21]]></description>
<Point>
<coordinates>-101.4842261,32.2350798</coordinates>
</Point>
</Placemark>
<Placemark>
<n>ST PAULS EPISCOPAL MONTESSORI SCHOOL</n>
<styleUrl>#Closed</styleUrl>
<description><![CDATA[<b><u>Address:</u></b> 1018 E GRAYSON ST, SAN ANTONIO, TX 78208<br/><b><u>Type:</u></b> Private<br/><b><u>Enrollment:</u></b> 65]]></description>
<Point>
<coordinates>-98.467591,29.44276</coordinates>
</Point>
</Placemark>
<Placemark>
<n>FIRST BAPTIST CHURCH WEEKDAY PRESCHOOL AND KINDER</n>
<styleUrl>#Closed</styleUrl>
<description><![CDATA[<b><u>Address:</u></b> 3015 MOORES LN, TEXARKANA, TX 75503<br/><b><u>Type:</u></b> Private<br/><b><u>Enrollment:</u></b> 11]]></description>
<Point>
<coordinates>-94.079501,33.4705</coordinates>
</Point>
</Placemark>
<Placemark>
<n>NEW BRAUNFELS CHRISTIAN ACADEMY</n>
<styleUrl>#Closed</styleUrl>
<description><![CDATA[<b><u>Address:</u></b> 220 FM 1863, NEW BRAUNFELS, TX 78132<br/><b><u>Type:</u></b> Private<br/><b><u>Enrollment:</u></b> 495]]></description>
<Point>
<coordinates>-98.183231,29.719</coordinates>
</Point>
</Placemark>
<Placemark>
<n>SCENIC HILLS CHRISTIAN ACADEMY</n>
<styleUrl>#Closed</styleUrl>
<description><![CDATA[<b><u>Address:</u></b> 11223 BANDERA RD, SAN ANTONIO, TX 78250<br/><b><u>Type:</u></b> Private<br/><b><u>Enrollment:</u></b> 134]]></description>
<Point>
<coordinates>-98.661902,29.546844</coordinates>
</Point>
</Placemark>
<Placemark>
<n>CHRISTIAN SCHOOL OF NORTHWEST HOUSTON</n>
<styleUrl>#Closed</styleUrl>
<description><![CDATA[<b><u>Address:</u></b> 6720 W TIDWELL RD, HOUSTON, TX 77092<br/><b><u>Type:</u></b> Private<br/><b><u>Enrollment:</u></b> 14]]></description>
<Point>
<coordinates>-95.490261,29.85136</coordinates>
</Point>
</Placemark>
<Placemark>
<n>ST PAUL'S EPISCOPAL SCHOOL</n>
<styleUrl>#Closed</styleUrl>
<description><![CDATA[<b><u>Address:</u></b> 1707 W BLUFF ST, WOODVILLE, TX 75979<br/><b><u>Type:</u></b> Private<br/><b><u>Enrollment:</u></b> 32]]></description>
<Point>
<coordinates>-94.436946,30.773176</coordinates>
</Point>
</Placemark>
<Placemark>
<n>KATY ADVENTIST CHRISTIAN SCHOOL</n>
<styleUrl>#Closed</styleUrl>
<description><![CDATA[<b><u>Address:</u></b> 1913 E AVE, KATY, TX 77493<br/><b><u>Type:</u></b> Private<br/><b><u>Enrollment:</u></b> 8]]></description>
<Point>
<coordinates>-95.820911,29.80016</coordinates>
</Point>
</Placemark>
<Placemark>
<n>THE MAGNOLIA SCHOOL</n>
<styleUrl>#Closed</styleUrl>
<description><![CDATA[<b><u>Address:</u></b> 3500 RANCH RD 620 S, G-200, AUSTIN, TX 78738<br/><b><u>Type:</u></b> Private<br/><b><u>Enrollment:</u></b> 134]]></description>
<Point>
<coordinates>-97.95753,30.322152</coordinates>
</Point>
</Placemark>
<Placemark>
<n>KATY MONTESSORI SCHOOL</n>
<styleUrl>#Closed</styleUrl>
<description><![CDATA[<b><u>Address:</u></b> 12350 WESTHEIMER RD # A, HOUSTON, TX 77077<br/><b><u>Type:</u></b> Private<br/><b><u>Enrollment:</u></b> 2]]></description>
<Point>
<coordinates>-95.600021,29.73697</coordinates>
</Point>
</Placemark>
<Placemark>
<n>SPRINGHILL MONTESSORI SCHOOL</n>
<styleUrl>#Closed</styleUrl>
<description><![CDATA[<b><u>Address:</u></b> 813 N ZANG BLVD, DALLAS, TX 75208<br/><b><u>Type:</u></b> Private<br/><b><u>Enrollment:</u></b> 36]]></description>
<Point>
<coordinates>-96.8245953,32.752791</coordinates>
</Point>
</Placemark>
<Placemark>
<n>NEW LIFE CHRISTIAN ACADEMY</n>
<styleUrl>#Closed</styleUrl>
<description><![CDATA[<b><u>Address:</u></b> 2626 GUS THOMASSON RD, DALLAS, TX 75228<br/><b><u>Type:</u></b> Private<br/><b><u>Enrollment:</u></b> 31]]></description>
<Point>
<coordinates>-96.669736,32.8344419</coordinates>
</Point>
</Placemark>
<Placemark>
<n>A AND B NURSERY SCHOOL</n>
<styleUrl>#Closed</styleUrl>
<description><![CDATA[<b><u>Address:</u></b> 3111 FOREST OAKS BLVD, HOUSTON, TX 77017<br/><b><u>Type:</u></b> Private<br/><b><u>Enrollment:</u></b> 4]]></description>
<Point>
<coordinates>-95.2403013,29.6712535</coordinates>
</Point>
</Placemark>
<Placemark>
<n>TRINITY CHRISTIAN ACADEMY</n>
<styleUrl>#Closed</styleUrl>
<description><![CDATA[<b><u>Address:</u></b> 17001 ADDISON RD, ADDISON, TX 75001<br/><b><u>Type:</u></b> Private<br/><b><u>Enrollment:</u></b> 1322]]></description>
<Point>
<coordinates>-96.831379,32.983876</coordinates>
</Point>
</Placemark>
<Placemark>
<n>SACRED HEART SCHOOL</n>
<styleUrl>#Closed</styleUrl>
<description><![CDATA[<b><u>Address:</u></b> 1007 TRL ST, FLORESVILLE, TX 78114<br/><b><u>Type:</u></b> Private<br/><b><u>Enrollment:</u></b> 49]]></description>
<Point>
<coordinates>-98.163102,29.137041</coordinates>
</Point>
</Placemark>
<Placemark>
<n>ST THOMAS AQUINAS CATHOLIC SCHOOL</n>
<styleUrl>#Closed</styleUrl>
<description><![CDATA[<b><u>Address:</u></b> 3741 ABRAMS RD, DALLAS, TX 75214<br/><b><u>Type:</u></b> Private<br/><b><u>Enrollment:</u></b> 803]]></description>
<Point>
<coordinates>-96.753501,32.832492</coordinates>
</Point>
</Placemark>
<Placemark>
<n>ST FRANCIS EPISCOPAL SCHOOL</n>
<styleUrl>#Closed</styleUrl>
<description><![CDATA[<b><u>Address:</u></b> 335 PINEY POINT RD, HOUSTON, TX 77024<br/><b><u>Type:</u></b> Private<br/><b><u>Enrollment:</u></b> 696]]></description>
<Point>
<coordinates>-95.518811,29.75841</coordinates>
</Point>
</Placemark>
<Placemark>
<n>THE LAMPLIGHTER SCHOOL</n>
<styleUrl>#Closed</styleUrl>
<description><![CDATA[<b><u>Address:</u></b> 11611 INWOOD RD, DALLAS, TX 75229<br/><b><u>Type:</u></b> Private<br/><b><u>Enrollment:</u></b> 332]]></description>
<Point>
<coordinates>-96.819931,32.90679</coordinates>
</Point>
</Placemark>
<Placemark>
<n>MID VALLEY CHRISTIAN SCHOOL</n>
<styleUrl>#Closed</styleUrl>
<description><![CDATA[<b><u>Address:</u></b> 417 S WESTGATE DR, WESLACO, TX 78596<br/><b><u>Type:</u></b> Private<br/><b><u>Enrollment:</u></b> 68]]></description>
<Point>
<coordinates>-98.006381,26.15664</coordinates>
</Point>
</Placemark>
<Placemark>
<n>DALLAS ACADEMY</n>
<styleUrl>#Closed</styleUrl>
<description><![CDATA[<b><u>Address:</u></b> 950 TIFFANY WAY, DALLAS, TX 75218<br/><b><u>Type:</u></b> Private<br/><b><u>Enrollment:</u></b> 143]]></description>
<Point>
<coordinates>-96.708621,32.84132</coordinates>
</Point>
</Placemark>
<Placemark>
<n>KIRBY HALL SCHOOL</n>
<styleUrl>#Closed</styleUrl>
<description><![CDATA[<b><u>Address:</u></b> 306 W 29TH ST, AUSTIN, TX 78705<br/><b><u>Type:</u></b> Private<br/><b><u>Enrollment:</u></b> 94]]></description>
<Point>
<coordinates>-97.740721,30.29458</coordinates>
</Point>
</Placemark>
<Placemark>
<n>THE EMERY/WEINER SCHOOL</n>
<styleUrl>#Closed</styleUrl>
<description><![CDATA[<b><u>Address:</u></b> 9825 STELLA LINK RD, HOUSTON, TX 77025<br/><b><u>Type:</u></b> Private<br/><b><u>Enrollment:</u></b> 576]]></description>
<Point>
<coordinates>-95.437844,29.675259</coordinates>
</Point>
</Placemark>
<Placemark>
<n>FAITH ACADEMY OF MARBLE FALLS</n>
<styleUrl>#Closed</styleUrl>
<description><![CDATA[<b><u>Address:</u></b> 3151 E FM 1431`, MARBLE FALLS, TX 78654<br/><b><u>Type:</u></b> Private<br/><b><u>Enrollment:</u></b> 304]]></description>
<Point>
<coordinates>-98.227761,30.57996</coordinates>
</Point>
</Placemark>
<Placemark>
<n>ALPINE CHRISTIAN ACADEMY</n>
<styleUrl>#Closed</styleUrl>
<description><![CDATA[<b><u>Address:</u></b> 610 E LOOP 281, LONGVIEW, TX 75605<br/><b><u>Type:</u></b> Private<br/><b><u>Enrollment:</u></b> 20]]></description>
<Point>
<coordinates>-94.719991,32.53548</coordinates>
</Point>
</Placemark>
<Placemark>
<n>SAN JUAN DIEGO CATHOLIC HIGH SCHOOL</n>
<styleUrl>#Closed</styleUrl>
<description><![CDATA[<b><u>Address:</u></b> 2512 S 1ST ST, AUSTIN, TX 78704<br/><b><u>Type:</u></b> Private<br/><b><u>Enrollment:</u></b> 127]]></description>
<Point>
<coordinates>-97.761631,30.24049</coordinates>
</Point>
</Placemark>
<Placemark>
<n>MISS ENDY'S CHRISTIAN ACADEMY</n>
<styleUrl>#Closed</styleUrl>
<description><![CDATA[<b><u>Address:</u></b> 5837 HUMBERT AVE, FORT WORTH, TX 76107<br/><b><u>Type:</u></b> Private<br/><b><u>Enrollment:</u></b> 6]]></description>
<Point>
<coordinates>-97.411551,32.71857</coordinates>
</Point>
</Placemark>
<Placemark>
<n>PRIMROSE SCHOOL OF ROCKWALL</n>
<styleUrl>#Closed</styleUrl>
<description><![CDATA[<b><u>Address:</u></b> 3115 RIDGE RD, ROCKWALL, TX 75032<br/><b><u>Type:</u></b> Private<br/><b><u>Enrollment:</u></b> 14]]></description>
<Point>
<coordinates>-96.472509,32.8856796</coordinates>
</Point>
</Placemark>
<Placemark>
<n>THE WESTWOOD SCHOOL</n>
<styleUrl>#Closed</styleUrl>
<description><![CDATA[<b><u>Address:</u></b> 14340 PROTON RD, DALLAS, TX 75244<br/><b><u>Type:</u></b> Private<br/><b><u>Enrollment:</u></b> 217]]></description>
<Point>
<coordinates>-96.836091,32.94464</coordinates>
</Point>
</Placemark>
<Placemark>
<n>COMMUNITY CHRISTIAN ACADEMY</n>
<styleUrl>#Closed</styleUrl>
<description><![CDATA[<b><u>Address:</u></b> 1016 6TH ST, HEMPSTEAD, TX 77445<br/><b><u>Type:</u></b> Private<br/><b><u>Enrollment:</u></b> 59]]></description>
<Point>
<coordinates>-96.0734907,30.0950477</coordinates>
</Point>
</Placemark>
<Placemark>
<n>PRIMROSE SCHOOL OF LAS COLINAS</n>
<styleUrl>#Closed</styleUrl>
<description><![CDATA[<b><u>Address:</u></b> 700 FLUOR DR, IRVING, TX 75039<br/><b><u>Type:</u></b> Private<br/><b><u>Enrollment:</u></b> 110]]></description>
<Point>
<coordinates>-96.957181,32.89975</coordinates>
</Point>
</Placemark>
<Placemark>
<n>STEPPING STONES ACADEMY</n>
<styleUrl>#Closed</styleUrl>
<description><![CDATA[<b><u>Address:</u></b> 11655 ALTA VISTA RD STE B, FORT WORTH, TX 76244<br/><b><u>Type:</u></b> Private<br/><b><u>Enrollment:</u></b> 7]]></description>
<Point>
<coordinates>-97.283241,32.94365</coordinates>
</Point>
</Placemark>
<Placemark>
<n>AMEEN ACADEMY</n>
<styleUrl>#Closed</styleUrl>
<description><![CDATA[<b><u>Address:</u></b> 3401 SILVERSTONE DR, PLANO, TX 75023<br/><b><u>Type:</u></b> Private<br/><b><u>Enrollment:</u></b> 60]]></description>
<Point>
<coordinates>-96.736791,33.04247</coordinates>
</Point>
</Placemark>
<Placemark>
<n>BAKERS PREP SCHOOL</n>
<styleUrl>#Closed</styleUrl>
<description><![CDATA[<b><u>Address:</u></b> 504 F M 1092, STAFFORD, TX 77477<br/><b><u>Type:</u></b> Private<br/><b><u>Enrollment:</u></b> 47]]></description>
<Point>
<coordinates>-95.565571,29.612342</coordinates>
</Point>
</Placemark>
<Placemark>
<n>ALL NATIONS COMMUNITY SCHOOL</n>
<styleUrl>#Closed</styleUrl>
<description><![CDATA[<b><u>Address:</u></b> 27420 ROBINSON RD, OAK RIDGE NORTH, TX 77385<br/><b><u>Type:</u></b> Private<br/><b><u>Enrollment:</u></b> 36]]></description>
<Point>
<coordinates>-95.438671,30.15636</coordinates>
</Point>
</Placemark>
<Placemark>
<n>GRACE PREPARATORY ACADEMY OF NEW BRAUNFELS</n>
<styleUrl>#Closed</styleUrl>
<description><![CDATA[<b><u>Address:</u></b> 1600 RIVER RD, NEW BRAUNFELS, TX 78132<br/><b><u>Type:</u></b> Private<br/><b><u>Enrollment:</u></b> 162]]></description>
<Point>
<coordinates>-98.128651,29.73507</coordinates>
</Point>
</Placemark>
<Placemark>
<n>PRIMROSE SCHOOL OF PFLUGERVILLE AT FALCON POINTE</n>
<styleUrl>#Closed</styleUrl>
<description><![CDATA[<b><u>Address:</u></b> 17721 COLORADO SAND DR, PFLUGERVILLE, TX 78660<br/><b><u>Type:</u></b> Private<br/><b><u>Enrollment:</u></b> 43]]></description>
<Point>
<coordinates>-97.588373,30.4503262</coordinates>
</Point>
</Placemark>
<Placemark>
<n>ALEM LLC DBA KIDDIE ACADEMY OF KATY WEST</n>
<styleUrl>#Closed</styleUrl>
<description><![CDATA[<b><u>Address:</u></b> 27613 PINE MILL RANCH DR, KATY, TX 77494<br/><b><u>Type:</u></b> Private<br/><b><u>Enrollment:</u></b> 15]]></description>
<Point>
<coordinates>-95.8449337,29.7231218</coordinates>
</Point>
</Placemark>
<Placemark>
<n>LAKEVIEW MONTESSORI ON THE HILL</n>
<styleUrl>#Closed</styleUrl>
<description><![CDATA[<b><u>Address:</u></b> 211 WOOD ST, SUGAR LAND, TX 77498<br/><b><u>Type:</u></b> Private<br/><b><u>Enrollment:</u></b> 3]]></description>
<Point>
<coordinates>-95.631048,29.624688</coordinates>
</Point>
</Placemark>
<Placemark>
<n>STJOHN PAUL II CATHOLIC SCHOOL</n>
<styleUrl>#Closed</styleUrl>
<description><![CDATA[<b><u>Address:</u></b> 1400 PKWY PLZ DR, HOUSTON, TX 77077<br/><b><u>Type:</u></b> Private<br/><b><u>Enrollment:</u></b> 644]]></description>
<Point>
<coordinates>-95.633971,29.76118</coordinates>
</Point>
</Placemark>
<Placemark>
<n>PRINCE OF PEACE CATHOLIC SCHOOL</n>
<styleUrl>#Closed</styleUrl>
<description><![CDATA[<b><u>Address:</u></b> 5100 W PLANO PKWY, PLANO, TX 75093<br/><b><u>Type:</u></b> Private<br/><b><u>Enrollment:</u></b> 709]]></description>
<Point>
<coordinates>-96.802901,33.01619</coordinates>
</Point>
</Placemark>
<Placemark>
<n>FATHER YERMO SCHOOLS</n>
<styleUrl>#Closed</styleUrl>
<description><![CDATA[<b><u>Address:</u></b> 250 WASHINGTON ST, EL PASO, TX 79905<br/><b><u>Type:</u></b> Private<br/><b><u>Enrollment:</u></b> 111]]></description>
<Point>
<coordinates>-106.439495,31.768578</coordinates>
</Point>
</Placemark>
<Placemark>
<n>EAGLE HEIGHTS CHRISTIAN ACADEMY</n>
<styleUrl>#Closed</styleUrl>
<description><![CDATA[<b><u>Address:</u></b> 3005 PEARLAND PKWY, PEARLAND, TX 77581<br/><b><u>Type:</u></b> Private<br/><b><u>Enrollment:</u></b> 108]]></description>
<Point>
<coordinates>-95.264451,29.55317</coordinates>
</Point>
</Placemark>
<Placemark>
<n>AHB COMMUNITY SCHOOL</n>
<styleUrl>#Closed</styleUrl>
<description><![CDATA[<b><u>Address:</u></b> 4001 SPEEDWAY, AUSTIN, TX 78751<br/><b><u>Type:</u></b> Private<br/><b><u>Enrollment:</u></b> 72]]></description>
<Point>
<coordinates>-97.731451,30.30325</coordinates>
</Point>
</Placemark>
<Placemark>
<n>STONEGATE CHRISTIAN ACADEMY</n>
<styleUrl>#Closed</styleUrl>
<description><![CDATA[<b><u>Address:</u></b> 1705 ESTERS RD, IRVING, TX 75061<br/><b><u>Type:</u></b> Private<br/><b><u>Enrollment:</u></b> 94]]></description>
<Point>
<coordinates>-97.010896,32.82987</coordinates>
</Point>
</Placemark>
<Placemark>
<n>PANTEGO CHRISTIAN ACADEMY</n>
<styleUrl>#Closed</styleUrl>
<description><![CDATA[<b><u>Address:</u></b> 2201 W PARK ROW DR, PANTEGO, TX 76013<br/><b><u>Type:</u></b> Private<br/><b><u>Enrollment:</u></b> 469]]></description>
<Point>
<coordinates>-97.142055,32.722121</coordinates>
</Point>
</Placemark>
<Placemark>
<n>PRIMROSE SCHOOL AT HIDDEN LAKES</n>
<styleUrl>#Closed</styleUrl>
<description><![CDATA[<b><u>Address:</u></b> 1100 DAVIS BLVD, SOUTHLAKE, TX 76092<br/><b><u>Type:</u></b> Private<br/><b><u>Enrollment:</u></b> 4]]></description>
<Point>
<coordinates>-97.186541,32.92734</coordinates>
</Point>
</Placemark>
<Placemark>
<n>THE WOODLANDS METHODIST SCHOOL</n>
<styleUrl>#Closed</styleUrl>
<description><![CDATA[<b><u>Address:</u></b> 1915 LAKE FRONT CIR, THE WOODLANDS, TX 77380<br/><b><u>Type:</u></b> Private<br/><b><u>Enrollment:</u></b> 227]]></description>
<Point>
<coordinates>-95.467741,30.169425</coordinates>
</Point>
</Placemark>
<Placemark>
<n>ARCADIA FIRST BAPTIST CHRISTIAN SCHOOL</n>
<styleUrl>#Closed</styleUrl>
<description><![CDATA[<b><u>Address:</u></b> 14828 HWY 6, SANTA FE, TX 77517<br/><b><u>Type:</u></b> Private<br/><b><u>Enrollment:</u></b> 142]]></description>
<Point>
<coordinates>-95.126771,29.38593</coordinates>
</Point>
</Placemark>
<Placemark>
<n>HYDE PARK SCHOOLS</n>
<styleUrl>#Closed</styleUrl>
<description><![CDATA[<b><u>Address:</u></b> 11400 N MOPAC EXPY, AUSTIN, TX 78759<br/><b><u>Type:</u></b> Private<br/><b><u>Enrollment:</u></b> 747]]></description>
<Point>
<coordinates>-97.732121,30.40823</coordinates>
</Point>
</Placemark>
<Placemark>
<n>EL PASO BRIDGES ACADEMY</n>
<styleUrl>#Closed</styleUrl>
<description><![CDATA[<b><u>Address:</u></b> 4320 N STANTON ST, EL PASO, TX 79902<br/><b><u>Type:</u></b> Private<br/><b><u>Enrollment:</u></b> 44]]></description>
<Point>
<coordinates>-106.503865,31.79972</coordinates>
</Point>
</Placemark>
<Placemark>
<n>COVENANT ACADEMY</n>
<styleUrl>#Closed</styleUrl>
<description><![CDATA[<b><u>Address:</u></b> 11711 TELGE RD, CYPRESS, TX 77429<br/><b><u>Type:</u></b> Private<br/><b><u>Enrollment:</u></b> 137]]></description>
<Point>
<coordinates>-95.650631,29.94778</coordinates>
</Point>
</Placemark>
<Placemark>
<n>BROOKHOLLOW CHRISTIAN ACADEMY</n>
<styleUrl>#Closed</styleUrl>
<description><![CDATA[<b><u>Address:</u></b> 5725 QUEENSTON BLVD, HOUSTON, TX 77084<br/><b><u>Type:</u></b> Private<br/><b><u>Enrollment:</u></b> 11]]></description>
<Point>
<coordinates>-95.670611,29.85716</coordinates>
</Point>
</Placemark>
<Placemark>
<n>FRASSATI CATHOLIC HIGH SCHOOL</n>
<styleUrl>#Closed</styleUrl>
<description><![CDATA[<b><u>Address:</u></b> 22151 FRASSATI WAY, SPRING, TX 77389<br/><b><u>Type:</u></b> Private<br/><b><u>Enrollment:</u></b> 261]]></description>
<Point>
<coordinates>-95.489121,30.08768</coordinates>
</Point>
</Placemark>
<Placemark>
<n>CHRIST THE REDEEMER CATHOLIC SCHOOL</n>
<styleUrl>#Closed</styleUrl>
<description><![CDATA[<b><u>Address:</u></b> 11511 HUFFMEISTER RD, HOUSTON, TX 77065<br/><b><u>Type:</u></b> Private<br/><b><u>Enrollment:</u></b> 342]]></description>
<Point>
<coordinates>-95.630936,29.943298</coordinates>
</Point>
</Placemark>
<Placemark>
<n>PINES PRESBYTERIAN PRESCHOOL</n>
<styleUrl>#Closed</styleUrl>
<description><![CDATA[<b><u>Address:</u></b> 12751 KIMBERLEY LN, HOUSTON, TX 77024<br/><b><u>Type:</u></b> Private<br/><b><u>Enrollment:</u></b> 24]]></description>
<Point>
<coordinates>-95.559121,29.77498</coordinates>
</Point>
</Placemark>
<Placemark>
<n>ST CECILIA CATHOLIC SCHOOL</n>
<styleUrl>#Closed</styleUrl>
<description><![CDATA[<b><u>Address:</u></b> 11740 JOAN OF ARC DR, HOUSTON, TX 77024<br/><b><u>Type:</u></b> Private<br/><b><u>Enrollment:</u></b> 530]]></description>
<Point>
<coordinates>-95.530275,29.778513</coordinates>
</Point>
</Placemark>
<Placemark>
<n>TRINITY LUTHERAN SCHOOL</n>
<styleUrl>#Closed</styleUrl>
<description><![CDATA[<b><u>Address:</u></b> 5005 W INTERSTATE 40, AMARILLO, TX 79106<br/><b><u>Type:</u></b> Private<br/><b><u>Enrollment:</u></b> 38]]></description>
<Point>
<coordinates>-101.891821,35.19047</coordinates>
</Point>
</Placemark>
<Placemark>
<n>CONCORDIA LUTHERAN SCHOOL</n>
<styleUrl>#Closed</styleUrl>
<description><![CDATA[<b><u>Address:</u></b> 16801 HUEBNER RD, SAN ANTONIO, TX 78258<br/><b><u>Type:</u></b> Private<br/><b><u>Enrollment:</u></b> 328]]></description>
<Point>
<coordinates>-98.526781,29.60955</coordinates>
</Point>
</Placemark>
<Placemark>
<n>TRINITY EPISCOPAL SCHOOL</n>
<styleUrl>#Closed</styleUrl>
<description><![CDATA[<b><u>Address:</u></b> 2905 ROSBOROUGH SPRINGS RD, MARSHALL, TX 75672<br/><b><u>Type:</u></b> Private<br/><b><u>Enrollment:</u></b> 111]]></description>
<Point>
<coordinates>-94.377201,32.51927</coordinates>
</Point>
</Placemark>
<Placemark>
<n>HIGHLANDER SCHOOL</n>
<styleUrl>#Closed</styleUrl>
<description><![CDATA[<b><u>Address:</u></b> 9120 PLANO RD, DALLAS, TX 75238<br/><b><u>Type:</u></b> Private<br/><b><u>Enrollment:</u></b> 94]]></description>
<Point>
<coordinates>-96.698971,32.87249</coordinates>
</Point>
</Placemark>
<Placemark>
<n>GARLAND CHRISTIAN ACADEMY</n>
<styleUrl>#Closed</styleUrl>
<description><![CDATA[<b><u>Address:</u></b> 1516 LAVON DR, GARLAND, TX 75040<br/><b><u>Type:</u></b> Private<br/><b><u>Enrollment:</u></b> 246]]></description>
<Point>
<coordinates>-96.626562,32.925453</coordinates>
</Point>
</Placemark>
<Placemark>
<n>ST JAMES EPISCOPAL SCHOOL</n>
<styleUrl>#Closed</styleUrl>
<description><![CDATA[<b><u>Address:</u></b> 206 W GREENWOOD ST, DEL RIO, TX 78840<br/><b><u>Type:</u></b> Private<br/><b><u>Enrollment:</u></b> 97]]></description>
<Point>
<coordinates>-100.900511,29.35807</coordinates>
</Point>
</Placemark>
<Placemark>
<n>FIRST BAPTIST SCHOOL</n>
<styleUrl>#Closed</styleUrl>
<description><![CDATA[<b><u>Address:</u></b> 1600 BOCA CHICA BLVD, BROWNSVILLE, TX 78520<br/><b><u>Type:</u></b> Private<br/><b><u>Enrollment:</u></b> 187]]></description>
<Point>
<coordinates>-97.496561,25.92159</coordinates>
</Point>
</Placemark>
<Placemark>
<n>BRACKEN CHRISTIAN SCHOOL</n>
<styleUrl>#Closed</styleUrl>
<description><![CDATA[<b><u>Address:</u></b> 670 OLD BOERNE RD, BULVERDE, TX 78163<br/><b><u>Type:</u></b> Private<br/><b><u>Enrollment:</u></b> 373]]></description>
<Point>
<coordinates>-98.4288593,29.7942359</coordinates>
</Point>
</Placemark>
<Placemark>
<n>ST JAMES EPISCOPAL SCHOOL OF DALLAS</n>
<styleUrl>#Closed</styleUrl>
<description><![CDATA[<b><u>Address:</u></b> 9845 MCCREE RD, DALLAS, TX 75238<br/><b><u>Type:</u></b> Private<br/><b><u>Enrollment:</u></b> 10]]></description>
<Point>
<coordinates>-96.717161,32.87179</coordinates>
</Point>
</Placemark>
<Placemark>
<n>THE WALDEN SCHOOL</n>
<styleUrl>#Closed</styleUrl>
<description><![CDATA[<b><u>Address:</u></b> 16103 LEXINGTON BLVD A, SUGAR LAND, TX 77479<br/><b><u>Type:</u></b> Private<br/><b><u>Enrollment:</u></b> 8]]></description>
<Point>
<coordinates>-95.6173115,29.5923476</coordinates>
</Point>
</Placemark>
<Placemark>
<n>IMMANUEL LUTHERAN SCHOOL</n>
<styleUrl>#Closed</styleUrl>
<description><![CDATA[<b><u>Address:</u></b> 703 W 3RD ST, MERCEDES, TX 78570<br/><b><u>Type:</u></b> Private<br/><b><u>Enrollment:</u></b> 15]]></description>
<Point>
<coordinates>-97.917799,26.149145</coordinates>
</Point>
</Placemark>
<Placemark>
<n>CAMBRIDGE MONTESSORI SCHOOL</n>
<styleUrl>#Closed</styleUrl>
<description><![CDATA[<b><u>Address:</u></b> 6380 HWY 90A, SUGAR LAND, TX 77498<br/><b><u>Type:</u></b> Private<br/><b><u>Enrollment:</u></b> 86]]></description>
<Point>
<coordinates>-95.662021,29.60658</coordinates>
</Point>
</Placemark>
<Placemark>
<n>CORINTH MONTESSORI SCHOOL</n>
<styleUrl>#Closed</styleUrl>
<description><![CDATA[<b><u>Address:</u></b> 1300 E PECAN CREEK CIR, CORINTH, TX 76210<br/><b><u>Type:</u></b> Private<br/><b><u>Enrollment:</u></b> 14]]></description>
<Point>
<coordinates>-97.073262,33.160103</coordinates>
</Point>
</Placemark>
<Placemark>
<n>WEST DALLAS COMMUNITY SCHOOL</n>
<styleUrl>#Closed</styleUrl>
<description><![CDATA[<b><u>Address:</u></b> 2300 CANADA DR, DALLAS, TX 75212<br/><b><u>Type:</u></b> Private<br/><b><u>Enrollment:</u></b> 190]]></description>
<Point>
<coordinates>-96.859691,32.79189</coordinates>
</Point>
</Placemark>
<Placemark>
<n>AZLE CHRISTIAN SCHOOL</n>
<styleUrl>#Closed</styleUrl>
<description><![CDATA[<b><u>Address:</u></b> 1801 S STEWART ST, AZLE, TX 76020<br/><b><u>Type:</u></b> Private<br/><b><u>Enrollment:</u></b> 175]]></description>
<Point>
<coordinates>-97.576631,32.8809</coordinates>
</Point>
</Placemark>
<Placemark>
<n>AUSTIN INTERNATIONAL SCHOOL</n>
<styleUrl>#Closed</styleUrl>
<description><![CDATA[<b><u>Address:</u></b> 4001 ADELPHI LN, AUSTIN, TX 78727<br/><b><u>Type:</u></b> Private<br/><b><u>Enrollment:</u></b> 163]]></description>
<Point>
<coordinates>-97.717961,30.42256</coordinates>
</Point>
</Placemark>
<Placemark>
<n>MONTESSORI ACADEMY OF NORTH TEXAS</n>
<styleUrl>#Closed</styleUrl>
<description><![CDATA[<b><u>Address:</u></b> 906 COTTONWOOD DR, SHERMAN, TX 75090<br/><b><u>Type:</u></b> Private<br/><b><u>Enrollment:</u></b> 20]]></description>
<Point>
<coordinates>-96.604241,33.65908</coordinates>
</Point>
</Placemark>
<Placemark>
<n>ANGLETON CHRISTIAN SCHOOL</n>
<styleUrl>#Closed</styleUrl>
<description><![CDATA[<b><u>Address:</u></b> 976 COUNTY ROAD 44, ANGLETON, TX 77515<br/><b><u>Type:</u></b> Private<br/><b><u>Enrollment:</u></b> 294]]></description>
<Point>
<coordinates>-95.450175,29.180421</coordinates>
</Point>
</Placemark>
<Placemark>
<n>CONGREGATION BETH ISRAEL</n>
<styleUrl>#Closed</styleUrl>
<description><![CDATA[<b><u>Address:</u></b> 5600 N BRAESWOOD BLVD # B, HOUSTON, TX 77096<br/><b><u>Type:</u></b> Private<br/><b><u>Enrollment:</u></b> 200]]></description>
<Point>
<coordinates>-95.488202,29.67688</coordinates>
</Point>
</Placemark>
<Placemark>
<n>KINGDOM COUNTRY ACADEMY</n>
<styleUrl>#Closed</styleUrl>
<description><![CDATA[<b><u>Address:</u></b> 210 W 3RD ST, VAN ALSTYNE, TX 75495<br/><b><u>Type:</u></b> Private<br/><b><u>Enrollment:</u></b> 100]]></description>
<Point>
<coordinates>-96.550599,33.350366</coordinates>
</Point>
</Placemark>
<Placemark>
<n>LAKE TRAVIS STEM ACADEMY</n>
<styleUrl>#Closed</styleUrl>
<description><![CDATA[<b><u>Address:</u></b> 3315 EL SALIDO PKWY, CEDAR PARK, TX 78613<br/><b><u>Type:</u></b> Private<br/><b><u>Enrollment:</u></b> 46]]></description>
<Point>
<coordinates>-97.827647,30.460406</coordinates>
</Point>
</Placemark>
<Placemark>
<n>GREATER LOVE LEARNING ACADEMY LLC</n>
<styleUrl>#Closed</styleUrl>
<description><![CDATA[<b><u>Address:</u></b> 3400 OLD FM 440 RD, KILLEEN, TX 76549<br/><b><u>Type:</u></b> Private<br/><b><u>Enrollment:</u></b> 12]]></description>
<Point>
<coordinates>-97.757981,31.08511</coordinates>
</Point>
</Placemark>
<Placemark>
<n>PRESTON ABC DAY SCHOOL</n>
<styleUrl>#Closed</styleUrl>
<description><![CDATA[<b><u>Address:</u></b> 4845 HEDGCOXE RD, PLANO, TX 75024<br/><b><u>Type:</u></b> Private<br/><b><u>Enrollment:</u></b> 20]]></description>
<Point>
<coordinates>-96.795831,33.08325</coordinates>
</Point>
</Placemark>
<Placemark>
<n>SUMMIT SCHOOL WACO</n>
<styleUrl>#Closed</styleUrl>
<description><![CDATA[<b><u>Address:</u></b> 1910 AUSTIN AVE, WACO, TX 76701<br/><b><u>Type:</u></b> Private<br/><b><u>Enrollment:</u></b> 60]]></description>
<Point>
<coordinates>-97.1447681,31.5449439</coordinates>
</Point>
</Placemark>
<Placemark>
<n>ST PIUS X GRADE SCHOOL</n>
<styleUrl>#Closed</styleUrl>
<description><![CDATA[<b><u>Address:</u></b> 1007 GERONIMO DR, EL PASO, TX 79905<br/><b><u>Type:</u></b> Private<br/><b><u>Enrollment:</u></b> 127]]></description>
<Point>
<coordinates>-106.4078246,31.7792192</coordinates>
</Point>
</Placemark>
<Placemark>
<n>EXCELLED MONTESSORI PLUS</n>
<styleUrl>#Closed</styleUrl>
<description><![CDATA[<b><u>Address:</u></b> 27521 INTERSTATE 10 W, BOERNE, TX 78006<br/><b><u>Type:</u></b> Private<br/><b><u>Enrollment:</u></b> 54]]></description>
<Point>
<coordinates>-98.6595283,29.708882</coordinates>
</Point>
</Placemark>
<Placemark>
<n>LAKE CONROE CHRISTIAN ACADEMY</n>
<styleUrl>#Closed</styleUrl>
<description><![CDATA[<b><u>Address:</u></b> 2080 LONGMIRE RD, CONROE, TX 77304<br/><b><u>Type:</u></b> Private<br/><b><u>Enrollment:</u></b> 37]]></description>
<Point>
<coordinates>-95.5117885,30.3465207</coordinates>
</Point>
</Placemark>
<Placemark>
<n>M.O.M. EARLY CHILDHOOD CHRISTIAN ACADEMY</n>
<styleUrl>#Closed</styleUrl>
<description><![CDATA[<b><u>Address:</u></b> 3601 BLODGETT ST, HOUSTON, TX 77004<br/><b><u>Type:</u></b> Private<br/><b><u>Enrollment:</u></b> 12]]></description>
<Point>
<coordinates>-95.3558457,29.7178169</coordinates>
</Point>
</Placemark>
<Placemark>
<n>PALOMA MONTESSORI SCHOOL</n>
<styleUrl>#Closed</styleUrl>
<description><![CDATA[<b><u>Address:</u></b> 125 W MCCARTY LN, SAN MARCOS, TX 78666<br/><b><u>Type:</u></b> Private<br/><b><u>Enrollment:</u></b> 70]]></description>
<Point>
<coordinates>-97.981846,29.847259</coordinates>
</Point>
</Placemark>
<Placemark>
<n>ROCKBROOK MONTESSORI ACADEMY AT VALLEY RANCH</n>
<styleUrl>#Closed</styleUrl>
<description><![CDATA[<b><u>Address:</u></b> 1201 RANCH TRL, IRVING, TX 75063<br/><b><u>Type:</u></b> Private<br/><b><u>Enrollment:</u></b> 10]]></description>
<Point>
<coordinates>-96.9656629,32.926384</coordinates>
</Point>
</Placemark>
<Placemark>
<n>WILLOW MONTESSORI ACADEMY</n>
<styleUrl>#Closed</styleUrl>
<description><![CDATA[<b><u>Address:</u></b> 2404 EMPIRE CENTRAL, DALLAS, TX 75235<br/><b><u>Type:</u></b> Private<br/><b><u>Enrollment:</u></b> 5]]></description>
<Point>
<coordinates>-96.8490376,32.8304623</coordinates>
</Point>
</Placemark>
<Placemark>
<n>ST PAUL'S PREPARATORY ACADEMY</n>
<styleUrl>#Closed</styleUrl>
<description><![CDATA[<b><u>Address:</u></b> 6900 US HIGHWAY 287, ARLINGTON, TX 76001<br/><b><u>Type:</u></b> Private<br/><b><u>Enrollment:</u></b> 184]]></description>
<Point>
<coordinates>-97.180906,32.636299</coordinates>
</Point>
</Placemark>
<Placemark>
<n>SOUTH TEXAS CHRISTIAN ACADEMY</n>
<styleUrl>#Closed</styleUrl>
<description><![CDATA[<b><u>Address:</u></b> 7001 N WARE RD, MCALLEN, TX 78504<br/><b><u>Type:</u></b> Private<br/><b><u>Enrollment:</u></b> 184]]></description>
<Point>
<coordinates>-98.2518953,26.2695473</coordinates>
</Point>
</Placemark>
<Placemark>
<n>THE CLARIDEN SCHOOL</n>
<styleUrl>#Closed</styleUrl>
<description><![CDATA[<b><u>Address:</u></b> 100 CLARIDEN RANCH RD, SOUTHLAKE, TX 76092<br/><b><u>Type:</u></b> Private<br/><b><u>Enrollment:</u></b> 143]]></description>
<Point>
<coordinates>-97.158651,32.99202</coordinates>
</Point>
</Placemark>
<Placemark>
<n>PRESTON MEADOWS MONTESSORI SCHOOL</n>
<styleUrl>#Closed</styleUrl>
<description><![CDATA[<b><u>Address:</u></b> 6912 OHIO DR, PLANO, TX 75024<br/><b><u>Type:</u></b> Private<br/><b><u>Enrollment:</u></b> 4]]></description>
<Point>
<coordinates>-96.791281,33.06919</coordinates>
</Point>
</Placemark>
<Placemark>
<n>AKIBA YAVNEH ACADEMY</n>
<styleUrl>#Closed</styleUrl>
<description><![CDATA[<b><u>Address:</u></b> 12324 MERIT DR, DALLAS, TX 75251<br/><b><u>Type:</u></b> Private<br/><b><u>Enrollment:</u></b> 317]]></description>
<Point>
<coordinates>-96.771376,32.915796</coordinates>
</Point>
</Placemark>
<Placemark>
<n>VENTURE CHRISTIAN SCHOOL</n>
<styleUrl>#Closed</styleUrl>
<description><![CDATA[<b><u>Address:</u></b> 3401 S ALAMEDA ST, CORPUS CHRISTI, TX 78411<br/><b><u>Type:</u></b> Private<br/><b><u>Enrollment:</u></b> 8]]></description>
<Point>
<coordinates>-97.387051,27.75129</coordinates>
</Point>
</Placemark>
<Placemark>
<n>ABACUS SCHOOL OF AUSTIN</n>
<styleUrl>#Closed</styleUrl>
<description><![CDATA[<b><u>Address:</u></b> 14115 AVERY RANCH BLVD, AUSTIN, TX 78717<br/><b><u>Type:</u></b> Private<br/><b><u>Enrollment:</u></b> 20]]></description>
<Point>
<coordinates>-97.787701,30.49438</coordinates>
</Point>
</Placemark>
<Placemark>
<n>LITTLE WONDERS OF BAYBROOK BAPTIST</n>
<styleUrl>#Closed</styleUrl>
<description><![CDATA[<b><u>Address:</u></b> 15775 HOPE VILLAGE RD, FRIENDSWOOD, TX 77546<br/><b><u>Type:</u></b> Private<br/><b><u>Enrollment:</u></b> 1]]></description>
<Point>
<coordinates>-95.181138,29.5467943</coordinates>
</Point>
</Placemark>
<Placemark>
<n>STONEHILL CHRISTIAN ACADEMY</n>
<styleUrl>#Closed</styleUrl>
<description><![CDATA[<b><u>Address:</u></b> 4301 KELLY LN, PFLUGERVILLE, TX 78660<br/><b><u>Type:</u></b> Private<br/><b><u>Enrollment:</u></b> 34]]></description>
<Point>
<coordinates>-97.561271,30.4563</coordinates>
</Point>
</Placemark>
<Placemark>
<n>PRESTONWOOD CHRISTIAN ACADEMY OF PROSPER</n>
<styleUrl>#Closed</styleUrl>
<description><![CDATA[<b><u>Address:</u></b> 1001 W PROSPER TRL, PROSPER, TX 75078<br/><b><u>Type:</u></b> Private<br/><b><u>Enrollment:</u></b> 309]]></description>
<Point>
<coordinates>-96.812571,33.24608</coordinates>
</Point>
</Placemark>
<Placemark>
<n>SALAM ACADEMY</n>
<styleUrl>#Closed</styleUrl>
<description><![CDATA[<b><u>Address:</u></b> 735 N PLANO RD STE 100, RICHARDSON, TX 75081<br/><b><u>Type:</u></b> Private<br/><b><u>Enrollment:</u></b> 145]]></description>
<Point>
<coordinates>-96.701053,32.958945</coordinates>
</Point>
</Placemark>
<Placemark>
<n>PRESTONWOOD CHRISTIAN ACADEMY</n>
<styleUrl>#Closed</styleUrl>
<description><![CDATA[<b><u>Address:</u></b> 6801 W PARK BLVD, PLANO, TX 75093<br/><b><u>Type:</u></b> Private<br/><b><u>Enrollment:</u></b> 1656]]></description>
<Point>
<coordinates>-96.847113,33.028896</coordinates>
</Point>
</Placemark>
<Placemark>
<n>LIFE LUTHERAN SCHOOL</n>
<styleUrl>#Closed</styleUrl>
<description><![CDATA[<b><u>Address:</u></b> 4425 FM 2351 RD, FRIENDSWOOD, TX 77546<br/><b><u>Type:</u></b> Private<br/><b><u>Enrollment:</u></b> 71]]></description>
<Point>
<coordinates>-95.185051,29.55198</coordinates>
</Point>
</Placemark>
<Placemark>
<n>CROSSROADS CHRISTIAN ACADEMY</n>
<styleUrl>#Closed</styleUrl>
<description><![CDATA[<b><u>Address:</u></b> 5817 WADDELL ST, FORT WORTH, TX 76114<br/><b><u>Type:</u></b> Private<br/><b><u>Enrollment:</u></b> 39]]></description>
<Point>
<coordinates>-97.409548,32.804303</coordinates>
</Point>
</Placemark>
<Placemark>
<n>KIDS VILLAGE MONTESSORI LRNNG</n>
<styleUrl>#Closed</styleUrl>
<description><![CDATA[<b><u>Address:</u></b> 5401 N G ST, MCALLEN, TX 78504<br/><b><u>Type:</u></b> Private<br/><b><u>Enrollment:</u></b> 19]]></description>
<Point>
<coordinates>-98.2035535,26.2492932</coordinates>
</Point>
</Placemark>
<Placemark>
<n>MARIMONT MONTESSORI SCHOOL INC</n>
<styleUrl>#Closed</styleUrl>
<description><![CDATA[<b><u>Address:</u></b> 801 FM 685, PFLUGERVILLE, TX 78660<br/><b><u>Type:</u></b> Private<br/><b><u>Enrollment:</u></b> 3]]></description>
<Point>
<coordinates>-97.609591,30.44224</coordinates>
</Point>
</Placemark>
<Placemark>
<n>KINWEST MONTESSORI ACADEMY</n>
<styleUrl>#Closed</styleUrl>
<description><![CDATA[<b><u>Address:</u></b> 1009 KINWEST PKWY, IRVING, TX 75063<br/><b><u>Type:</u></b> Private<br/><b><u>Enrollment:</u></b> 23]]></description>
<Point>
<coordinates>-96.9619569,32.9080248</coordinates>
</Point>
</Placemark>
<Placemark>
<n>SMALLER SCHOLARS MONTESSORI</n>
<styleUrl>#Closed</styleUrl>
<description><![CDATA[<b><u>Address:</u></b> 1685 S DAIRY ASHFORD RD, HOUSTON, TX 77077<br/><b><u>Type:</u></b> Private<br/><b><u>Enrollment:</u></b> 83]]></description>
<Point>
<coordinates>-95.604931,29.75011</coordinates>
</Point>
</Placemark>
<Placemark>
<n>SOUTHWEST COMMUNITY CHRISTIAN ACADEMY</n>
<styleUrl>#Closed</styleUrl>
<description><![CDATA[<b><u>Address:</u></b> 14880 BELLAIRE BLVD, HOUSTON, TX 77083<br/><b><u>Type:</u></b> Private<br/><b><u>Enrollment:</u></b> 14]]></description>
<Point>
<coordinates>-95.649011,29.70309</coordinates>
</Point>
</Placemark>
<Placemark>
<n>APPLE TREE SCHOOL</n>
<styleUrl>#Closed</styleUrl>
<description><![CDATA[<b><u>Address:</u></b> 17127 RED OAK DR, HOUSTON, TX 77090<br/><b><u>Type:</u></b> Private<br/><b><u>Enrollment:</u></b> 10]]></description>
<Point>
<coordinates>-95.446491,30.01954</coordinates>
</Point>
</Placemark>
<Placemark>
<n>MONTESSORI PRESCHOOL AT COPPERFIELD</n>
<styleUrl>#Closed</styleUrl>
<description><![CDATA[<b><u>Address:</u></b> 8007 QUEENSTON BLVD, HOUSTON, TX 77095<br/><b><u>Type:</u></b> Private<br/><b><u>Enrollment:</u></b> 23]]></description>
<Point>
<coordinates>-95.669021,29.89596</coordinates>
</Point>
</Placemark>
<Placemark>
<n>WOODLANDS CHRISTIAN ACADEMY</n>
<styleUrl>#Closed</styleUrl>
<description><![CDATA[<b><u>Address:</u></b> 5800 ACADEMY WAY, THE WOODLANDS, TX 77384<br/><b><u>Type:</u></b> Private<br/><b><u>Enrollment:</u></b> 673]]></description>
<Point>
<coordinates>-95.487298,30.2054</coordinates>
</Point>
</Placemark>
<Placemark>
<n>ARMAND BAYOU MONTESSORI</n>
<styleUrl>#Closed</styleUrl>
<description><![CDATA[<b><u>Address:</u></b> 16204 HICKORY KNOLL DR, HOUSTON, TX 77059<br/><b><u>Type:</u></b> Private<br/><b><u>Enrollment:</u></b> 34]]></description>
<Point>
<coordinates>-95.112842,29.594347</coordinates>
</Point>
</Placemark>
<Placemark>
<n>EPISCOPAL SCHOOL OF DALLAS PK-12</n>
<styleUrl>#Closed</styleUrl>
<description><![CDATA[<b><u>Address:</u></b> 4100 MERRELL RD, DALLAS, TX 75229<br/><b><u>Type:</u></b> Private<br/><b><u>Enrollment:</u></b> 1104]]></description>
<Point>
<coordinates>-96.841906,32.886931</coordinates>
</Point>
</Placemark>
<Placemark>
<n>ST PHILIP THE APOSTLE CATHOLIC SCHOOL</n>
<styleUrl>#Closed</styleUrl>
<description><![CDATA[<b><u>Address:</u></b> 302 W CHURCH ST, EL CAMPO, TX 77437<br/><b><u>Type:</u></b> Private<br/><b><u>Enrollment:</u></b> 212]]></description>
<Point>
<coordinates>-96.276466,29.20055</coordinates>
</Point>
</Placemark>
<Placemark>
<n>SHINER CATHOLIC SCHOOL</n>
<styleUrl>#Closed</styleUrl>
<description><![CDATA[<b><u>Address:</u></b> 424 S ST LUDMILA ST, SHINER, TX 77984<br/><b><u>Type:</u></b> Private<br/><b><u>Enrollment:</u></b> 246]]></description>
<Point>
<coordinates>-97.165556,29.422794</coordinates>
</Point>
</Placemark>
<Placemark>
<n>MONSIGNOR KELLY CATHOLIC SCHOOL</n>
<styleUrl>#Closed</styleUrl>
<description><![CDATA[<b><u>Address:</u></b> 5950 KELLY DR, BEAUMONT, TX 77707<br/><b><u>Type:</u></b> Private<br/><b><u>Enrollment:</u></b> 341]]></description>
<Point>
<coordinates>-94.160311,30.061303</coordinates>
</Point>
</Placemark>
<Placemark>
<n>CATHEDRAL HIGH SCHOOL</n>
<styleUrl>#Closed</styleUrl>
<description><![CDATA[<b><u>Address:</u></b> 1309 N STANTON ST, EL PASO, TX 79902<br/><b><u>Type:</u></b> Private<br/><b><u>Enrollment:</u></b> 383]]></description>
<Point>
<coordinates>-106.493727,31.767373</coordinates>
</Point>
</Placemark>
<Placemark>
<n>ALL SAINTS CATHOLIC SCHOOL</n>
<styleUrl>#Closed</styleUrl>
<description><![CDATA[<b><u>Address:</u></b> 2006 N HOUSTON ST, FORT WORTH, TX 76164<br/><b><u>Type:</u></b> Private<br/><b><u>Enrollment:</u></b> 113]]></description>
<Point>
<coordinates>-97.3513,32.781887</coordinates>
</Point>
</Placemark>
<Placemark>
<n>OUR LADY OF FATIMA CATHOLIC SCHOOL</n>
<styleUrl>#Closed</styleUrl>
<description><![CDATA[<b><u>Address:</u></b> 1600 9TH AVE N, TEXAS CITY, TX 77590<br/><b><u>Type:</u></b> Private<br/><b><u>Enrollment:</u></b> 37]]></description>
<Point>
<coordinates>-94.916837,29.393948</coordinates>
</Point>
</Placemark>
<Placemark>
<n>ST ROSE OF LIMA CATHOLIC SCHOOL</n>
<styleUrl>#Closed</styleUrl>
<description><![CDATA[<b><u>Address:</u></b> 3600 BRINKMAN ST, HOUSTON, TX 77018<br/><b><u>Type:</u></b> Private<br/><b><u>Enrollment:</u></b> 303]]></description>
<Point>
<coordinates>-95.415121,29.82006</coordinates>
</Point>
</Placemark>
<Placemark>
<n>EPISCOPAL DAY SCHOOL</n>
<styleUrl>#Closed</styleUrl>
<description><![CDATA[<b><u>Address:</u></b> 34 N CORIA ST, BROWNSVILLE, TX 78520<br/><b><u>Type:</u></b> Private<br/><b><u>Enrollment:</u></b> 184]]></description>
<Point>
<coordinates>-97.507591,25.92787</coordinates>
</Point>
</Placemark>
<Placemark>
<n>KENMONT MONTESSORI SCHOOL</n>
<styleUrl>#Closed</styleUrl>
<description><![CDATA[<b><u>Address:</u></b> 2734 N CORIA ST, BROWNSVILLE, TX 78520<br/><b><u>Type:</u></b> Private<br/><b><u>Enrollment:</u></b> 270]]></description>
<Point>
<coordinates>-97.506021,25.94141</coordinates>
</Point>
</Placemark>
<Placemark>
<n>TRINITY LUTHERAN SCHOOL</n>
<styleUrl>#Closed</styleUrl>
<description><![CDATA[<b><u>Address:</u></b> 3516 LUTHERAN WAY, SAN ANGELO, TX 76904<br/><b><u>Type:</u></b> Private<br/><b><u>Enrollment:</u></b> 98]]></description>
<Point>
<coordinates>-100.462988,31.414988</coordinates>
</Point>
</Placemark>
<Placemark>
<n>ST PAUL LUTHERAN SCHOOL</n>
<styleUrl>#Closed</styleUrl>
<description><![CDATA[<b><u>Address:</u></b> 300 PECAN BLVD, MCALLEN, TX 78501<br/><b><u>Type:</u></b> Private<br/><b><u>Enrollment:</u></b> 110]]></description>
<Point>
<coordinates>-98.219371,26.21813</coordinates>
</Point>
</Placemark>
<Placemark>
<n>ST GEORGE EPISCOPAL SCHOOL</n>
<styleUrl>#Closed</styleUrl>
<description><![CDATA[<b><u>Address:</u></b> 6900 W AVE, SAN ANTONIO, TX 78213<br/><b><u>Type:</u></b> Private<br/><b><u>Enrollment:</u></b> 499]]></description>
<Point>
<coordinates>-98.523697,29.530966</coordinates>
</Point>
</Placemark>
<Placemark>
<n>OUR SAVIOR LUTHERAN SCHOOL</n>
<styleUrl>#Closed</styleUrl>
<description><![CDATA[<b><u>Address:</u></b> 5000 W TIDWELL RD, HOUSTON, TX 77091<br/><b><u>Type:</u></b> Private<br/><b><u>Enrollment:</u></b> 241]]></description>
<Point>
<coordinates>-95.4716661,29.8509975</coordinates>
</Point>
</Placemark>
<Placemark>
<n>MEMORIAL HALL SCHOOL</n>
<styleUrl>#Closed</styleUrl>
<description><![CDATA[<b><u>Address:</u></b> 2501 CENTRAL PKWY STE A19, HOUSTON, TX 77092<br/><b><u>Type:</u></b> Private<br/><b><u>Enrollment:</u></b> 19]]></description>
<Point>
<coordinates>-95.465911,29.81133</coordinates>
</Point>
</Placemark>
<Placemark>
<n>NAZARETH ACADEMY CATHOLIC SCHOOL</n>
<styleUrl>#Closed</styleUrl>
<description><![CDATA[<b><u>Address:</u></b> 206 W CONVENT ST, VICTORIA, TX 77901<br/><b><u>Type:</u></b> Private<br/><b><u>Enrollment:</u></b> 282]]></description>
<Point>
<coordinates>-97.008861,28.79662</coordinates>
</Point>
</Placemark>
<Placemark>
<n>ST PHILIPS SCHOOL AND COMMUNITY CENTER</n>
<styleUrl>#Closed</styleUrl>
<description><![CDATA[<b><u>Address:</u></b> 1600 PENNSYLVANIA AVE, DALLAS, TX 75215<br/><b><u>Type:</u></b> Private<br/><b><u>Enrollment:</u></b> 162]]></description>
<Point>
<coordinates>-96.7749671,32.7596047</coordinates>
</Point>
</Placemark>
<Placemark>
<n>MONTESSORI LEARNING COTTAGE</n>
<styleUrl>#Closed</styleUrl>
<description><![CDATA[<b><u>Address:</u></b> 8644 BEVERLYHILL ST, HOUSTON, TX 77063<br/><b><u>Type:</u></b> Private<br/><b><u>Enrollment:</u></b> 10]]></description>
<Point>
<coordinates>-95.516531,29.73024</coordinates>
</Point>
</Placemark>
<Placemark>
<n>FRISCO MONTESSORI ACADEMY</n>
<styleUrl>#Closed</styleUrl>
<description><![CDATA[<b><u>Address:</u></b> 8890 MEADOW HILL DR, FRISCO, TX 75033<br/><b><u>Type:</u></b> Private<br/><b><u>Enrollment:</u></b> 98]]></description>
<Point>
<coordinates>-96.804541,33.16387</coordinates>
</Point>
</Placemark>
<Placemark>
<n>HUMBLE CHRISTIAN SCHOOL</n>
<styleUrl>#Closed</styleUrl>
<description><![CDATA[<b><u>Address:</u></b> 16202 OLD HUMBLE RD, HUMBLE, TX 77396<br/><b><u>Type:</u></b> Private<br/><b><u>Enrollment:</u></b> 219]]></description>
<Point>
<coordinates>-95.268591,29.95326</coordinates>
</Point>
</Placemark>
<Placemark>
<n>THE ST ANTHONY SCHOOL</n>
<styleUrl>#Closed</styleUrl>
<description><![CDATA[<b><u>Address:</u></b> 2040 DENTON DR, CARROLLTON, TX 75006<br/><b><u>Type:</u></b> Private<br/><b><u>Enrollment:</u></b> 66]]></description>
<Point>
<coordinates>-96.906022,32.97059</coordinates>
</Point>
</Placemark>
<Placemark>
<n>PRIMROSE SCHOOL OF CASTLE HILLS</n>
<styleUrl>#Closed</styleUrl>
<description><![CDATA[<b><u>Address:</u></b> 1824 KING ARTHUR BLVD, CARROLLTON, TX 75010<br/><b><u>Type:</u></b> Private<br/><b><u>Enrollment:</u></b> 13]]></description>
<Point>
<coordinates>-96.8853481,33.0346182</coordinates>
</Point>
</Placemark>
<Placemark>
<n>DR. R. W. GOINES STEM ACADEMY</n>
<styleUrl>#Closed</styleUrl>
<description><![CDATA[<b><u>Address:</u></b> 2455 SE GREEN OAKS BLVD, ARLINGTON, TX 76018<br/><b><u>Type:</u></b> Private<br/><b><u>Enrollment:</u></b> 55]]></description>
<Point>
<coordinates>-97.064161,32.66244</coordinates>
</Point>
</Placemark>
<Placemark>
<n>NEW HOPE CHRISTIAN ACADEMY</n>
<styleUrl>#Closed</styleUrl>
<description><![CDATA[<b><u>Address:</u></b> 1501 H AVE, PLANO, TX 75074<br/><b><u>Type:</u></b> Private<br/><b><u>Enrollment:</u></b> 43]]></description>
<Point>
<coordinates>-96.703071,33.02005</coordinates>
</Point>
</Placemark>
<Placemark>
<n>CALVARY CHILDHOOD EDUCATION MINISTRY</n>
<styleUrl>#Closed</styleUrl>
<description><![CDATA[<b><u>Address:</u></b> 517 18TH AVE N, TEXAS CITY, TX 77590<br/><b><u>Type:</u></b> Private<br/><b><u>Enrollment:</u></b> 15]]></description>
<Point>
<coordinates>-94.902211,29.40182</coordinates>
</Point>
</Placemark>
<Placemark>
<n>PINNACLE MONTESSORI ACADEMY OF ALAMO RANCH</n>
<styleUrl>#Closed</styleUrl>
<description><![CDATA[<b><u>Address:</u></b> 11400 CULEBRA RD, SAN ANTONIO, TX 78253<br/><b><u>Type:</u></b> Private<br/><b><u>Enrollment:</u></b> 19]]></description>
<Point>
<coordinates>-98.7182286,29.4985753</coordinates>
</Point>
</Placemark>
<Placemark>
<n>WEE CARE SCHOOL</n>
<styleUrl>#Closed</styleUrl>
<description><![CDATA[<b><u>Address:</u></b> 101 W AVE F, COPPERAS COVE, TX 76522<br/><b><u>Type:</u></b> Private<br/><b><u>Enrollment:</u></b> 7]]></description>
<Point>
<coordinates>-97.903381,31.12189</coordinates>
</Point>
</Placemark>
<Placemark>
<n>HUA XIA CHINESE SCHOOL</n>
<styleUrl>#Closed</styleUrl>
<description><![CDATA[<b><u>Address:</u></b> 5925 SOVEREIGN DR, HOUSTON, TX 77036<br/><b><u>Type:</u></b> Private<br/><b><u>Enrollment:</u></b> 3250]]></description>
<Point>
<coordinates>-95.553212,29.712969</coordinates>
</Point>
</Placemark>
<Placemark>
<n>ASCENSION DAY SCHOOL</n>
<styleUrl>#Closed</styleUrl>
<description><![CDATA[<b><u>Address:</u></b> 8787 GREENVILLE AVE, DALLAS, TX 75243<br/><b><u>Type:</u></b> Private<br/><b><u>Enrollment:</u></b> 10]]></description>
<Point>
<coordinates>-96.752223,32.896827</coordinates>
</Point>
</Placemark>
<Placemark>
<n>YPW SPANISH IMMERSION SCHOOL</n>
<styleUrl>#Closed</styleUrl>
<description><![CDATA[<b><u>Address:</u></b> 3640 BEE CAVES RD, WEST LAKE HILLS, TX 78746<br/><b><u>Type:</u></b> Private<br/><b><u>Enrollment:</u></b> 10]]></description>
<Point>
<coordinates>-97.805552,30.280068</coordinates>
</Point>
</Placemark>
<Placemark>
<n>NEW LIFE CHRISTIAN ACADEMY OF EL PASO INC.</n>
<styleUrl>#Closed</styleUrl>
<description><![CDATA[<b><u>Address:</u></b> 2301 LEE TREVINO DR, EL PASO, TX 79936<br/><b><u>Type:</u></b> Private<br/><b><u>Enrollment:</u></b> 20]]></description>
<Point>
<coordinates>-106.322621,31.774995</coordinates>
</Point>
</Placemark>
<Placemark>
<n>RIVERBEND MONTESSORI SCHOOL</n>
<styleUrl>#Closed</styleUrl>
<description><![CDATA[<b><u>Address:</u></b> 4225 ELKINS RD, SUGAR LAND, TX 77479<br/><b><u>Type:</u></b> Private<br/><b><u>Enrollment:</u></b> 47]]></description>
<Point>
<coordinates>-95.630821,29.5749</coordinates>
</Point>
</Placemark>
<Placemark>
<n>CORNERSTONE CHRISTIAN SCHOOL</n>
<styleUrl>#Closed</styleUrl>
<description><![CDATA[<b><u>Address:</u></b> 1502 N JEFFERSON ST, SAN ANGELO, TX 76901<br/><b><u>Type:</u></b> Private<br/><b><u>Enrollment:</u></b> 191]]></description>
<Point>
<coordinates>-100.464504,31.469229</coordinates>
</Point>
</Placemark>
<Placemark>
<n>OAK FOREST MONTESSORI SCHOOL</n>
<styleUrl>#Closed</styleUrl>
<description><![CDATA[<b><u>Address:</u></b> 2000 GREENLEAF ST, LONGVIEW, TX 75605<br/><b><u>Type:</u></b> Private<br/><b><u>Enrollment:</u></b> 17]]></description>
<Point>
<coordinates>-94.769911,32.53606</coordinates>
</Point>
</Placemark>
<Placemark>
<n>CHILDRENS DISCOVERY CENTER</n>
<styleUrl>#Closed</styleUrl>
<description><![CDATA[<b><u>Address:</u></b> 403 S MAIN ST, IRVING, TX 75060<br/><b><u>Type:</u></b> Private<br/><b><u>Enrollment:</u></b> 6]]></description>
<Point>
<coordinates>-96.946851,32.8101</coordinates>
</Point>
</Placemark>
<Placemark>
<n>BRECKINRIDGE MONTESSORI SCHOOL</n>
<styleUrl>#Closed</styleUrl>
<description><![CDATA[<b><u>Address:</u></b> 3900 BRECKENRIDGE BLVD, RICHARDSON, TX 75082<br/><b><u>Type:</u></b> Private<br/><b><u>Enrollment:</u></b> 24]]></description>
<Point>
<coordinates>-96.650701,32.99059</coordinates>
</Point>
</Placemark>
<Placemark>
<n>SILVERLINE MONTESSORI SCHOOL - SHADOW CREEK</n>
<styleUrl>#Closed</styleUrl>
<description><![CDATA[<b><u>Address:</u></b> 2080 REFLECTION BAY DR, PEARLAND, TX 77584<br/><b><u>Type:</u></b> Private<br/><b><u>Enrollment:</u></b> 108]]></description>
<Point>
<coordinates>-95.407471,29.574559</coordinates>
</Point>
</Placemark>
<Placemark>
<n>SAPIENTIA MONTESSORI SCHOOL</n>
<styleUrl>#Closed</styleUrl>
<description><![CDATA[<b><u>Address:</u></b> 1220 COTTONWOOD CREEK TRL, CEDAR PARK, TX 78613<br/><b><u>Type:</u></b> Private<br/><b><u>Enrollment:</u></b> 57]]></description>
<Point>
<coordinates>-97.806371,30.53209</coordinates>
</Point>
</Placemark>
<Placemark>
<n>GRACE COVENANT ACADEMY-FRISCO</n>
<styleUrl>#Closed</styleUrl>
<description><![CDATA[<b><u>Address:</u></b> 8000 SANCTUARY DR, FRISCO, TX 75033<br/><b><u>Type:</u></b> Private<br/><b><u>Enrollment:</u></b> 165]]></description>
<Point>
<coordinates>-96.813371,33.17716</coordinates>
</Point>
</Placemark>
<Placemark>
<n>CENTRAL CATHOLIC HIGH SCHOOL -SAN ANTONIO</n>
<styleUrl>#Closed</styleUrl>
<description><![CDATA[<b><u>Address:</u></b> 1403 N SAINT MARYS ST, SAN ANTONIO, TX 78215<br/><b><u>Type:</u></b> Private<br/><b><u>Enrollment:</u></b> 532]]></description>
<Point>
<coordinates>-98.485951,29.43615</coordinates>
</Point>
</Placemark>
<Placemark>
<n>CRISTO REY DALLAS COLLEGE PREP</n>
<styleUrl>#Closed</styleUrl>
<description><![CDATA[<b><u>Address:</u></b> 1064 N ST AUGUSTINE DR, DALLAS, TX 75217<br/><b><u>Type:</u></b> Private<br/><b><u>Enrollment:</u></b> 421]]></description>
<Point>
<coordinates>-96.655123,32.730424</coordinates>
</Point>
</Placemark>
<Placemark>
<n>LAKESIDE MONTESSORI ACADEMY LLC</n>
<styleUrl>#Closed</styleUrl>
<description><![CDATA[<b><u>Address:</u></b> 4995 WESTPORT DR, THE COLONY, TX 75056<br/><b><u>Type:</u></b> Private<br/><b><u>Enrollment:</u></b> 13]]></description>
<Point>
<coordinates>-96.894461,33.08005</coordinates>
</Point>
</Placemark>
<Placemark>
<n>THE CONNECTION SCHOOL OF HOUSTON</n>
<styleUrl>#Closed</styleUrl>
<description><![CDATA[<b><u>Address:</u></b> 15815 HOUSE HAHL RD, CYPRESS, TX 77433<br/><b><u>Type:</u></b> Private<br/><b><u>Enrollment:</u></b> 161]]></description>
<Point>
<coordinates>-95.703375,29.97199</coordinates>
</Point>
</Placemark>
<Placemark>
<n>FORTIS ACADEMY</n>
<styleUrl>#Closed</styleUrl>
<description><![CDATA[<b><u>Address:</u></b> 15611 W ST HWY 29, LIBERTY HILL, TX 78642<br/><b><u>Type:</u></b> Private<br/><b><u>Enrollment:</u></b> 267]]></description>
<Point>
<coordinates>-97.9411859,30.6757535</coordinates>
</Point>
</Placemark>
<Placemark>
<n>PRIMROSE SCHOOL AT FALL CREEK</n>
<styleUrl>#Closed</styleUrl>
<description><![CDATA[<b><u>Address:</u></b> 14950 MESA DR, HUMBLE, TX 77396<br/><b><u>Type:</u></b> Private<br/><b><u>Enrollment:</u></b> 19]]></description>
<Point>
<coordinates>-95.2679489,29.9356271</coordinates>
</Point>
</Placemark>
<Placemark>
<n>TYLER ADVENTIST SCHOOL</n>
<styleUrl>#Closed</styleUrl>
<description><![CDATA[<b><u>Address:</u></b> 2931 S SE LOOP 323, TYLER, TX 75701<br/><b><u>Type:</u></b> Private<br/><b><u>Enrollment:</u></b> 15]]></description>
<Point>
<coordinates>-95.266633,32.316334</coordinates>
</Point>
</Placemark>
<Placemark>
<n>THE EMERY/WEINER CENTER FOR JEWISH EDUCATION</n>
<styleUrl>#Closed</styleUrl>
<description><![CDATA[<b><u>Address:</u></b> 9825 STELLA LINK RD, HOUSTON, TX 77025<br/><b><u>Type:</u></b> Private<br/><b><u>Enrollment:</u></b> 577]]></description>
<Point>
<coordinates>-95.437844,29.675259</coordinates>
</Point>
</Placemark>
<Placemark>
<n>CLEARVIEW SUDBURY SCHOOL</n>
<styleUrl>#Closed</styleUrl>
<description><![CDATA[<b><u>Address:</u></b> 1507 WILSHIRE BLVD, AUSTIN, TX 78722<br/><b><u>Type:</u></b> Private<br/><b><u>Enrollment:</u></b> 20]]></description>
<Point>
<coordinates>-97.71118,30.295956</coordinates>
</Point>
</Placemark>
<Placemark>
<n>AUTISM TREATMENT CENTER DAY SCHOOL PROGRAM</n>
<styleUrl>#Closed</styleUrl>
<description><![CDATA[<b><u>Address:</u></b> 10503 METRIC DR, DALLAS, TX 75243<br/><b><u>Type:</u></b> Private<br/><b><u>Enrollment:</u></b> 41]]></description>
<Point>
<coordinates>-96.703141,32.90682</coordinates>
</Point>
</Placemark>
<Placemark>
<n>WESLEYAN CHRISTIAN ACADEMY</n>
<styleUrl>#Closed</styleUrl>
<description><![CDATA[<b><u>Address:</u></b> 4405 MAIN ST, ROWLETT, TX 75088<br/><b><u>Type:</u></b> Private<br/><b><u>Enrollment:</u></b> 13]]></description>
<Point>
<coordinates>-96.559028,32.904161</coordinates>
</Point>
</Placemark>
<Placemark>
<n>BAY AREA MONTESSORI HOUSE</n>
<styleUrl>#Closed</styleUrl>
<description><![CDATA[<b><u>Address:</u></b> 17222 MERCURY DR, HOUSTON, TX 77058<br/><b><u>Type:</u></b> Private<br/><b><u>Enrollment:</u></b> 36]]></description>
<Point>
<coordinates>-95.116851,29.55034</coordinates>
</Point>
</Placemark>
<Placemark>
<n>GRACE CHRISTIAN ACADEMY</n>
<styleUrl>#Closed</styleUrl>
<description><![CDATA[<b><u>Address:</u></b> 14325 CRESCENT LANDING DR, HOUSTON, TX 77062<br/><b><u>Type:</u></b> Private<br/><b><u>Enrollment:</u></b> 185]]></description>
<Point>
<coordinates>-95.1512,29.579796</coordinates>
</Point>
</Placemark>
<Placemark>
<n>KING'S ACADEMY</n>
<styleUrl>#Closed</styleUrl>
<description><![CDATA[<b><u>Address:</u></b> 7400 ELDRIDGE PKWY, HOUSTON, TX 77083<br/><b><u>Type:</u></b> Private<br/><b><u>Enrollment:</u></b> 54]]></description>
<Point>
<coordinates>-95.626953,29.696976</coordinates>
</Point>
</Placemark>
<Placemark>
<n>DISCOVERY DAYS</n>
<styleUrl>#Closed</styleUrl>
<description><![CDATA[<b><u>Address:</u></b> 201 E MCDERMOTT DR, ALLEN, TX 75002<br/><b><u>Type:</u></b> Private<br/><b><u>Enrollment:</u></b> 12]]></description>
<Point>
<coordinates>-96.668431,33.1018</coordinates>
</Point>
</Placemark>
<Placemark>
<n>CROSSING BORDERS BILINGUAL ACADEMY</n>
<styleUrl>#Closed</styleUrl>
<description><![CDATA[<b><u>Address:</u></b> 2353 RICE BLVD, HOUSTON, TX 77005<br/><b><u>Type:</u></b> Private<br/><b><u>Enrollment:</u></b> 12]]></description>
<Point>
<coordinates>-95.412987,29.717199</coordinates>
</Point>
</Placemark>
<Placemark>
<n>ST IGNATIUS LOYOLA EARLY  CHILDHOOD CENTER</n>
<styleUrl>#Closed</styleUrl>
<description><![CDATA[<b><u>Address:</u></b> 7810 CYPRESSWOOD DR, SPRING, TX 77379<br/><b><u>Type:</u></b> Private<br/><b><u>Enrollment:</u></b> 11]]></description>
<Point>
<coordinates>-95.5265672,30.0069089</coordinates>
</Point>
</Placemark>
<Placemark>
<n>WESTLAKE CHILD DEVELOPMENT CENTER</n>
<styleUrl>#Closed</styleUrl>
<description><![CDATA[<b><u>Address:</u></b> 540 WESTLAKE PARK BLVD, HOUSTON, TX 77079<br/><b><u>Type:</u></b> Private<br/><b><u>Enrollment:</u></b> 12]]></description>
<Point>
<coordinates>-95.6317438,29.7795258</coordinates>
</Point>
</Placemark>
<Placemark>
<n>LAKERIDGE LITTLERIDGE PRESCHOOL</n>
<styleUrl>#Closed</styleUrl>
<description><![CDATA[<b><u>Address:</u></b> 4701 82ND ST, LUBBOCK, TX 79424<br/><b><u>Type:</u></b> Private<br/><b><u>Enrollment:</u></b> 24]]></description>
<Point>
<coordinates>-101.9129168,33.5182841</coordinates>
</Point>
</Placemark>
<Placemark>
<n>RENAISSANCE ACADEMY</n>
<styleUrl>#Closed</styleUrl>
<description><![CDATA[<b><u>Address:</u></b> 14401 OWEN TECH BLVD, AUSTIN, TX 78728<br/><b><u>Type:</u></b> Private<br/><b><u>Enrollment:</u></b> 206]]></description>
<Point>
<coordinates>-97.670466,30.434931</coordinates>
</Point>
</Placemark>
<Placemark>
<n>CONCORDIA LUTHERAN HIGH SCHOOL</n>
<styleUrl>#Closed</styleUrl>
<description><![CDATA[<b><u>Address:</u></b> 700 E MAIN ST, TOMBALL, TX 77375<br/><b><u>Type:</u></b> Private<br/><b><u>Enrollment:</u></b> 545]]></description>
<Point>
<coordinates>-95.605911,30.09924</coordinates>
</Point>
</Placemark>
<Placemark>
<n>CALVARY TEMPLE CHRISTIAN ACADEMY</n>
<styleUrl>#Closed</styleUrl>
<description><![CDATA[<b><u>Address:</u></b> 3150 S BELTLINE RD, MESQUITE, TX 75181<br/><b><u>Type:</u></b> Private<br/><b><u>Enrollment:</u></b> 38]]></description>
<Point>
<coordinates>-96.601532,32.725291</coordinates>
</Point>
</Placemark>
<Placemark>
<n>PARKSIDE COMMUNITY SCHOOL</n>
<styleUrl>#Closed</styleUrl>
<description><![CDATA[<b><u>Address:</u></b> 3207 W SLAUGHTER LN, AUSTIN, TX 78748<br/><b><u>Type:</u></b> Private<br/><b><u>Enrollment:</u></b> 64]]></description>
<Point>
<coordinates>-97.844741,30.18086</coordinates>
</Point>
</Placemark>
<Placemark>
<n>CENTRAL PRESBYTERIAN DAY SCHOOL</n>
<styleUrl>#Closed</styleUrl>
<description><![CDATA[<b><u>Address:</u></b> 309 S CHURCH ST, PARIS, TX 75460<br/><b><u>Type:</u></b> Private<br/><b><u>Enrollment:</u></b> 13]]></description>
<Point>
<coordinates>-95.554131,33.65856</coordinates>
</Point>
</Placemark>
<Placemark>
<n>HILLCREST SCHOOL</n>
<styleUrl>#Closed</styleUrl>
<description><![CDATA[<b><u>Address:</u></b> 2800 N A ST, MIDLAND, TX 79705<br/><b><u>Type:</u></b> Private<br/><b><u>Enrollment:</u></b> 111]]></description>
<Point>
<coordinates>-102.090151,32.02462</coordinates>
</Point>
</Placemark>
<Placemark>
<n>EVEREST ACADEMY</n>
<styleUrl>#Closed</styleUrl>
<description><![CDATA[<b><u>Address:</u></b> 610 BRAND LN, STAFFORD, TX 77477<br/><b><u>Type:</u></b> Private<br/><b><u>Enrollment:</u></b> 361]]></description>
<Point>
<coordinates>-95.5792406,29.6188445</coordinates>
</Point>
</Placemark>
<Placemark>
<n>PRIMROSE SCHOOL OF THE MID-CITIES</n>
<styleUrl>#Closed</styleUrl>
<description><![CDATA[<b><u>Address:</u></b> 500 MID CITIES BLVD, HURST, TX 76054<br/><b><u>Type:</u></b> Private<br/><b><u>Enrollment:</u></b> 10]]></description>
<Point>
<coordinates>-97.174971,32.86698</coordinates>
</Point>
</Placemark>
<Placemark>
<n>CHILDRENS LIGHTHOUSE HELOTES</n>
<styleUrl>#Closed</styleUrl>
<description><![CDATA[<b><u>Address:</u></b> 9706 BUSINESS PKWY, HELOTES, TX 78023<br/><b><u>Type:</u></b> Private<br/><b><u>Enrollment:</u></b> 16]]></description>
<Point>
<coordinates>-98.678559,29.557439</coordinates>
</Point>
</Placemark>
<Placemark>
<n>SPRINGBOK ACADEMY</n>
<styleUrl>#Closed</styleUrl>
<description><![CDATA[<b><u>Address:</u></b> 1300 FULTON ST STE 502, DENTON, TX 76201<br/><b><u>Type:</u></b> Private<br/><b><u>Enrollment:</u></b> 3]]></description>
<Point>
<coordinates>-97.143001,33.22768</coordinates>
</Point>
</Placemark>
<Placemark>
<n>GEM EXPRESS PRESCHOOL AND KINDERGARTEN</n>
<styleUrl>#Closed</styleUrl>
<description><![CDATA[<b><u>Address:</u></b> 2005 ESTATES PKWY, LUCAS, TX 75002<br/><b><u>Type:</u></b> Private<br/><b><u>Enrollment:</u></b> 24]]></description>
<Point>
<coordinates>-96.607651,33.09908</coordinates>
</Point>
</Placemark>
<Placemark>
<n>ST MARTIN DE PORRES CATHOLIC SCHOOL</n>
<styleUrl>#Closed</styleUrl>
<description><![CDATA[<b><u>Address:</u></b> 4000 W UNIVERSITY, PROSPER, TX 75078<br/><b><u>Type:</u></b> Private<br/><b><u>Enrollment:</u></b> 173]]></description>
<Point>
<coordinates>-96.866529,33.221446</coordinates>
</Point>
</Placemark>
<Placemark>
<n>SOUTHWEST CHRISTIAN SCHOOL</n>
<styleUrl>#Closed</styleUrl>
<description><![CDATA[<b><u>Address:</u></b> 6801 DAN DANCIGER RD, FORT WORTH, TX 76123<br/><b><u>Type:</u></b> Private<br/><b><u>Enrollment:</u></b> 807]]></description>
<Point>
<coordinates>-97.445036,32.642427</coordinates>
</Point>
</Placemark>
<Placemark>
<n>GLORIA DEO ACADEMY</n>
<styleUrl>#Closed</styleUrl>
<description><![CDATA[<b><u>Address:</u></b> 1100 BULVERDE RD, BULVERDE, TX 78163<br/><b><u>Type:</u></b> Private<br/><b><u>Enrollment:</u></b> 168]]></description>
<Point>
<coordinates>-98.460531,29.775887</coordinates>
</Point>
</Placemark>
<Placemark>
<n>GRACE EPISCOPAL SCHOOL</n>
<styleUrl>#Closed</styleUrl>
<description><![CDATA[<b><u>Address:</u></b> 1314 E UNIVERSITY AVE, GEORGETOWN, TX 78626<br/><b><u>Type:</u></b> Private<br/><b><u>Enrollment:</u></b> 10]]></description>
<Point>
<coordinates>-97.663774,30.633003</coordinates>
</Point>
</Placemark>
<Placemark>
<n>TORAH GIRLS ACADEMY OF TEXAS</n>
<styleUrl>#Closed</styleUrl>
<description><![CDATA[<b><u>Address:</u></b> 10101 FONDREN RD STE 136, HOUSTON, TX 77096<br/><b><u>Type:</u></b> Private<br/><b><u>Enrollment:</u></b> 34]]></description>
<Point>
<coordinates>-95.507931,29.67011</coordinates>
</Point>
</Placemark>
<Placemark>
<n>HOLY CROSS CHRISTIAN ACADEMY</n>
<styleUrl>#Closed</styleUrl>
<description><![CDATA[<b><u>Address:</u></b> 1233 TARVER RD, BURLESON, TX 76028<br/><b><u>Type:</u></b> Private<br/><b><u>Enrollment:</u></b> 174]]></description>
<Point>
<coordinates>-97.30853,32.517921</coordinates>
</Point>
</Placemark>
<Placemark>
<n>PRESTON HOLLOW PRESBYTERIAN SCHOOL</n>
<styleUrl>#Closed</styleUrl>
<description><![CDATA[<b><u>Address:</u></b> 9800 PRESTON RD, DALLAS, TX 75230<br/><b><u>Type:</u></b> Private<br/><b><u>Enrollment:</u></b> 124]]></description>
<Point>
<coordinates>-96.803245,32.881079</coordinates>
</Point>
</Placemark>
<Placemark>
<n>PRIMROSE OF CONROE</n>
<styleUrl>#Closed</styleUrl>
<description><![CDATA[<b><u>Address:</u></b> 1011 LONGMIRE RD, CONROE, TX 77304<br/><b><u>Type:</u></b> Private<br/><b><u>Enrollment:</u></b> 90]]></description>
<Point>
<coordinates>-95.490318,30.329472</coordinates>
</Point>
</Placemark>
<Placemark>
<n>ST MARY'S ELEMENTARY SCHOOL</n>
<styleUrl>#Closed</styleUrl>
<description><![CDATA[<b><u>Address:</u></b> 202 S ORANGE ST, FREDERICKSBURG, TX 78624<br/><b><u>Type:</u></b> Private<br/><b><u>Enrollment:</u></b> 286]]></description>
<Point>
<coordinates>-98.8772167,30.2764733</coordinates>
</Point>
</Placemark>
<Placemark>
<n>OUR LADY OF PERPETUAL HELP ACADEMY</n>
<styleUrl>#Closed</styleUrl>
<description><![CDATA[<b><u>Address:</u></b> 5814 WILLIAMS DR, CORPUS CHRISTI, TX 78412<br/><b><u>Type:</u></b> Private<br/><b><u>Enrollment:</u></b> 120]]></description>
<Point>
<coordinates>-97.366993,27.703557</coordinates>
</Point>
</Placemark>
<Placemark>
<n>OUR LADY OF PERPETUAL HELP SCHOOL</n>
<styleUrl>#Closed</styleUrl>
<description><![CDATA[<b><u>Address:</u></b> 7625 CORTLAND AVE, DALLAS, TX 75235<br/><b><u>Type:</u></b> Private<br/><b><u>Enrollment:</u></b> 147]]></description>
<Point>
<coordinates>-96.85301,32.836538</coordinates>
</Point>
</Placemark>
<Placemark>
<n>ST ANDREW CATHOLIC</n>
<styleUrl>#Closed</styleUrl>
<description><![CDATA[<b><u>Address:</u></b> 3304 DRYDEN RD, FORT WORTH, TX 76109<br/><b><u>Type:</u></b> Private<br/><b><u>Enrollment:</u></b> 516]]></description>
<Point>
<coordinates>-97.363301,32.69492</coordinates>
</Point>
</Placemark>
<Placemark>
<n>STRAKE JESUIT COLLEGE PREP SCHOOL</n>
<styleUrl>#Closed</styleUrl>
<description><![CDATA[<b><u>Address:</u></b> 8900 BELLAIRE BLVD, HOUSTON, TX 77036<br/><b><u>Type:</u></b> Private<br/><b><u>Enrollment:</u></b> 1337]]></description>
<Point>
<coordinates>-95.541471,29.70592</coordinates>
</Point>
</Placemark>
<Placemark>
<n>ST ANDREW'S EPISCOPAL SCHOOL</n>
<styleUrl>#Closed</styleUrl>
<description><![CDATA[<b><u>Address:</u></b> 1112 W 31ST ST, AUSTIN, TX 78705<br/><b><u>Type:</u></b> Private<br/><b><u>Enrollment:</u></b> 973]]></description>
<Point>
<coordinates>-97.7486196,30.3023338</coordinates>
</Point>
</Placemark>
<Placemark>
<n>ST PAUL LUTHERAN SCHOOL</n>
<styleUrl>#Closed</styleUrl>
<description><![CDATA[<b><u>Address:</u></b> 801 E MAIN ST, BISHOP, TX 78343<br/><b><u>Type:</u></b> Private<br/><b><u>Enrollment:</u></b> 21]]></description>
<Point>
<coordinates>-97.789531,27.58263</coordinates>
</Point>
</Placemark>
<Placemark>
<n>DENTON CALVARY ACADEMY</n>
<styleUrl>#Closed</styleUrl>
<description><![CDATA[<b><u>Address:</u></b> 1910 E UNIVERSITY DR, DENTON, TX 76209<br/><b><u>Type:</u></b> Private<br/><b><u>Enrollment:</u></b> 221]]></description>
<Point>
<coordinates>-97.107981,33.23486</coordinates>
</Point>
</Placemark>
<Placemark>
<n>PIPE CREEK CHRISTIAN SCHOOL</n>
<styleUrl>#Closed</styleUrl>
<description><![CDATA[<b><u>Address:</u></b> 1990 FM # 1283, PIPE CREEK, TX 78063<br/><b><u>Type:</u></b> Private<br/><b><u>Enrollment:</u></b> 36]]></description>
<Point>
<coordinates>-98.947896,29.698612</coordinates>
</Point>
</Placemark>
<Placemark>
<n>SOUTHMINSTER SCHOOL</n>
<styleUrl>#Closed</styleUrl>
<description><![CDATA[<b><u>Address:</u></b> 4200 CARTWRIGHT RD, MISSOURI CITY, TX 77459<br/><b><u>Type:</u></b> Private<br/><b><u>Enrollment:</u></b> 58]]></description>
<Point>
<coordinates>-95.571921,29.58325</coordinates>
</Point>
</Placemark>
<Placemark>
<n>TRINITY CHRISTIAN ACADEMY</n>
<styleUrl>#Closed</styleUrl>
<description><![CDATA[<b><u>Address:</u></b> 2192 FARM RD 79, PARIS, TX 75460<br/><b><u>Type:</u></b> Private<br/><b><u>Enrollment:</u></b> 149]]></description>
<Point>
<coordinates>-95.5788,33.683413</coordinates>
</Point>
</Placemark>
<Placemark>
<n>BRAZOS VALLEY CORNERSTONE CHRISTIAN ACADEMY</n>
<styleUrl>#Closed</styleUrl>
<description><![CDATA[<b><u>Address:</u></b> 3200 CAVITT AVE, BRYAN, TX 77801<br/><b><u>Type:</u></b> Private<br/><b><u>Enrollment:</u></b> 51]]></description>
<Point>
<coordinates>-96.354491,30.63936</coordinates>
</Point>
</Placemark>
<Placemark>
<n>PRIMROSE SCHOOL OF LAKEHILL</n>
<styleUrl>#Closed</styleUrl>
<description><![CDATA[<b><u>Address:</u></b> 5349 LAKEHILL BLVD, FRISCO, TX 75034<br/><b><u>Type:</u></b> Private<br/><b><u>Enrollment:</u></b> 13]]></description>
<Point>
<coordinates>-96.841411,33.10925</coordinates>
</Point>
</Placemark>
<Placemark>
<n>PUEBLOS ROYAL CHRISTIAN SCHOOL</n>
<styleUrl>#Closed</styleUrl>
<description><![CDATA[<b><u>Address:</u></b> 1600 PASADENA BLVD, PASADENA, TX 77502<br/><b><u>Type:</u></b> Private<br/><b><u>Enrollment:</u></b> 50]]></description>
<Point>
<coordinates>-95.200421,29.68818</coordinates>
</Point>
</Placemark>
<Placemark>
<n>HOLY TRINITY UMC DAY SCHOOL/DAYCARE</n>
<styleUrl>#Closed</styleUrl>
<description><![CDATA[<b><u>Address:</u></b> 13207 ORLEANS ST, HOUSTON, TX 77015<br/><b><u>Type:</u></b> Private<br/><b><u>Enrollment:</u></b> 6]]></description>
<Point>
<coordinates>-95.192851,29.78205</coordinates>
</Point>
</Placemark>
<Placemark>
<n>GOOD SHEPHERD EPISCOPAL SCHOOL</n>
<styleUrl>#Closed</styleUrl>
<description><![CDATA[<b><u>Address:</u></b> 3201 WINDSOR RD, AUSTIN, TX 78703<br/><b><u>Type:</u></b> Private<br/><b><u>Enrollment:</u></b> 21]]></description>
<Point>
<coordinates>-97.768988,30.296352</coordinates>
</Point>
</Placemark>
<Placemark>
<n>DUCHESNE ACADEMY OF THE SACRED HEART</n>
<styleUrl>#Closed</styleUrl>
<description><![CDATA[<b><u>Address:</u></b> 10202 MEMORIAL DR, HOUSTON, TX 77024<br/><b><u>Type:</u></b> Private<br/><b><u>Enrollment:</u></b> 659]]></description>
<Point>
<coordinates>-95.485941,29.77852</coordinates>
</Point>
</Placemark>
<Placemark>
<n>OUR LADY OF REFUGE CATHOLIC SCHOOL</n>
<styleUrl>#Closed</styleUrl>
<description><![CDATA[<b><u>Address:</u></b> 577 WASHINGTON ST, EAGLE PASS, TX 78852<br/><b><u>Type:</u></b> Private<br/><b><u>Enrollment:</u></b> 213]]></description>
<Point>
<coordinates>-100.506292,28.710996</coordinates>
</Point>
</Placemark>
<Placemark>
<n>ST MICHAELS CATHOLIC SCHOOL</n>
<styleUrl>#Closed</styleUrl>
<description><![CDATA[<b><u>Address:</u></b> 208 N MCLEOD ST, CUERO, TX 77954<br/><b><u>Type:</u></b> Private<br/><b><u>Enrollment:</u></b> 69]]></description>
<Point>
<coordinates>-97.287685,29.09069</coordinates>
</Point>
</Placemark>
<Placemark>
<n>ST MARYS SCHOOL</n>
<styleUrl>#Closed</styleUrl>
<description><![CDATA[<b><u>Address:</u></b> 507 W SPRUCE, WEST, TX 76691<br/><b><u>Type:</u></b> Private<br/><b><u>Enrollment:</u></b> 117]]></description>
<Point>
<coordinates>-97.098029,31.801051</coordinates>
</Point>
</Placemark>
<Placemark>
<n>CATHEDRAL SCHOOL OF ST MARY</n>
<styleUrl>#Closed</styleUrl>
<description><![CDATA[<b><u>Address:</u></b> 910 SAN JACINTO BLVD, AUSTIN, TX 78701<br/><b><u>Type:</u></b> Private<br/><b><u>Enrollment:</u></b> 154]]></description>
<Point>
<coordinates>-97.739414,30.271041</coordinates>
</Point>
</Placemark>
<Placemark>
<n>ST LOUIS CATHOLIC SCHOOL</n>
<styleUrl>#Closed</styleUrl>
<description><![CDATA[<b><u>Address:</u></b> 2114 SAINT JOSEPH BLVD, AUSTIN, TX 78757<br/><b><u>Type:</u></b> Private<br/><b><u>Enrollment:</u></b> 249]]></description>
<Point>
<coordinates>-97.730949,30.352379</coordinates>
</Point>
</Placemark>
<Placemark>
<n>ST MARY CATHOLIC SCHOOL</n>
<styleUrl>#Closed</styleUrl>
<description><![CDATA[<b><u>Address:</u></b> 2600 BOB HALL RD, ORANGE, TX 77630<br/><b><u>Type:</u></b> Private<br/><b><u>Enrollment:</u></b> 65]]></description>
<Point>
<coordinates>-93.743795,30.112868</coordinates>
</Point>
</Placemark>
<Placemark>
<n>ST MARYS CATHOLIC SCHOOL</n>
<styleUrl>#Closed</styleUrl>
<description><![CDATA[<b><u>Address:</u></b> 713 S TRAVIS ST, SHERMAN, TX 75090<br/><b><u>Type:</u></b> Private<br/><b><u>Enrollment:</u></b> 140]]></description>
<Point>
<coordinates>-96.606854,33.630346</coordinates>
</Point>
</Placemark>
<Placemark>
<n>ST THOMAS THE APOSTLE EPISCOPAL SCHOOL</n>
<styleUrl>#Closed</styleUrl>
<description><![CDATA[<b><u>Address:</u></b> 18300 UPPER BAY RD, HOUSTON, TX 77058<br/><b><u>Type:</u></b> Private<br/><b><u>Enrollment:</u></b> 68]]></description>
<Point>
<coordinates>-95.088221,29.54556</coordinates>
</Point>
</Placemark>
<Placemark>
<n>TORAH DAY SCHOOL</n>
<styleUrl>#Closed</styleUrl>
<description><![CDATA[<b><u>Address:</u></b> 10900 FONDREN RD, HOUSTON, TX 77096<br/><b><u>Type:</u></b> Private<br/><b><u>Enrollment:</u></b> 104]]></description>
<Point>
<coordinates>-95.508882,29.660864</coordinates>
</Point>
</Placemark>
<Placemark>
<n>CHISHOLM TRAIL ACADEMY</n>
<styleUrl>#Closed</styleUrl>
<description><![CDATA[<b><u>Address:</u></b> 401 S OLD BETSY RD, KEENE, TX 76059<br/><b><u>Type:</u></b> Private<br/><b><u>Enrollment:</u></b> 162]]></description>
<Point>
<coordinates>-97.333231,32.38945</coordinates>
</Point>
</Placemark>
<Placemark>
<n>LONGVIEW CHRISTIAN ACADEMY</n>
<styleUrl>#Closed</styleUrl>
<description><![CDATA[<b><u>Address:</u></b> 2200 W LOOP 281, LONGVIEW, TX 75604<br/><b><u>Type:</u></b> Private<br/><b><u>Enrollment:</u></b> 78]]></description>
<Point>
<coordinates>-94.7890552,32.5164858</coordinates>
</Point>
</Placemark>
<Placemark>
<n>ST ANNE CATHOLIC SCHOOL</n>
<styleUrl>#Closed</styleUrl>
<description><![CDATA[<b><u>Address:</u></b> 1111 S CHERRY ST, TOMBALL, TX 77375<br/><b><u>Type:</u></b> Private<br/><b><u>Enrollment:</u></b> 253]]></description>
<Point>
<coordinates>-95.6105712,30.0878844</coordinates>
</Point>
</Placemark>
<Placemark>
<n>WESTBURY CHRISTIAN SCHOOL</n>
<styleUrl>#Closed</styleUrl>
<description><![CDATA[<b><u>Address:</u></b> 10420 HILLCROFT ST, HOUSTON, TX 77096<br/><b><u>Type:</u></b> Private<br/><b><u>Enrollment:</u></b> 276]]></description>
<Point>
<coordinates>-95.494312,29.667923</coordinates>
</Point>
</Placemark>
<Placemark>
<n>ALL SAINTS CATHOLIC SCHOOL</n>
<styleUrl>#Closed</styleUrl>
<description><![CDATA[<b><u>Address:</u></b> 7777 OSAGE PLZ PKWY, DALLAS, TX 75252<br/><b><u>Type:</u></b> Private<br/><b><u>Enrollment:</u></b> 263]]></description>
<Point>
<coordinates>-96.770751,32.99527</coordinates>
</Point>
</Placemark>
<Placemark>
<n>GRACE ACADEMY OF GEORGETOWN</n>
<styleUrl>#Closed</styleUrl>
<description><![CDATA[<b><u>Address:</u></b> 225 GRACE BLVD, GEORGETOWN, TX 78633<br/><b><u>Type:</u></b> Private<br/><b><u>Enrollment:</u></b> 325]]></description>
<Point>
<coordinates>-97.664291,30.7226</coordinates>
</Point>
</Placemark>
<Placemark>
<n>GREEN OAKS SCHOOL</n>
<styleUrl>#Closed</styleUrl>
<description><![CDATA[<b><u>Address:</u></b> 500 HOUSTON ST, ARLINGTON, TX 76011<br/><b><u>Type:</u></b> Private<br/><b><u>Enrollment:</u></b> 36]]></description>
<Point>
<coordinates>-97.112583,32.740928</coordinates>
</Point>
</Placemark>
<Placemark>
<n>MARSHALL CHRISTIAN ACADEMY</n>
<styleUrl>#Closed</styleUrl>
<description><![CDATA[<b><u>Address:</u></b> 3402 S WASHINGTON AVE, MARSHALL, TX 75672<br/><b><u>Type:</u></b> Private<br/><b><u>Enrollment:</u></b> 104]]></description>
<Point>
<coordinates>-94.363801,32.51427</coordinates>
</Point>
</Placemark>
<Placemark>
<n>ACHIEVERS CENTER FOR EDUCATION</n>
<styleUrl>#Closed</styleUrl>
<description><![CDATA[<b><u>Address:</u></b> 5084 DEZAVLA RD, SAN ANTONIO, TX 78249<br/><b><u>Type:</u></b> Private<br/><b><u>Enrollment:</u></b> 12]]></description>
<Point>
<coordinates>-98.584919,29.564715</coordinates>
</Point>
</Placemark>
<Placemark>
<n>ST TIMOTHY CHRISTIAN ACADEMY</n>
<styleUrl>#Closed</styleUrl>
<description><![CDATA[<b><u>Address:</u></b> 6801 W PARK BLVD, PLANO, TX 75093<br/><b><u>Type:</u></b> Private<br/><b><u>Enrollment:</u></b> 30]]></description>
<Point>
<coordinates>-96.847113,33.028896</coordinates>
</Point>
</Placemark>
<Placemark>
<n>THE KESSLER SCHOOL</n>
<styleUrl>#Closed</styleUrl>
<description><![CDATA[<b><u>Address:</u></b> 1215 TURNER AVE, DALLAS, TX 75208<br/><b><u>Type:</u></b> Private<br/><b><u>Enrollment:</u></b> 71]]></description>
<Point>
<coordinates>-96.839551,32.76103</coordinates>
</Point>
</Placemark>
<Placemark>
<n>CREME DE LA CREME - ALLEN</n>
<styleUrl>#Closed</styleUrl>
<description><![CDATA[<b><u>Address:</u></b> 1207 W MCDERMOTT DR, ALLEN, TX 75013<br/><b><u>Type:</u></b> Private<br/><b><u>Enrollment:</u></b> 15]]></description>
<Point>
<coordinates>-96.695491,33.09933</coordinates>
</Point>
</Placemark>
<Placemark>
<n>OAKWELL ACADEMY</n>
<styleUrl>#Closed</styleUrl>
<description><![CDATA[<b><u>Address:</u></b> 2201 EARL RUDDER FWY S, COLLEGE STATION, TX 77845<br/><b><u>Type:</u></b> Private<br/><b><u>Enrollment:</u></b> 122]]></description>
<Point>
<coordinates>-96.2984746,30.6262526</coordinates>
</Point>
</Placemark>
<Placemark>
<n>THE OAKRIDGE SCHOOL</n>
<styleUrl>#Closed</styleUrl>
<description><![CDATA[<b><u>Address:</u></b> 5900 W PIONEER PKWY, ARLINGTON, TX 76013<br/><b><u>Type:</u></b> Private<br/><b><u>Enrollment:</u></b> 631]]></description>
<Point>
<coordinates>-97.194431,32.72337</coordinates>
</Point>
</Placemark>
<Placemark>
<n>CREEKWOOD SCHOOL</n>
<styleUrl>#Closed</styleUrl>
<description><![CDATA[<b><u>Address:</u></b> 800 W ELDORADO PKWY STE 106, LITTLE ELM, TX 75068<br/><b><u>Type:</u></b> Private<br/><b><u>Enrollment:</u></b> 19]]></description>
<Point>
<coordinates>-96.9435152,33.1553198</coordinates>
</Point>
</Placemark>
<Placemark>
<n>KIDS LEARNING CENTER</n>
<styleUrl>#Closed</styleUrl>
<description><![CDATA[<b><u>Address:</u></b> 1104 S MCCOLL RD, EDINBURG, TX 78539<br/><b><u>Type:</u></b> Private<br/><b><u>Enrollment:</u></b> 7]]></description>
<Point>
<coordinates>-98.195591,26.29587</coordinates>
</Point>
</Placemark>
<Placemark>
<n>OAK TREE ACADEMY</n>
<styleUrl>#Closed</styleUrl>
<description><![CDATA[<b><u>Address:</u></b> 1525 E GRANDE BLVD, TYLER, TX 75703<br/><b><u>Type:</u></b> Private<br/><b><u>Enrollment:</u></b> 5]]></description>
<Point>
<coordinates>-95.282971,32.27742</coordinates>
</Point>
</Placemark>
<Placemark>
<n>READING FRIENDS</n>
<styleUrl>#Closed</styleUrl>
<description><![CDATA[<b><u>Address:</u></b> 141 QUEST CT, KELLER, TX 76248<br/><b><u>Type:</u></b> Private<br/><b><u>Enrollment:</u></b> 21]]></description>
<Point>
<coordinates>-97.211868,32.936108</coordinates>
</Point>
</Placemark>
<Placemark>
<n>PARADIGM DEVELOPMENT CENTER</n>
<styleUrl>#Closed</styleUrl>
<description><![CDATA[<b><u>Address:</u></b> 12510 MALCOMSON RD, HOUSTON, TX 77070<br/><b><u>Type:</u></b> Private<br/><b><u>Enrollment:</u></b> 11]]></description>
<Point>
<coordinates>-95.610741,29.99382</coordinates>
</Point>
</Placemark>
<Placemark>
<n>FOUNDERS CHRISTIAN SCHOOL</n>
<styleUrl>#Closed</styleUrl>
<description><![CDATA[<b><u>Address:</u></b> 24724 ALDINE WESTFIELD RD, SPRING, TX 77373<br/><b><u>Type:</u></b> Private<br/><b><u>Enrollment:</u></b> 139]]></description>
<Point>
<coordinates>-95.402862,30.064752</coordinates>
</Point>
</Placemark>
<Placemark>
<n>SEVENSTAR ACADEMY</n>
<styleUrl>#Closed</styleUrl>
<description><![CDATA[<b><u>Address:</u></b> 645 S CUSTER RD, ALLEN, TX 75013<br/><b><u>Type:</u></b> Private<br/><b><u>Enrollment:</u></b> 3744]]></description>
<Point>
<coordinates>-96.735697,33.0874089</coordinates>
</Point>
</Placemark>
<Placemark>
<n>WONDERWELL</n>
<styleUrl>#Closed</styleUrl>
<description><![CDATA[<b><u>Address:</u></b> 7717 SW PKWY, AUSTIN, TX 78735<br/><b><u>Type:</u></b> Private<br/><b><u>Enrollment:</u></b> 14]]></description>
<Point>
<coordinates>-97.875256,30.2554392</coordinates>
</Point>
</Placemark>
<Placemark>
<n>THE JANE JUSTIN SCHOOL</n>
<styleUrl>#Closed</styleUrl>
<description><![CDATA[<b><u>Address:</u></b> 1300 W LANCASTER AVE, FORT WORTH, TX 76102<br/><b><u>Type:</u></b> Private<br/><b><u>Enrollment:</u></b> 82]]></description>
<Point>
<coordinates>-97.3403061,32.7477849</coordinates>
</Point>
</Placemark>
<Placemark>
<n>WESTSIDE BAPTIST ACADEMY</n>
<styleUrl>#Closed</styleUrl>
<description><![CDATA[<b><u>Address:</u></b> 3883 LAKES OF BRIDGEWATER DR, KATY, TX 77449<br/><b><u>Type:</u></b> Private<br/><b><u>Enrollment:</u></b> 64]]></description>
<Point>
<coordinates>-95.7454916,29.8283929</coordinates>
</Point>
</Placemark>
<Placemark>
<n>KIDDIE KOLLEGE PRESCHOOL</n>
<styleUrl>#Closed</styleUrl>
<description><![CDATA[<b><u>Address:</u></b> 1919 N LEE AVE, ODESSA, TX 79761<br/><b><u>Type:</u></b> Private<br/><b><u>Enrollment:</u></b> 14]]></description>
<Point>
<coordinates>-102.380401,31.86093</coordinates>
</Point>
</Placemark>
<Placemark>
<n>PRIMROSE WEST PLANO</n>
<styleUrl>#Closed</styleUrl>
<description><![CDATA[<b><u>Address:</u></b> 6480 W PLANO PKWY, PLANO, TX 75093<br/><b><u>Type:</u></b> Private<br/><b><u>Enrollment:</u></b> 10]]></description>
<Point>
<coordinates>-96.839134,33.030158</coordinates>
</Point>
</Placemark>
<Placemark>
<n>REGENTS ACADEMY</n>
<styleUrl>#Closed</styleUrl>
<description><![CDATA[<b><u>Address:</u></b> 200 NE STALLINGS DR, NACOGDOCHES, TX 75961<br/><b><u>Type:</u></b> Private<br/><b><u>Enrollment:</u></b> 151]]></description>
<Point>
<coordinates>-94.615941,31.594027</coordinates>
</Point>
</Placemark>
<Placemark>
<n>FUSION ACADEMY SUG: SUGAR LAND</n>
<styleUrl>#Closed</styleUrl>
<description><![CDATA[<b><u>Address:</u></b> 13440 UNIVERSITY BLVD STE 260, SUGAR LAND, TX 77479<br/><b><u>Type:</u></b> Private<br/><b><u>Enrollment:</u></b> 40]]></description>
<Point>
<coordinates>-95.649109,29.586401</coordinates>
</Point>
</Placemark>
<Placemark>
<n>WHOLESOME GENERATION</n>
<styleUrl>#Closed</styleUrl>
<description><![CDATA[<b><u>Address:</u></b> 12251 RUNNING BIRD LN, AUSTIN, TX 78758<br/><b><u>Type:</u></b> Private<br/><b><u>Enrollment:</u></b> 34]]></description>
<Point>
<coordinates>-97.6921006,30.408731</coordinates>
</Point>
</Placemark>
<Placemark>
<n>ALICE CHRISTIAN SCHOOL</n>
<styleUrl>#Closed</styleUrl>
<description><![CDATA[<b><u>Address:</u></b> 1200 N STADIUM RD, ALICE, TX 78332<br/><b><u>Type:</u></b> Private<br/><b><u>Enrollment:</u></b> 9]]></description>
<Point>
<coordinates>-98.056103,27.76165</coordinates>
</Point>
</Placemark>
<Placemark>
<n>GRACE LUTHERAN SCHOOL</n>
<styleUrl>#Closed</styleUrl>
<description><![CDATA[<b><u>Address:</u></b> 1007 BACON RANCH RD, KILLEEN, TX 76542<br/><b><u>Type:</u></b> Private<br/><b><u>Enrollment:</u></b> 11]]></description>
<Point>
<coordinates>-97.732711,31.09046</coordinates>
</Point>
</Placemark>
<Placemark>
<n>ARCHGATE MONTESSORI CHRISTIAN ACADEMY</n>
<styleUrl>#Closed</styleUrl>
<description><![CDATA[<b><u>Address:</u></b> 4660 LEGACY DR, PLANO, TX 75024<br/><b><u>Type:</u></b> Private<br/><b><u>Enrollment:</u></b> 89]]></description>
<Point>
<coordinates>-96.790821,33.07002</coordinates>
</Point>
</Placemark>
<Placemark>
<n>BRITISH INTERNATIONAL SCHOOL OF HOUSTON</n>
<styleUrl>#Closed</styleUrl>
<description><![CDATA[<b><u>Address:</u></b> 2203 N WESTGREEN BLVD, KATY, TX 77449<br/><b><u>Type:</u></b> Private<br/><b><u>Enrollment:</u></b> 742]]></description>
<Point>
<coordinates>-95.737044,29.799343</coordinates>
</Point>
</Placemark>
<Placemark>
<n>FORT BEND MONTESSORI SCHOOL</n>
<styleUrl>#Closed</styleUrl>
<description><![CDATA[<b><u>Address:</u></b> 12500 W BELLFORT AVE, HOUSTON, TX 77099<br/><b><u>Type:</u></b> Private<br/><b><u>Enrollment:</u></b> 3]]></description>
<Point>
<coordinates>-95.600561,29.66107</coordinates>
</Point>
</Placemark>
<Placemark>
<n>HOPE SCHOOL</n>
<styleUrl>#Closed</styleUrl>
<description><![CDATA[<b><u>Address:</u></b> 321 OLD RIVER CROSSING, JOHNSON CITY, TX 78636<br/><b><u>Type:</u></b> Private<br/><b><u>Enrollment:</u></b> 7]]></description>
<Point>
<coordinates>-98.406581,30.28765</coordinates>
</Point>
</Placemark>
<Placemark>
<n>HOLY SPIRIT EPISCOPAL SCHOOL - HOUSTON</n>
<styleUrl>#Closed</styleUrl>
<description><![CDATA[<b><u>Address:</u></b> 12535 PERTHSHIRE RD, HOUSTON, TX 77024<br/><b><u>Type:</u></b> Private<br/><b><u>Enrollment:</u></b> 106]]></description>
<Point>
<coordinates>-95.552111,29.77328</coordinates>
</Point>
</Placemark>
<Placemark>
<n>DARUL ARQAM SOUTHEAST</n>
<styleUrl>#Closed</styleUrl>
<description><![CDATA[<b><u>Address:</u></b> 8830 GALVESTON RD, HOUSTON, TX 77034<br/><b><u>Type:</u></b> Private<br/><b><u>Enrollment:</u></b> 16]]></description>
<Point>
<coordinates>-95.2078125,29.6319659</coordinates>
</Point>
</Placemark>
<Placemark>
<n>ST MONICA CATHOLIC SCHOOL</n>
<styleUrl>#Closed</styleUrl>
<description><![CDATA[<b><u>Address:</u></b> 515 N ST, CONVERSE, TX 78109<br/><b><u>Type:</u></b> Private<br/><b><u>Enrollment:</u></b> 129]]></description>
<Point>
<coordinates>-98.310211,29.51674</coordinates>
</Point>
</Placemark>
<Placemark>
<n>ST JOSEPH CATHOLIC SCHOOL</n>
<styleUrl>#Closed</styleUrl>
<description><![CDATA[<b><u>Address:</u></b> 119 W FAY ST, EDINBURG, TX 78539<br/><b><u>Type:</u></b> Private<br/><b><u>Enrollment:</u></b> 86]]></description>
<Point>
<coordinates>-98.163867,26.297957</coordinates>
</Point>
</Placemark>
<Placemark>
<n>BLESSED SACRAMENT SCHOOL</n>
<styleUrl>#Closed</styleUrl>
<description><![CDATA[<b><u>Address:</u></b> 1501 N BARTLETT AVE, LAREDO, TX 78043<br/><b><u>Type:</u></b> Private<br/><b><u>Enrollment:</u></b> 269]]></description>
<Point>
<coordinates>-99.47383,27.509645</coordinates>
</Point>
</Placemark>
<Placemark>
<n>ST ELIZABETH OF HUNGARY CATHOLIC SCHOOL</n>
<styleUrl>#Closed</styleUrl>
<description><![CDATA[<b><u>Address:</u></b> 4019 S HAMPTON RD, DALLAS, TX 75224<br/><b><u>Type:</u></b> Private<br/><b><u>Enrollment:</u></b> 177]]></description>
<Point>
<coordinates>-96.85806,32.692631</coordinates>
</Point>
</Placemark>
<Placemark>
<n>ST AUGUSTINE CATHOLIC SCHOOL</n>
<styleUrl>#Closed</styleUrl>
<description><![CDATA[<b><u>Address:</u></b> 5500 LAUREL CREEK WAY, HOUSTON, TX 77017<br/><b><u>Type:</u></b> Private<br/><b><u>Enrollment:</u></b> 123]]></description>
<Point>
<coordinates>-95.237196,29.678714</coordinates>
</Point>
</Placemark>
<Placemark>
<n>ST MARK LUTHERAN SCHOOL</n>
<styleUrl>#Closed</styleUrl>
<description><![CDATA[<b><u>Address:</u></b> 1515 HILLENDAHL BLVD, HOUSTON, TX 77055<br/><b><u>Type:</u></b> Private<br/><b><u>Enrollment:</u></b> 244]]></description>
<Point>
<coordinates>-95.494752,29.7977116</coordinates>
</Point>
</Placemark>
<Placemark>
<n>DALLAS LUTHERAN SCHOOL</n>
<styleUrl>#Closed</styleUrl>
<description><![CDATA[<b><u>Address:</u></b> 8494 STULTS RD, DALLAS, TX 75243<br/><b><u>Type:</u></b> Private<br/><b><u>Enrollment:</u></b> 164]]></description>
<Point>
<coordinates>-96.762081,32.90593</coordinates>
</Point>
</Placemark>
<Placemark>
<n>TMI EPISCOPAL</n>
<styleUrl>#Closed</styleUrl>
<description><![CDATA[<b><u>Address:</u></b> 20955 W TEJAS TRL, SAN ANTONIO, TX 78257<br/><b><u>Type:</u></b> Private<br/><b><u>Enrollment:</u></b> 499]]></description>
<Point>
<coordinates>-98.604201,29.63734</coordinates>
</Point>
</Placemark>
<Placemark>
<n>ZION LUTHERAN SCHOOL</n>
<styleUrl>#Closed</styleUrl>
<description><![CDATA[<b><u>Address:</u></b> 6121 E LOVERS LN, DALLAS, TX 75214<br/><b><u>Type:</u></b> Private<br/><b><u>Enrollment:</u></b> 156]]></description>
<Point>
<coordinates>-96.759121,32.85176</coordinates>
</Point>
</Placemark>
<Placemark>
<n>ST PAULS EPISCOPAL DAY SCHOOL</n>
<styleUrl>#Closed</styleUrl>
<description><![CDATA[<b><u>Address:</u></b> 517 COLUMBUS AVE, WACO, TX 76701<br/><b><u>Type:</u></b> Private<br/><b><u>Enrollment:</u></b> 126]]></description>
<Point>
<coordinates>-97.135405,31.558461</coordinates>
</Point>
</Placemark>
<Placemark>
<n>GREENVILLE CHRISTIAN SCHOOL</n>
<styleUrl>#Closed</styleUrl>
<description><![CDATA[<b><u>Address:</u></b> 8420 JACK FINNEY BLVD, GREENVILLE, TX 75402<br/><b><u>Type:</u></b> Private<br/><b><u>Enrollment:</u></b> 223]]></description>
<Point>
<coordinates>-96.082831,33.08588</coordinates>
</Point>
</Placemark>
<Placemark>
<n>INCARNATE WORD ACADEMY-ELEM LEVEL</n>
<styleUrl>#Closed</styleUrl>
<description><![CDATA[<b><u>Address:</u></b> 450 CHAMBERLAIN ST, CORPUS CHRISTI, TX 78404<br/><b><u>Type:</u></b> Private<br/><b><u>Enrollment:</u></b> 163]]></description>
<Point>
<coordinates>-97.392538,27.761171</coordinates>
</Point>
</Placemark>
<Placemark>
<n>CHILDRENS LIGHTHOUSE LEARNING CENTER</n>
<styleUrl>#Closed</styleUrl>
<description><![CDATA[<b><u>Address:</u></b> 23060 WESTHEIMER PKWY, KATY, TX 77494<br/><b><u>Type:</u></b> Private<br/><b><u>Enrollment:</u></b> 15]]></description>
<Point>
<coordinates>-95.769221,29.73527</coordinates>
</Point>
</Placemark>
<Placemark>
<n>C P PREPARATORY SCHOOL</n>
<styleUrl>#Closed</styleUrl>
<description><![CDATA[<b><u>Address:</u></b> 603 S BRYAN BELT LINE RD, MESQUITE, TX 75149<br/><b><u>Type:</u></b> Private<br/><b><u>Enrollment:</u></b> 14]]></description>
<Point>
<coordinates>-96.597651,32.76119</coordinates>
</Point>
</Placemark>
<Placemark>
<n>FIRST BAPTIST ACADEMY</n>
<styleUrl>#Closed</styleUrl>
<description><![CDATA[<b><u>Address:</u></b> 505 ROLLINGBROOK DR, BAYTOWN, TX 77521<br/><b><u>Type:</u></b> Private<br/><b><u>Enrollment:</u></b> 76]]></description>
<Point>
<coordinates>-94.967081,29.75951</coordinates>
</Point>
</Placemark>
<Placemark>
<n>LAKE TRAVIS STEM ACADEMY</n>
<styleUrl>#Closed</styleUrl>
<description><![CDATA[<b><u>Address:</u></b> 3315 EL SALIDO PKWY, CEDAR PARK, TX 78613<br/><b><u>Type:</u></b> Private<br/><b><u>Enrollment:</u></b> 51]]></description>
<Point>
<coordinates>-97.827647,30.460406</coordinates>
</Point>
</Placemark>
<Placemark>
<n>LONG-VIEW MICRO SCHOOL</n>
<styleUrl>#Closed</styleUrl>
<description><![CDATA[<b><u>Address:</u></b> 1201 W 24TH ST, AUSTIN, TX 78705<br/><b><u>Type:</u></b> Private<br/><b><u>Enrollment:</u></b> 75]]></description>
<Point>
<coordinates>-97.750751,30.2881</coordinates>
</Point>
</Placemark>
<Placemark>
<n>THE EINSTEIN SCHOOL OF PLANO</n>
<styleUrl>#Closed</styleUrl>
<description><![CDATA[<b><u>Address:</u></b> 4011 W PLANO PKWY STE 132, PLANO, TX 75093<br/><b><u>Type:</u></b> Private<br/><b><u>Enrollment:</u></b> 187]]></description>
<Point>
<coordinates>-96.769991,33.01072</coordinates>
</Point>
</Placemark>
<Placemark>
<n>LEWISVILLE CHRISTIAN SCHOOL</n>
<styleUrl>#Closed</styleUrl>
<description><![CDATA[<b><u>Address:</u></b> 102 N GARDEN RIDGE BLVD, LEWISVILLE, TX 75067<br/><b><u>Type:</u></b> Private<br/><b><u>Enrollment:</u></b> 22]]></description>
<Point>
<coordinates>-97.036851,33.04328</coordinates>
</Point>
</Placemark>
<Placemark>
<n>ST FRANCIS EPISCOPAL SCHOOL</n>
<styleUrl>#Closed</styleUrl>
<description><![CDATA[<b><u>Address:</u></b> 5001 HICKORY RD, TEMPLE, TX 76502<br/><b><u>Type:</u></b> Private<br/><b><u>Enrollment:</u></b> 19]]></description>
<Point>
<coordinates>-97.396111,31.05988</coordinates>
</Point>
</Placemark>
<Placemark>
<n>FIRST BAPTIST CHRISTIAN SCHOOL</n>
<styleUrl>#Closed</styleUrl>
<description><![CDATA[<b><u>Address:</u></b> 300 E FRANKLIN ST, HILLSBORO, TX 76645<br/><b><u>Type:</u></b> Private<br/><b><u>Enrollment:</u></b> 15]]></description>
<Point>
<coordinates>-97.125734,32.0109461</coordinates>
</Point>
</Placemark>
<Placemark>
<n>FIRST CHRISTIAN SCHOOL</n>
<styleUrl>#Closed</styleUrl>
<description><![CDATA[<b><u>Address:</u></b> 1601 SUNSET BLVD, HOUSTON, TX 77005<br/><b><u>Type:</u></b> Private<br/><b><u>Enrollment:</u></b> 9]]></description>
<Point>
<coordinates>-95.4000199,29.722771</coordinates>
</Point>
</Placemark>
<Placemark>
<n>SON KIDS CHRISTIAN SCHOOL</n>
<styleUrl>#Closed</styleUrl>
<description><![CDATA[<b><u>Address:</u></b> 5505 RESEARCH FOREST DR, SPRING, TX 77381<br/><b><u>Type:</u></b> Private<br/><b><u>Enrollment:</u></b> 20]]></description>
<Point>
<coordinates>-95.4954049,30.1944236</coordinates>
</Point>
</Placemark>
<Placemark>
<n>THE BANFF SCHOOL</n>
<styleUrl>#Closed</styleUrl>
<description><![CDATA[<b><u>Address:</u></b> 13726 CUTTEN RD, HOUSTON, TX 77069<br/><b><u>Type:</u></b> Private<br/><b><u>Enrollment:</u></b> 158]]></description>
<Point>
<coordinates>-95.538901,29.97698</coordinates>
</Point>
</Placemark>
<Placemark>
<n>WINTERGARTEN CHRISTIAN SCHOOL</n>
<styleUrl>#Closed</styleUrl>
<description><![CDATA[<b><u>Address:</u></b> 301 W UVALDE ST, CRYSTAL CITY, TX 78839<br/><b><u>Type:</u></b> Private<br/><b><u>Enrollment:</u></b> 42]]></description>
<Point>
<coordinates>-99.831791,28.677744</coordinates>
</Point>
</Placemark>
<Placemark>
<n>OAK HILL ACADEMY</n>
<styleUrl>#Closed</styleUrl>
<description><![CDATA[<b><u>Address:</u></b> 9407 MIDWAY RD, DALLAS, TX 75220<br/><b><u>Type:</u></b> Private<br/><b><u>Enrollment:</u></b> 121]]></description>
<Point>
<coordinates>-96.838651,32.86751</coordinates>
</Point>
</Placemark>
<Placemark>
<n>SOUTH SHORE MONTESSORI</n>
<styleUrl>#Closed</styleUrl>
<description><![CDATA[<b><u>Address:</u></b> 201 S SHORE BLVD, LEAGUE CITY,, TX 77573<br/><b><u>Type:</u></b> Private<br/><b><u>Enrollment:</u></b> 12]]></description>
<Point>
<coordinates>-95.047441,29.52557</coordinates>
</Point>
</Placemark>
<Placemark>
<n>COVENANT CHRISTIAN ACADEMY</n>
<styleUrl>#Closed</styleUrl>
<description><![CDATA[<b><u>Address:</u></b> 4201 N WARE RD, MCALLEN, TX 78504<br/><b><u>Type:</u></b> Private<br/><b><u>Enrollment:</u></b> 243]]></description>
<Point>
<coordinates>-98.255621,26.24665</coordinates>
</Point>
</Placemark>
<Placemark>
<n>IMMACULATE CONCEPTION CATHOLIC SCHOOL</n>
<styleUrl>#Closed</styleUrl>
<description><![CDATA[<b><u>Address:</u></b> 2301 N BONNIE BRAE ST, DENTON, TX 76207<br/><b><u>Type:</u></b> Private<br/><b><u>Enrollment:</u></b> 153]]></description>
<Point>
<coordinates>-97.163252,33.23773</coordinates>
</Point>
</Placemark>
<Placemark>
<n>DESOTO PRIVATE SCHOOL</n>
<styleUrl>#Closed</styleUrl>
<description><![CDATA[<b><u>Address:</u></b> 301 E BELT LINE RD, DESOTO, TX 75115<br/><b><u>Type:</u></b> Private<br/><b><u>Enrollment:</u></b> 135]]></description>
<Point>
<coordinates>-96.852251,32.59008</coordinates>
</Point>
</Placemark>
<Placemark>
<n>ST PETER'S CLASSICAL SCHOOL</n>
<styleUrl>#Closed</styleUrl>
<description><![CDATA[<b><u>Address:</u></b> 7601 BELLAIRE DR S, FORT WORTH, TX 76132<br/><b><u>Type:</u></b> Private<br/><b><u>Enrollment:</u></b> 87]]></description>
<Point>
<coordinates>-97.428381,32.66403</coordinates>
</Point>
</Placemark>
<Placemark>
<n>CYPRESS CREEK CHILDREN'S MONTESSORI SCHOOL</n>
<styleUrl>#Closed</styleUrl>
<description><![CDATA[<b><u>Address:</u></b> 13405 MAIN ST, FRISCO, TX 75035<br/><b><u>Type:</u></b> Private<br/><b><u>Enrollment:</u></b> 15]]></description>
<Point>
<coordinates>-96.761861,33.15136</coordinates>
</Point>
</Placemark>
<Placemark>
<n>THE GODDARD SCHOOL   CEDAR PARK</n>
<styleUrl>#Closed</styleUrl>
<description><![CDATA[<b><u>Address:</u></b> 1905 EL SALIDO PKWY, CEDAR PARK, TX 78613<br/><b><u>Type:</u></b> Private<br/><b><u>Enrollment:</u></b> 17]]></description>
<Point>
<coordinates>-97.842581,30.47584</coordinates>
</Point>
</Placemark>
<Placemark>
<n>ST PAUL'S EPISCOPAL MONTESSORI SCHOOL</n>
<styleUrl>#Closed</styleUrl>
<description><![CDATA[<b><u>Address:</u></b> 1018 E GRAYSON ST, SAN ANTONIO, TX 78208<br/><b><u>Type:</u></b> Private<br/><b><u>Enrollment:</u></b> 40]]></description>
<Point>
<coordinates>-98.467591,29.44276</coordinates>
</Point>
</Placemark>
<Placemark>
<n>BETHEL SDA SCHOOL</n>
<styleUrl>#Closed</styleUrl>
<description><![CDATA[<b><u>Address:</u></b> 489 S KINGS HWY, TEXARKANA, TEXAS, TX 75501<br/><b><u>Type:</u></b> Private<br/><b><u>Enrollment:</u></b> 9]]></description>
<Point>
<coordinates>-94.11882,33.409995</coordinates>
</Point>
</Placemark>
<Placemark>
<n>SHEPHERD OF THE HILLS LUTHERAN SCHOOL</n>
<styleUrl>#Closed</styleUrl>
<description><![CDATA[<b><u>Address:</u></b> 6914 WURZBACH RD, SAN ANTONIO, TX 78240<br/><b><u>Type:</u></b> Private<br/><b><u>Enrollment:</u></b> 183]]></description>
<Point>
<coordinates>-98.589301,29.49853</coordinates>
</Point>
</Placemark>
<Placemark>
<n>THE WINSTON SCHOOL SAN ANTONIO</n>
<styleUrl>#Closed</styleUrl>
<description><![CDATA[<b><u>Address:</u></b> 8565 EWING HALSELL DR, SAN ANTONIO, TX 78229<br/><b><u>Type:</u></b> Private<br/><b><u>Enrollment:</u></b> 170]]></description>
<Point>
<coordinates>-98.581141,29.51852</coordinates>
</Point>
</Placemark>
<Placemark>
<n>KARDIA CHRISTIAN ACADEMY</n>
<styleUrl>#Closed</styleUrl>
<description><![CDATA[<b><u>Address:</u></b> 10555 SPRING CYPRESS RD, HOUSTON, TX 77070<br/><b><u>Type:</u></b> Private<br/><b><u>Enrollment:</u></b> 112]]></description>
<Point>
<coordinates>-95.580331,30.01311</coordinates>
</Point>
</Placemark>
<Placemark>
<n>TAS MONTESSORI SCHOOL</n>
<styleUrl>#Closed</styleUrl>
<description><![CDATA[<b><u>Address:</u></b> 502 N DOWDEN RD UNIT 100, WOLFFORTH, TX 79382<br/><b><u>Type:</u></b> Private<br/><b><u>Enrollment:</u></b> 18]]></description>
<Point>
<coordinates>-102.009533,33.515457</coordinates>
</Point>
</Placemark>
<Placemark>
<n>INTERNATIONAL SCHOOL OF TEXAS</n>
<styleUrl>#Closed</styleUrl>
<description><![CDATA[<b><u>Address:</u></b> 4402 HUDSON BEND RD, AUSTIN, TX 78734<br/><b><u>Type:</u></b> Private<br/><b><u>Enrollment:</u></b> 158]]></description>
<Point>
<coordinates>-97.9289406,30.4042531</coordinates>
</Point>
</Placemark>
<Placemark>
<n>THE VILLAGE SCHOOL</n>
<styleUrl>#Closed</styleUrl>
<description><![CDATA[<b><u>Address:</u></b> 2005 GENTRYSIDE DR, HOUSTON, TX 77077<br/><b><u>Type:</u></b> Private<br/><b><u>Enrollment:</u></b> 1261]]></description>
<Point>
<coordinates>-95.6180607,29.7454915</coordinates>
</Point>
</Placemark>
<Placemark>
<n>BRENTWOOD CHRISTIAN SCHOOL</n>
<styleUrl>#Closed</styleUrl>
<description><![CDATA[<b><u>Address:</u></b> 11908 N LAMAR BLVD, AUSTIN, TX 78753<br/><b><u>Type:</u></b> Private<br/><b><u>Enrollment:</u></b> 629]]></description>
<Point>
<coordinates>-97.686532,30.392569</coordinates>
</Point>
</Placemark>
<Placemark>
<n>FIRST BAPTIST CHILD DEVELOPMENT CENTER</n>
<styleUrl>#Closed</styleUrl>
<description><![CDATA[<b><u>Address:</u></b> 2104 W LOUISIANA AVE, MIDLAND, TX 79701<br/><b><u>Type:</u></b> Private<br/><b><u>Enrollment:</u></b> 36]]></description>
<Point>
<coordinates>-102.099861,31.99927</coordinates>
</Point>
</Placemark>
<Placemark>
<n>EPIPHANY LUTHERAN SCHOOL</n>
<styleUrl>#Closed</styleUrl>
<description><![CDATA[<b><u>Address:</u></b> 14423 W RD, HOUSTON, TX 77041<br/><b><u>Type:</u></b> Private<br/><b><u>Enrollment:</u></b> 83]]></description>
<Point>
<coordinates>-95.619241,29.89785</coordinates>
</Point>
</Placemark>
<Placemark>
<n>YELLOWSTONE ACADEMY</n>
<styleUrl>#Closed</styleUrl>
<description><![CDATA[<b><u>Address:</u></b> 3000 TRULLEY ST, HOUSTON, TX 77004<br/><b><u>Type:</u></b> Private<br/><b><u>Enrollment:</u></b> 189]]></description>
<Point>
<coordinates>-95.355754,29.737532</coordinates>
</Point>
</Placemark>
<Placemark>
<n>D.A.V. MONTESSORI SCHOOL</n>
<styleUrl>#Closed</styleUrl>
<description><![CDATA[<b><u>Address:</u></b> 14375 SCHILLER RD, HOUSTON, TX 77082<br/><b><u>Type:</u></b> Private<br/><b><u>Enrollment:</u></b> 67]]></description>
<Point>
<coordinates>-95.641231,29.71763</coordinates>
</Point>
</Placemark>
<Placemark>
<n>FIRST PROTESTANT CHURCH SCHOOL</n>
<styleUrl>#Closed</styleUrl>
<description><![CDATA[<b><u>Address:</u></b> 205 S COSTELL, NEW BRAUNFELS, TX 78130<br/><b><u>Type:</u></b> Private<br/><b><u>Enrollment:</u></b> 90]]></description>
<Point>
<coordinates>-98.123709,29.701269</coordinates>
</Point>
</Placemark>
<Placemark>
<n>PREMIER ACADEMY OF TROPHY CLUB</n>
<styleUrl>#Closed</styleUrl>
<description><![CDATA[<b><u>Address:</u></b> 915 TROPHY CLUB DR, TROPHY CLUB, TX 76262<br/><b><u>Type:</u></b> Private<br/><b><u>Enrollment:</u></b> 10]]></description>
<Point>
<coordinates>-97.20373,33.001134</coordinates>
</Point>
</Placemark>
<Placemark>
<n>SAN FRANCISCO NATIVITY ACADEMY</n>
<styleUrl>#Closed</styleUrl>
<description><![CDATA[<b><u>Address:</u></b> 5808 RENWICK DR, HOUSTON, TX 77081<br/><b><u>Type:</u></b> Private<br/><b><u>Enrollment:</u></b> 55]]></description>
<Point>
<coordinates>-95.485451,29.71842</coordinates>
</Point>
</Placemark>
<Placemark>
<n>PRIMROSE SCHOOL OF CLEAR LAKE</n>
<styleUrl>#Closed</styleUrl>
<description><![CDATA[<b><u>Address:</u></b> 2411 FALCON PASS DR, HOUSTON, TX 77062<br/><b><u>Type:</u></b> Private<br/><b><u>Enrollment:</u></b> 5]]></description>
<Point>
<coordinates>-95.111946,29.575066</coordinates>
</Point>
</Placemark>
<Placemark>
<n>THE BRANCH SCHOOL</n>
<styleUrl>#Closed</styleUrl>
<description><![CDATA[<b><u>Address:</u></b> 1424 SHERWOOD FOREST ST, HOUSTON, TX 77043<br/><b><u>Type:</u></b> Private<br/><b><u>Enrollment:</u></b> 115]]></description>
<Point>
<coordinates>-95.5786713,29.7917517</coordinates>
</Point>
</Placemark>
<Placemark>
<n>ANNUNCIATION ORTHODOX SCHOOL</n>
<styleUrl>#Closed</styleUrl>
<description><![CDATA[<b><u>Address:</u></b> 3600 YOAKUM BLVD, HOUSTON, TX 77006<br/><b><u>Type:</u></b> Private<br/><b><u>Enrollment:</u></b> 621]]></description>
<Point>
<coordinates>-95.393011,29.73979</coordinates>
</Point>
</Placemark>
<Placemark>
<n>MOUNTAIN WEST MONTESSORI</n>
<styleUrl>#Closed</styleUrl>
<description><![CDATA[<b><u>Address:</u></b> 403 FRONTERA RD, EL PASO, TX 79922<br/><b><u>Type:</u></b> Private<br/><b><u>Enrollment:</u></b> 92]]></description>
<Point>
<coordinates>-106.5688153,31.8153022</coordinates>
</Point>
</Placemark>
<Placemark>
<n>BROWNS EARLY DISCOVERY  SCHOOL</n>
<styleUrl>#Closed</styleUrl>
<description><![CDATA[<b><u>Address:</u></b> 550 W DANIELDALE RD, DUNCANVILLE, TX 75137<br/><b><u>Type:</u></b> Private<br/><b><u>Enrollment:</u></b> 26]]></description>
<Point>
<coordinates>-96.920081,32.63217</coordinates>
</Point>
</Placemark>
<Placemark>
<n>CHRIST CHURCH SCHOOL</n>
<styleUrl>#Closed</styleUrl>
<description><![CDATA[<b><u>Address:</u></b> 3300 AUSTIN PKWY, SUGAR LAND, TX 77479<br/><b><u>Type:</u></b> Private<br/><b><u>Enrollment:</u></b> 20]]></description>
<Point>
<coordinates>-95.602771,29.57247</coordinates>
</Point>
</Placemark>
<Placemark>
<n>PRIMROSE SCHOOL OF WESTLAKE AT ENTRADA</n>
<styleUrl>#Closed</styleUrl>
<description><![CDATA[<b><u>Address:</u></b> 26 ARTA DR, WESTLAKE, TX 76262<br/><b><u>Type:</u></b> Private<br/><b><u>Enrollment:</u></b> 25]]></description>
<Point>
<coordinates>-97.181399,32.986099</coordinates>
</Point>
</Placemark>
<Placemark>
<n>REDEEMERS LEARNING CENTER</n>
<styleUrl>#Closed</styleUrl>
<description><![CDATA[<b><u>Address:</u></b> 5371 E 5TH ST, KATY, TX 77493<br/><b><u>Type:</u></b> Private<br/><b><u>Enrollment:</u></b> 15]]></description>
<Point>
<coordinates>-95.815071,29.78899</coordinates>
</Point>
</Placemark>
<Placemark>
<n>PRIMROSE SCHOOL OF SOUTHWEST AUSTIN</n>
<styleUrl>#Closed</styleUrl>
<description><![CDATA[<b><u>Address:</u></b> 4920 DAVIS LN, AUSTIN, TX 78749<br/><b><u>Type:</u></b> Private<br/><b><u>Enrollment:</u></b> 34]]></description>
<Point>
<coordinates>-97.8588529,30.2067628</coordinates>
</Point>
</Placemark>
<Placemark>
<n>CEI PRESCHOOL SPANISH IMMERSION SCHOOL</n>
<styleUrl>#Closed</styleUrl>
<description><![CDATA[<b><u>Address:</u></b> 2381 BEBEE RD, KYLE, TX 78640<br/><b><u>Type:</u></b> Private<br/><b><u>Enrollment:</u></b> 18]]></description>
<Point>
<coordinates>-97.8277272,30.00616</coordinates>
</Point>
</Placemark>
<Placemark>
<n>MONTESSORI SCHOOL ON CAMP BOWIE</n>
<styleUrl>#Closed</styleUrl>
<description><![CDATA[<b><u>Address:</u></b> 1801 ASHLAND AVE, FORT WORTH, TX 76107<br/><b><u>Type:</u></b> Private<br/><b><u>Enrollment:</u></b> 4]]></description>
<Point>
<coordinates>-97.383474,32.741739</coordinates>
</Point>
</Placemark>
<Placemark>
<n>OUR REDEEMER LUTHERAN SCHOOL OF DALLAS</n>
<styleUrl>#Closed</styleUrl>
<description><![CDATA[<b><u>Address:</u></b> 7611 PARK LN, DALLAS, TX 75225<br/><b><u>Type:</u></b> Private<br/><b><u>Enrollment:</u></b> 81]]></description>
<Point>
<coordinates>-96.775223,32.872743</coordinates>
</Point>
</Placemark>
<Placemark>
<n>JOSHUA ADVENTIST MULTIGRADE SCHOOL</n>
<styleUrl>#Closed</styleUrl>
<description><![CDATA[<b><u>Address:</u></b> 1912 CONVEYOR DR, JOSHUA, TX 76058<br/><b><u>Type:</u></b> Private<br/><b><u>Enrollment:</u></b> 60]]></description>
<Point>
<coordinates>-97.353561,32.45694</coordinates>
</Point>
</Placemark>
<Placemark>
<n>LUTHERAN HIGH NORTH</n>
<styleUrl>#Closed</styleUrl>
<description><![CDATA[<b><u>Address:</u></b> 1130 W 34TH ST, HOUSTON, TX 77018<br/><b><u>Type:</u></b> Private<br/><b><u>Enrollment:</u></b> 102]]></description>
<Point>
<coordinates>-95.419801,29.8179</coordinates>
</Point>
</Placemark>
<Placemark>
<n>LEVELLAND CHRISTIAN SCHOOL</n>
<styleUrl>#Closed</styleUrl>
<description><![CDATA[<b><u>Address:</u></b> 1905 CACTUS DR, LEVELLAND, TX 79336<br/><b><u>Type:</u></b> Private<br/><b><u>Enrollment:</u></b> 10]]></description>
<Point>
<coordinates>-102.327301,33.58688</coordinates>
</Point>
</Placemark>
<Placemark>
<n>JOYFUL SOUND CHRISTIAN ACADEMY</n>
<styleUrl>#Closed</styleUrl>
<description><![CDATA[<b><u>Address:</u></b> 20721 BALDWIN LN, PORTER, TX 77365<br/><b><u>Type:</u></b> Private<br/><b><u>Enrollment:</u></b> 16]]></description>
<Point>
<coordinates>-95.255221,30.114807</coordinates>
</Point>
</Placemark>
<Placemark>
<n>MOUNT ST MICHAEL CATHOLIC SCHOOL</n>
<styleUrl>#Closed</styleUrl>
<description><![CDATA[<b><u>Address:</u></b> 4500 W DAVIS ST, DALLAS, TX 75211<br/><b><u>Type:</u></b> Private<br/><b><u>Enrollment:</u></b> 86]]></description>
<Point>
<coordinates>-96.893015,32.747849</coordinates>
</Point>
</Placemark>
<Placemark>
<n>DEVEREUX SCHOOL</n>
<styleUrl>#Closed</styleUrl>
<description><![CDATA[<b><u>Address:</u></b> 1150 DEVEREUX DR, LEAGUE CITY, TX 77573<br/><b><u>Type:</u></b> Private<br/><b><u>Enrollment:</u></b> 40]]></description>
<Point>
<coordinates>-95.106176,29.506876</coordinates>
</Point>
</Placemark>
<Placemark>
<n>TURNING POINT CHRISTIAN ACADEMY</n>
<styleUrl>#Closed</styleUrl>
<description><![CDATA[<b><u>Address:</u></b> 1221 E PARKERVILLE RD, DESOTO, TX 75115<br/><b><u>Type:</u></b> Private<br/><b><u>Enrollment:</u></b> 8]]></description>
<Point>
<coordinates>-96.8276647,32.5755376</coordinates>
</Point>
</Placemark>
<Placemark>
<n>APPLESEED ACADEMY</n>
<styleUrl>#Closed</styleUrl>
<description><![CDATA[<b><u>Address:</u></b> 4346 N GALLOWAY AVE, MESQUITE, TX 75150<br/><b><u>Type:</u></b> Private<br/><b><u>Enrollment:</u></b> 26]]></description>
<Point>
<coordinates>-96.620111,32.82372</coordinates>
</Point>
</Placemark>
<Placemark>
<n>CRESTVIEW BAPTIST EARLY CHILDHOOD CENTER</n>
<styleUrl>#Closed</styleUrl>
<description><![CDATA[<b><u>Address:</u></b> 301 N LOOP 250 W, MIDLAND, TX 79703<br/><b><u>Type:</u></b> Private<br/><b><u>Enrollment:</u></b> 33]]></description>
<Point>
<coordinates>-102.151191,31.98289</coordinates>
</Point>
</Placemark>
<Placemark>
<n>FIRST METHODIST SCHOOL</n>
<styleUrl>#Closed</styleUrl>
<description><![CDATA[<b><u>Address:</u></b> 206 W DANIEL ST, DUNCANVILLE, TX 75116<br/><b><u>Type:</u></b> Private<br/><b><u>Enrollment:</u></b> 8]]></description>
<Point>
<coordinates>-96.910101,32.64869</coordinates>
</Point>
</Placemark>
<Placemark>
<n>MONTESSORI SCHOOL</n>
<styleUrl>#Closed</styleUrl>
<description><![CDATA[<b><u>Address:</u></b> 204 BOCA CHICA BLVD, BROWNSVILLE, TX 78520<br/><b><u>Type:</u></b> Private<br/><b><u>Enrollment:</u></b> 3]]></description>
<Point>
<coordinates>-97.517851,25.92632</coordinates>
</Point>
</Placemark>
<Placemark>
<n>ST DOMINIC SAVIO CATHOLIC HIGH SCHOOL</n>
<styleUrl>#Closed</styleUrl>
<description><![CDATA[<b><u>Address:</u></b> 9300 NEENAH AVE, AUSTIN, TX 78717<br/><b><u>Type:</u></b> Private<br/><b><u>Enrollment:</u></b> 400]]></description>
<Point>
<coordinates>-97.758571,30.48973</coordinates>
</Point>
</Placemark>
<Placemark>
<n>JUAN DIEGO ACADEMY</n>
<styleUrl>#Closed</styleUrl>
<description><![CDATA[<b><u>Address:</u></b> 5208 S FM 494, MISSION, TX 78572<br/><b><u>Type:</u></b> Private<br/><b><u>Enrollment:</u></b> 94]]></description>
<Point>
<coordinates>-98.326339,26.153775</coordinates>
</Point>
</Placemark>
<Placemark>
<n>GENESIS CHRISTIAN SCHOOL</n>
<styleUrl>#Closed</styleUrl>
<description><![CDATA[<b><u>Address:</u></b> 9426 TELEPHONE RD, HOUSTON, TX 77075<br/><b><u>Type:</u></b> Private<br/><b><u>Enrollment:</u></b> 201]]></description>
<Point>
<coordinates>-95.286371,29.628882</coordinates>
</Point>
</Placemark>
<Placemark>
<n>GRACE COMMUNITY SCHOOL</n>
<styleUrl>#Closed</styleUrl>
<description><![CDATA[<b><u>Address:</u></b> 3025 UNIVERSITY BLVD, TYLER, TX 75701<br/><b><u>Type:</u></b> Private<br/><b><u>Enrollment:</u></b> 907]]></description>
<Point>
<coordinates>-95.259651,32.31086</coordinates>
</Point>
</Placemark>
<Placemark>
<n>UPWARD HOPE ACADEMY</n>
<styleUrl>#Closed</styleUrl>
<description><![CDATA[<b><u>Address:</u></b> 3305 CHURCH ST, GALVESTON, TX 77550<br/><b><u>Type:</u></b> Private<br/><b><u>Enrollment:</u></b> 67]]></description>
<Point>
<coordinates>-94.805026,29.300216</coordinates>
</Point>
</Placemark>
<Placemark>
<n>SACRED HEART PARISH SCHOOL</n>
<styleUrl>#Closed</styleUrl>
<description><![CDATA[<b><u>Address:</u></b> 401 W LEONA ST, UVALDE, TX 78801<br/><b><u>Type:</u></b> Private<br/><b><u>Enrollment:</u></b> 43]]></description>
<Point>
<coordinates>-99.794876,29.213066</coordinates>
</Point>
</Placemark>
<Placemark>
<n>ST IGNATIUS MARTYR  CATHOLIC SCHOOL</n>
<styleUrl>#Closed</styleUrl>
<description><![CDATA[<b><u>Address:</u></b> 120 W OLTORF ST, AUSTIN, TX 78704<br/><b><u>Type:</u></b> Private<br/><b><u>Enrollment:</u></b> 162]]></description>
<Point>
<coordinates>-97.754091,30.239859</coordinates>
</Point>
</Placemark>
<Placemark>
<n>ST PATRICK SCHOOL</n>
<styleUrl>#Closed</styleUrl>
<description><![CDATA[<b><u>Address:</u></b> 3340 S ALAMEDA ST, CORPUS CHRISTI, TX 78411<br/><b><u>Type:</u></b> Private<br/><b><u>Enrollment:</u></b> 200]]></description>
<Point>
<coordinates>-97.386839,27.753505</coordinates>
</Point>
</Placemark>
<Placemark>
<n>SS. CYRIL AND METHODIUS CATHOLIC SCHOOL</n>
<styleUrl>#Closed</styleUrl>
<description><![CDATA[<b><u>Address:</u></b> 5002 KOSTORYZ RD, CORPUS CHRISTI, TX 78415<br/><b><u>Type:</u></b> Private<br/><b><u>Enrollment:</u></b> 100]]></description>
<Point>
<coordinates>-97.412064,27.729107</coordinates>
</Point>
</Placemark>
<Placemark>
<n>MOST PRECIOUS BLOOD CATHOLIC SCHOOL</n>
<styleUrl>#Closed</styleUrl>
<description><![CDATA[<b><u>Address:</u></b> 3502 SARATOGA BLVD, CORPUS CHRISTI, TX 78415<br/><b><u>Type:</u></b> Private<br/><b><u>Enrollment:</u></b> 115]]></description>
<Point>
<coordinates>-97.419861,27.70457</coordinates>
</Point>
</Placemark>
<Placemark>
<n>ST PATRICK CATHEDRAL SCHOOL</n>
<styleUrl>#Closed</styleUrl>
<description><![CDATA[<b><u>Address:</u></b> 1111 N STANTON ST, EL PASO, TX 79902<br/><b><u>Type:</u></b> Private<br/><b><u>Enrollment:</u></b> 133]]></description>
<Point>
<coordinates>-106.492621,31.76611</coordinates>
</Point>
</Placemark>
<Placemark>
<n>ST JOHN THE APOSTLE CATHOLIC</n>
<styleUrl>#Closed</styleUrl>
<description><![CDATA[<b><u>Address:</u></b> 7421 GLENVIEW DR, NORTH RICHLAND HILLS, TX 76180<br/><b><u>Type:</u></b> Private<br/><b><u>Enrollment:</u></b> 141]]></description>
<Point>
<coordinates>-97.218939,32.824265</coordinates>
</Point>
</Placemark>
<Placemark>
<n>ST THOMAS MORE PARISH SCHOOL</n>
<styleUrl>#Closed</styleUrl>
<description><![CDATA[<b><u>Address:</u></b> 5927 WIGTON DR, HOUSTON, TX 77096<br/><b><u>Type:</u></b> Private<br/><b><u>Enrollment:</u></b> 275]]></description>
<Point>
<coordinates>-95.494394,29.668897</coordinates>
</Point>
</Placemark>
<Placemark>
<n>ST PHILIP'S EPISCOPAL SCHOOL</n>
<styleUrl>#Closed</styleUrl>
<description><![CDATA[<b><u>Address:</u></b> 343 N GETTY ST, UVALDE, TX 78801<br/><b><u>Type:</u></b> Private<br/><b><u>Enrollment:</u></b> 29]]></description>
<Point>
<coordinates>-99.788396,29.213535</coordinates>
</Point>
</Placemark>
<Placemark>
<n>ST LUKES EPISCOPAL SCHOOL</n>
<styleUrl>#Closed</styleUrl>
<description><![CDATA[<b><u>Address:</u></b> 15 SAINT LUKES LN, SAN ANTONIO, TX 78209<br/><b><u>Type:</u></b> Private<br/><b><u>Enrollment:</u></b> 213]]></description>
<Point>
<coordinates>-98.48006,29.485612</coordinates>
</Point>
</Placemark>
<Placemark>
<n>GOOD SHEPHERD EPISCOPAL SCHOOL</n>
<styleUrl>#Closed</styleUrl>
<description><![CDATA[<b><u>Address:</u></b> 11110 MIDWAY RD, DALLAS, TX 75229<br/><b><u>Type:</u></b> Private<br/><b><u>Enrollment:</u></b> 512]]></description>
<Point>
<coordinates>-96.836536,32.900599</coordinates>
</Point>
</Placemark>
<Placemark>
<n>CHRIST ACADEMY</n>
<styleUrl>#Closed</styleUrl>
<description><![CDATA[<b><u>Address:</u></b> 5105 STONE LAKE DR, WICHITA FALLS, TX 76310<br/><b><u>Type:</u></b> Private<br/><b><u>Enrollment:</u></b> 178]]></description>
<Point>
<coordinates>-98.513451,33.85303</coordinates>
</Point>
</Placemark>
<Placemark>
<n>GATEWAY CHRISTIAN SCHOOL</n>
<styleUrl>#Closed</styleUrl>
<description><![CDATA[<b><u>Address:</u></b> 6623 FIVE PALMS DR, SAN ANTONIO, TX 78242<br/><b><u>Type:</u></b> Private<br/><b><u>Enrollment:</u></b> 55]]></description>
<Point>
<coordinates>-98.616484,29.366938</coordinates>
</Point>
</Placemark>
<Placemark>
<n>TRINITY EPISCOPAL SCHOOL</n>
<styleUrl>#Closed</styleUrl>
<description><![CDATA[<b><u>Address:</u></b> 1504 N MOODY ST, VICTORIA, TX 77901<br/><b><u>Type:</u></b> Private<br/><b><u>Enrollment:</u></b> 239]]></description>
<Point>
<coordinates>-97.006821,28.808345</coordinates>
</Point>
</Placemark>
<Placemark>
<n>DALLAS CHRISTIAN ACADEMY</n>
<styleUrl>#Closed</styleUrl>
<description><![CDATA[<b><u>Address:</u></b> 4025 N CENTRAL EXPY, DALLAS, TX 75204<br/><b><u>Type:</u></b> Private<br/><b><u>Enrollment:</u></b> 100]]></description>
<Point>
<coordinates>-96.791934,32.81211</coordinates>
</Point>
</Placemark>
<Placemark>
<n>TRINITY CHRISTIAN ACADEMY</n>
<styleUrl>#Closed</styleUrl>
<description><![CDATA[<b><u>Address:</u></b> 5415 N LOOP 1604 E, SAN ANTONIO, TX 78247<br/><b><u>Type:</u></b> Private<br/><b><u>Enrollment:</u></b> 121]]></description>
<Point>
<coordinates>-98.385231,29.6047</coordinates>
</Point>
</Placemark>
<Placemark>
<n>MEMORIAL LUTHERAN SCHOOL</n>
<styleUrl>#Closed</styleUrl>
<description><![CDATA[<b><u>Address:</u></b> 5800 WESTHEIMER RD, HOUSTON, TX 77057<br/><b><u>Type:</u></b> Private<br/><b><u>Enrollment:</u></b> 129]]></description>
<Point>
<coordinates>-95.480321,29.73882</coordinates>
</Point>
</Placemark>
<Placemark>
<n>LIFE CENTER CHRISTIAN ACADEMY</n>
<styleUrl>#Closed</styleUrl>
<description><![CDATA[<b><u>Address:</u></b> 1335 HENRY BRENNAN DR, EL PASO, TX 79936<br/><b><u>Type:</u></b> Private<br/><b><u>Enrollment:</u></b> 16]]></description>
<Point>
<coordinates>-106.292641,31.72484</coordinates>
</Point>
</Placemark>
<Placemark>
<n>ODYSSEY SCHOOL</n>
<styleUrl>#Closed</styleUrl>
<description><![CDATA[<b><u>Address:</u></b> 4407 RED RIVER ST, AUSTIN, TX 78751<br/><b><u>Type:</u></b> Private<br/><b><u>Enrollment:</u></b> 56]]></description>
<Point>
<coordinates>-97.719806,30.304085</coordinates>
</Point>
</Placemark>
<Placemark>
<n>ST JOSEPH CATHOLIC SCHOOL</n>
<styleUrl>#Closed</styleUrl>
<description><![CDATA[<b><u>Address:</u></b> 600 S JUPITER RD, RICHARDSON, TX 75081<br/><b><u>Type:</u></b> Private<br/><b><u>Enrollment:</u></b> 249]]></description>
<Point>
<coordinates>-96.684691,32.93937</coordinates>
</Point>
</Placemark>
<Placemark>
<n>THE RUBICON ACADEMY</n>
<styleUrl>#Closed</styleUrl>
<description><![CDATA[<b><u>Address:</u></b> 14211 HORSESHOE BND, THE WOODLANDS, TX 77384<br/><b><u>Type:</u></b> Private<br/><b><u>Enrollment:</u></b> 16]]></description>
<Point>
<coordinates>-95.523651,30.23025</coordinates>
</Point>
</Placemark>
<Placemark>
<n>ASCENSION ACADEMY</n>
<styleUrl>#Closed</styleUrl>
<description><![CDATA[<b><u>Address:</u></b> 9301 ASCENSION PKWY, AMARILLO, TX 79159<br/><b><u>Type:</u></b> Private<br/><b><u>Enrollment:</u></b> 171]]></description>
<Point>
<coordinates>-101.946241,35.15754</coordinates>
</Point>
</Placemark>
<Placemark>
<n>MEMORIAL MONTESSORI SCHOOL</n>
<styleUrl>#Closed</styleUrl>
<description><![CDATA[<b><u>Address:</u></b> 5630 W RIVER PARK DR, SUGAR LAND, TX 77479<br/><b><u>Type:</u></b> Private<br/><b><u>Enrollment:</u></b> 2]]></description>
<Point>
<coordinates>-95.682781,29.57484</coordinates>
</Point>
</Placemark>
<Placemark>
<n>PRIMROSE SCHOOL OF PARKWOOD HILL</n>
<styleUrl>#Closed</styleUrl>
<description><![CDATA[<b><u>Address:</u></b> 7451 PARKWOOD HILL BLVD, FORT WORTH, TX 76137<br/><b><u>Type:</u></b> Private<br/><b><u>Enrollment:</u></b> 2]]></description>
<Point>
<coordinates>-97.264221,32.87584</coordinates>
</Point>
</Placemark>
<Placemark>
<n>CENTRAL BAPTIST CHRISTIAN ACADEMY</n>
<styleUrl>#Closed</styleUrl>
<description><![CDATA[<b><u>Address:</u></b> 1601 SW 58TH AVE, AMARILLO, TX 79110<br/><b><u>Type:</u></b> Private<br/><b><u>Enrollment:</u></b> 9]]></description>
<Point>
<coordinates>-101.854501,35.14829</coordinates>
</Point>
</Placemark>
<Placemark>
<n>SILVERLINE MONTESSORI - SILVERLAKE CAMPUS</n>
<styleUrl>#Closed</styleUrl>
<description><![CDATA[<b><u>Address:</u></b> 2505 COUNTY ROAD 89, PEARLAND, TX 77584<br/><b><u>Type:</u></b> Private<br/><b><u>Enrollment:</u></b> 47]]></description>
<Point>
<coordinates>-95.347067,29.550242</coordinates>
</Point>
</Placemark>
<Placemark>
<n>ARBORCREEK MONTESSORI SCHOOL</n>
<styleUrl>#Closed</styleUrl>
<description><![CDATA[<b><u>Address:</u></b> 2713 COOKSCREEK PL, FARMERS BRANCH, TX 75234<br/><b><u>Type:</u></b> Private<br/><b><u>Enrollment:</u></b> 5]]></description>
<Point>
<coordinates>-96.888831,32.94163</coordinates>
</Point>
</Placemark>
<Placemark>
<n>COUTS CHRISTIAN ACADEMY</n>
<styleUrl>#Closed</styleUrl>
<description><![CDATA[<b><u>Address:</u></b> 802 N ELM ST, WEATHERFORD, TX 76086<br/><b><u>Type:</u></b> Private<br/><b><u>Enrollment:</u></b> 14]]></description>
<Point>
<coordinates>-97.794781,32.76811</coordinates>
</Point>
</Placemark>
<Placemark>
<n>MONTESSORI LEARNING CENTER</n>
<styleUrl>#Closed</styleUrl>
<description><![CDATA[<b><u>Address:</u></b> 244 N RESLER DR, EL PASO, TX 79912<br/><b><u>Type:</u></b> Private<br/><b><u>Enrollment:</u></b> 13]]></description>
<Point>
<coordinates>-106.548181,31.84088</coordinates>
</Point>
</Placemark>
<Placemark>
<n>LAKEHILL PREPARATORY SCHOOL</n>
<styleUrl>#Closed</styleUrl>
<description><![CDATA[<b><u>Address:</u></b> 2720 HILLSIDE DR, DALLAS, TX 75214<br/><b><u>Type:</u></b> Private<br/><b><u>Enrollment:</u></b> 369]]></description>
<Point>
<coordinates>-96.749161,32.82286</coordinates>
</Point>
</Placemark>
<Placemark>
<n>CYPRESS BEND ADVENTIST ELEMENTARY SCHOOL</n>
<styleUrl>#Closed</styleUrl>
<description><![CDATA[<b><u>Address:</u></b> 2997 FM 728, JEFFERSON, TX 75657<br/><b><u>Type:</u></b> Private<br/><b><u>Enrollment:</u></b> 22]]></description>
<Point>
<coordinates>-94.403963,32.80625</coordinates>
</Point>
</Placemark>
<Placemark>
<n>CHASE'S PLACE</n>
<styleUrl>#Closed</styleUrl>
<description><![CDATA[<b><u>Address:</u></b> 620 N COIT RD STE 2176, RICHARDSON, TX 75080<br/><b><u>Type:</u></b> Private<br/><b><u>Enrollment:</u></b> 17]]></description>
<Point>
<coordinates>-96.767503,32.958685</coordinates>
</Point>
</Placemark>
<Placemark>
<n>ST JOSEPH CATHOLIC SCHOOL - ELEMENTARY CAMPUS</n>
<styleUrl>#Closed</styleUrl>
<description><![CDATA[<b><u>Address:</u></b> 901 E WM J BRYAN PKWY, BRYAN, TX 77803<br/><b><u>Type:</u></b> Private<br/><b><u>Enrollment:</u></b> 149]]></description>
<Point>
<coordinates>-96.364941,30.67309</coordinates>
</Point>
</Placemark>
<Placemark>
<n>FUSION ACADEMY HS1: HOUSTON GALLERIA</n>
<styleUrl>#Closed</styleUrl>
<description><![CDATA[<b><u>Address:</u></b> 5065 WESTHEIMER RD STE 840, HOUSTON, TX 77056<br/><b><u>Type:</u></b> Private<br/><b><u>Enrollment:</u></b> 47]]></description>
<Point>
<coordinates>-95.46421,29.739207</coordinates>
</Point>
</Placemark>
<Placemark>
<n>THE SAINT TIMOTHY SCHOOL</n>
<styleUrl>#Closed</styleUrl>
<description><![CDATA[<b><u>Address:</u></b> 4333 COLE AVE, DALLAS, TX 75205<br/><b><u>Type:</u></b> Private<br/><b><u>Enrollment:</u></b> 48]]></description>
<Point>
<coordinates>-96.791238,32.819848</coordinates>
</Point>
</Placemark>
<Placemark>
<n>PROVIDENCE CLASSICAL SCHOOL</n>
<styleUrl>#Closed</styleUrl>
<description><![CDATA[<b><u>Address:</u></b> 18100 STUEBNER AIRLINE RD, SPRING, TX 77379<br/><b><u>Type:</u></b> Private<br/><b><u>Enrollment:</u></b> 357]]></description>
<Point>
<coordinates>-95.53031,30.038994</coordinates>
</Point>
</Placemark>
<Placemark>
<n>YELLOW SCHOOL-MDPC</n>
<styleUrl>#Closed</styleUrl>
<description><![CDATA[<b><u>Address:</u></b> 245 BLALOCK, HOUSTON, TX 77024<br/><b><u>Type:</u></b> Private<br/><b><u>Enrollment:</u></b> 64]]></description>
<Point>
<coordinates>-95.524025,29.754489</coordinates>
</Point>
</Placemark>
<Placemark>
<n>CLEARVIEW SUDBURY SCHOOL</n>
<styleUrl>#Closed</styleUrl>
<description><![CDATA[<b><u>Address:</u></b> 1507 WILSHIRE BLVD, AUSTIN, TX 78722<br/><b><u>Type:</u></b> Private<br/><b><u>Enrollment:</u></b> 20]]></description>
<Point>
<coordinates>-97.71118,30.295956</coordinates>
</Point>
</Placemark>
<Placemark>
<n>SEMINOLE MENNONITE SCHOOL</n>
<styleUrl>#Closed</styleUrl>
<description><![CDATA[<b><u>Address:</u></b> 1500 SE 5TH ST, SEMINOLE, TX 79360<br/><b><u>Type:</u></b> Private<br/><b><u>Enrollment:</u></b> 296]]></description>
<Point>
<coordinates>-102.63879,32.70275</coordinates>
</Point>
</Placemark>
<Placemark>
<n>WESTVIEW SCHOOL</n>
<styleUrl>#Closed</styleUrl>
<description><![CDATA[<b><u>Address:</u></b> 1900 KERSTEN DR, HOUSTON, TX 77043<br/><b><u>Type:</u></b> Private<br/><b><u>Enrollment:</u></b> 127]]></description>
<Point>
<coordinates>-95.566671,29.81541</coordinates>
</Point>
</Placemark>
<Placemark>
<n>ST ELIZABETH ANN SETON SCHOOL</n>
<styleUrl>#Closed</styleUrl>
<description><![CDATA[<b><u>Address:</u></b> 6646 ADDICKS SATSUMA RD, HOUSTON, TX 77084<br/><b><u>Type:</u></b> Private<br/><b><u>Enrollment:</u></b> 155]]></description>
<Point>
<coordinates>-95.631571,29.87277</coordinates>
</Point>
</Placemark>
<Placemark>
<n>FORT WORTH CHRISTIAN SCHOOL</n>
<styleUrl>#Closed</styleUrl>
<description><![CDATA[<b><u>Address:</u></b> 6200 HOLIDAY LN, NORTH RICHLAND HILLS, TX 76180<br/><b><u>Type:</u></b> Private<br/><b><u>Enrollment:</u></b> 543]]></description>
<Point>
<coordinates>-97.220487,32.857358</coordinates>
</Point>
</Placemark>
<Placemark>
<n>PRIMROSE SCHOOL OF FRISCO AT MAIN AND TEEL</n>
<styleUrl>#Closed</styleUrl>
<description><![CDATA[<b><u>Address:</u></b> 9166 TEEL PKWY, FRISCO, TX 75033<br/><b><u>Type:</u></b> Private<br/><b><u>Enrollment:</u></b> 14]]></description>
<Point>
<coordinates>-96.863161,33.15454</coordinates>
</Point>
</Placemark>
<Placemark>
<n>SPANISH SCHOOLHOUSE</n>
<styleUrl>#Closed</styleUrl>
<description><![CDATA[<b><u>Address:</u></b> 280 COMMERCE ST, SOUTHLAKE, TX 76092<br/><b><u>Type:</u></b> Private<br/><b><u>Enrollment:</u></b> 17]]></description>
<Point>
<coordinates>-97.105581,32.93645</coordinates>
</Point>
</Placemark>
<Placemark>
<n>HOLY CROSS CATHOLIC HIGH SCHOOL</n>
<styleUrl>#Closed</styleUrl>
<description><![CDATA[<b><u>Address:</u></b> 4014 N COUNTY ROAD 1160, MIDLAND, TX 79705<br/><b><u>Type:</u></b> Private<br/><b><u>Enrollment:</u></b> 43]]></description>
<Point>
<coordinates>-102.038002,32.049089</coordinates>
</Point>
</Placemark>
<Placemark>
<n>LORETTO ACADEMY</n>
<styleUrl>#Closed</styleUrl>
<description><![CDATA[<b><u>Address:</u></b> 1300 HARDAWAY ST, EL PASO, TX 79903<br/><b><u>Type:</u></b> Private<br/><b><u>Enrollment:</u></b> 556]]></description>
<Point>
<coordinates>-106.4347134,31.7879883</coordinates>
</Point>
</Placemark>
<Placemark>
<n>TAMRA LEARNING ACADEMY</n>
<styleUrl>#Closed</styleUrl>
<description><![CDATA[<b><u>Address:</u></b> 2027 S 61ST ST STE 106, TEMPLE, TX 76504<br/><b><u>Type:</u></b> Private<br/><b><u>Enrollment:</u></b> 17]]></description>
<Point>
<coordinates>-97.3811266,31.0846548</coordinates>
</Point>
</Placemark>
<Placemark>
<n>THE AUSTIN SCHOOL FOR PERFORMING AND VISUAL ARTS</n>
<styleUrl>#Closed</styleUrl>
<description><![CDATA[<b><u>Address:</u></b> 1110 GUADALUPE ST, AUSTIN, TX 78701<br/><b><u>Type:</u></b> Private<br/><b><u>Enrollment:</u></b> 21]]></description>
<Point>
<coordinates>-97.744703,30.274596</coordinates>
</Point>
</Placemark>
<Placemark>
<n>HOLY COMFORTER DAY SCHOOL</n>
<styleUrl>#Closed</styleUrl>
<description><![CDATA[<b><u>Address:</u></b> 227 S CHENANGO ST, ANGLETON, TX 77515<br/><b><u>Type:</u></b> Private<br/><b><u>Enrollment:</u></b> 9]]></description>
<Point>
<coordinates>-95.429835,29.162853</coordinates>
</Point>
</Placemark>
<Placemark>
<n>THE GROVE COMMUNITY SCHOOL</n>
<styleUrl>#Closed</styleUrl>
<description><![CDATA[<b><u>Address:</u></b> 3305 RED BIRD LN, CONROE, TX 77384<br/><b><u>Type:</u></b> Private<br/><b><u>Enrollment:</u></b> 35]]></description>
<Point>
<coordinates>-95.472959,30.190023</coordinates>
</Point>
</Placemark>
<Placemark>
<n>THE LITTLE VILLAGE SCHOOL</n>
<styleUrl>#Closed</styleUrl>
<description><![CDATA[<b><u>Address:</u></b> 1717 DULLES AVE, MISSOURI CITY, TX 77459<br/><b><u>Type:</u></b> Private<br/><b><u>Enrollment:</u></b> 5]]></description>
<Point>
<coordinates>-95.581508,29.601909</coordinates>
</Point>
</Placemark>
<Placemark>
<n>THE HUMANIST ACADEMY</n>
<styleUrl>#Closed</styleUrl>
<description><![CDATA[<b><u>Address:</u></b> 4441 W AIRPORT FWY STE 100, IRVING, TX 75062<br/><b><u>Type:</u></b> Private<br/><b><u>Enrollment:</u></b> 73]]></description>
<Point>
<coordinates>-97.01424,32.838651</coordinates>
</Point>
</Placemark>
<Placemark>
<n>THE SAINT CONSTANTINE SCHOOL</n>
<styleUrl>#Closed</styleUrl>
<description><![CDATA[<b><u>Address:</u></b> 7177 REGENCY SQ BLVD, HOUSTON, TX 77036<br/><b><u>Type:</u></b> Private<br/><b><u>Enrollment:</u></b> 322]]></description>
<Point>
<coordinates>-95.5072052,29.7152214</coordinates>
</Point>
</Placemark>
<Placemark>
<n>DISCOVERY SCHOOL OF INNOVATION</n>
<styleUrl>#Closed</styleUrl>
<description><![CDATA[<b><u>Address:</u></b> 6363 RESEARCH FOREST DR, THE WOODLANDS, TX 77381<br/><b><u>Type:</u></b> Private<br/><b><u>Enrollment:</u></b> 16]]></description>
<Point>
<coordinates>-95.507298,30.196503</coordinates>
</Point>
</Placemark>
<Placemark>
<n>OVILLA CHRISTIAN SCHOOL</n>
<styleUrl>#Closed</styleUrl>
<description><![CDATA[<b><u>Address:</u></b> 3251 OVILLA RD, OVILLA, TX 75154<br/><b><u>Type:</u></b> Private<br/><b><u>Enrollment:</u></b> 308]]></description>
<Point>
<coordinates>-96.882371,32.53078</coordinates>
</Point>
</Placemark>
<Placemark>
<n>HERITAGE CHRISTIAN ACADEMY ROCKWALL</n>
<styleUrl>#Closed</styleUrl>
<description><![CDATA[<b><u>Address:</u></b> 1408 S GOLIAD ST, ROCKWALL, TX 75087<br/><b><u>Type:</u></b> Private<br/><b><u>Enrollment:</u></b> 335]]></description>
<Point>
<coordinates>-96.4561594,32.9148495</coordinates>
</Point>
</Placemark>
<Placemark>
<n>BROWN COUNTY CHRISTIAN SCHOOL</n>
<styleUrl>#Closed</styleUrl>
<description><![CDATA[<b><u>Address:</u></b> 901 CC WOODSON, BROWNWOOD, TX 76801<br/><b><u>Type:</u></b> Private<br/><b><u>Enrollment:</u></b> 33]]></description>
<Point>
<coordinates>-98.96876,31.728433</coordinates>
</Point>
</Placemark>
<Placemark>
<n>MIDLAND MONTESSORI SCHOOL</n>
<styleUrl>#Closed</styleUrl>
<description><![CDATA[<b><u>Address:</u></b> 1011 AUSTIN ST, MIDLAND, TX 79703<br/><b><u>Type:</u></b> Private<br/><b><u>Enrollment:</u></b> 100]]></description>
<Point>
<coordinates>-102.1205456,31.999822</coordinates>
</Point>
</Placemark>
<Placemark>
<n>WESTMINSTER PRESBYTERIAN PRESCHOOL AND KINDERGARTEN</n>
<styleUrl>#Closed</styleUrl>
<description><![CDATA[<b><u>Address:</u></b> 8200 DEVONSHIRE DR, DALLAS, TX 75209<br/><b><u>Type:</u></b> Private<br/><b><u>Enrollment:</u></b> 15]]></description>
<Point>
<coordinates>-96.814141,32.8545</coordinates>
</Point>
</Placemark>
<Placemark>
<n>ST GEORGE CATHOLIC SCHOOL</n>
<styleUrl>#Closed</styleUrl>
<description><![CDATA[<b><u>Address:</u></b> 824 HUDGINS AVE, FORT WORTH, TX 76111<br/><b><u>Type:</u></b> Private<br/><b><u>Enrollment:</u></b> 91]]></description>
<Point>
<coordinates>-97.297304,32.77523</coordinates>
</Point>
</Placemark>
<Placemark>
<n>ALL SAINTS EPISCOPAL SCHOOL</n>
<styleUrl>#Closed</styleUrl>
<description><![CDATA[<b><u>Address:</u></b> 2695 S SW LOOP 323, TYLER, TX 75701<br/><b><u>Type:</u></b> Private<br/><b><u>Enrollment:</u></b> 616]]></description>
<Point>
<coordinates>-95.342611,32.32132</coordinates>
</Point>
</Placemark>
<Placemark>
<n>HEALY-MURPHY CENTER</n>
<styleUrl>#Closed</styleUrl>
<description><![CDATA[<b><u>Address:</u></b> 618 LIVE OAK ST, SAN ANTONIO, TX 78202<br/><b><u>Type:</u></b> Private<br/><b><u>Enrollment:</u></b> 128]]></description>
<Point>
<coordinates>-98.480406,29.427858</coordinates>
</Point>
</Placemark>
<Placemark>
<n>THE MONTESSORI SCHOOL OF SAN ANTONIO</n>
<styleUrl>#Closed</styleUrl>
<description><![CDATA[<b><u>Address:</u></b> 17722 ROGERS RANCH PKWY, SAN ANTONIO, TX 78258<br/><b><u>Type:</u></b> Private<br/><b><u>Enrollment:</u></b> 246]]></description>
<Point>
<coordinates>-98.533031,29.60617</coordinates>
</Point>
</Placemark>
<Placemark>
<n>TOWN EAST CHRISTIAN SCHOOL</n>
<styleUrl>#Closed</styleUrl>
<description><![CDATA[<b><u>Address:</u></b> 5866 US HIGHWAY 87 E, SAN ANTONIO, TX 78222<br/><b><u>Type:</u></b> Private<br/><b><u>Enrollment:</u></b> 83]]></description>
<Point>
<coordinates>-98.374231,29.3969</coordinates>
</Point>
</Placemark>
<Placemark>
<n>PINES MONTESSORI SCHOOL</n>
<styleUrl>#Closed</styleUrl>
<description><![CDATA[<b><u>Address:</u></b> 3535 CEDAR KNOLLS DR, KINGWOOD, TX 77339<br/><b><u>Type:</u></b> Private<br/><b><u>Enrollment:</u></b> 106]]></description>
<Point>
<coordinates>-95.201151,30.05495</coordinates>
</Point>
</Placemark>
<Placemark>
<n>COVENANT CLASSICAL SCHOOL</n>
<styleUrl>#Closed</styleUrl>
<description><![CDATA[<b><u>Address:</u></b> 1701 WIND STAR WAY, FORT WORTH, TX 76108<br/><b><u>Type:</u></b> Private<br/><b><u>Enrollment:</u></b> 451]]></description>
<Point>
<coordinates>-97.498981,32.74376</coordinates>
</Point>
</Placemark>
<Placemark>
<n>TRINITY EPISCOPAL SCHOOL OF AUSTIN</n>
<styleUrl>#Closed</styleUrl>
<description><![CDATA[<b><u>Address:</u></b> 3901 BEE CAVE RD, WEST LAKE HILLS, TX 78746<br/><b><u>Type:</u></b> Private<br/><b><u>Enrollment:</u></b> 560]]></description>
<Point>
<coordinates>-97.808931,30.28077</coordinates>
</Point>
</Placemark>
<Placemark>
<n>CAPITOL SCHOOL OF AUSTIN</n>
<styleUrl>#Closed</styleUrl>
<description><![CDATA[<b><u>Address:</u></b> 2011 W KOENIG LN, AUSTIN, TX 78756<br/><b><u>Type:</u></b> Private<br/><b><u>Enrollment:</u></b> 43]]></description>
<Point>
<coordinates>-97.738931,30.33415</coordinates>
</Point>
</Placemark>
<Placemark>
<n>TIERRA VISTA MONTESSORI SCHOOL</n>
<styleUrl>#Closed</styleUrl>
<description><![CDATA[<b><u>Address:</u></b> 2400 COMMERCE ST, MARBLE FALLS, TX 78654<br/><b><u>Type:</u></b> Private<br/><b><u>Enrollment:</u></b> 3]]></description>
<Point>
<coordinates>-98.270351,30.59408</coordinates>
</Point>
</Placemark>
<Placemark>
<n>APPLEGATE ADVENTIST JR ACADEMY</n>
<styleUrl>#Closed</styleUrl>
<description><![CDATA[<b><u>Address:</u></b> 4 APPLEGATE CIR, ROUND ROCK, TX 78665<br/><b><u>Type:</u></b> Private<br/><b><u>Enrollment:</u></b> 12]]></description>
<Point>
<coordinates>-97.673901,30.54756</coordinates>
</Point>
</Placemark>
<Placemark>
<n>THE WIDE SCHOOL</n>
<styleUrl>#Closed</styleUrl>
<description><![CDATA[<b><u>Address:</u></b> 2777 DULLES AVE, MISSOURI CITY, TX 77459<br/><b><u>Type:</u></b> Private<br/><b><u>Enrollment:</u></b> 151]]></description>
<Point>
<coordinates>-95.579909,29.584621</coordinates>
</Point>
</Placemark>
<Placemark>
<n>PRIMROSE SCHOOL OF STONE BROOKE</n>
<styleUrl>#Closed</styleUrl>
<description><![CDATA[<b><u>Address:</u></b> 5651 VIRGINIA PKWY, MCKINNEY, TX 75071<br/><b><u>Type:</u></b> Private<br/><b><u>Enrollment:</u></b> 17]]></description>
<Point>
<coordinates>-96.692021,33.19813</coordinates>
</Point>
</Placemark>
<Placemark>
<n>SUBURBAN SCHOOL</n>
<styleUrl>#Closed</styleUrl>
<description><![CDATA[<b><u>Address:</u></b> 5409 ENCINO PARK RD, SAN ANTONIO, TX 78240<br/><b><u>Type:</u></b> Private<br/><b><u>Enrollment:</u></b> 6]]></description>
<Point>
<coordinates>-98.5928541,29.5351782</coordinates>
</Point>
</Placemark>
<Placemark>
<n>ST GABRIEL'S CATHOLIC SCHOOL</n>
<styleUrl>#Closed</styleUrl>
<description><![CDATA[<b><u>Address:</u></b> 2500 WIMBERLY LN, AUSTIN, TX 78735<br/><b><u>Type:</u></b> Private<br/><b><u>Enrollment:</u></b> 433]]></description>
<Point>
<coordinates>-97.873581,30.29124</coordinates>
</Point>
</Placemark>
<Placemark>
<n>NORTH PARK CHRISTIAN ACADEMY</n>
<styleUrl>#Closed</styleUrl>
<description><![CDATA[<b><u>Address:</u></b> 7025 MID CITIES BLVD, FORT WORTH, TX 76182<br/><b><u>Type:</u></b> Private<br/><b><u>Enrollment:</u></b> 18]]></description>
<Point>
<coordinates>-97.232601,32.86101</coordinates>
</Point>
</Placemark>
<Placemark>
<n>TANGLEWOOD ACADEMY</n>
<styleUrl>#Closed</styleUrl>
<description><![CDATA[<b><u>Address:</u></b> 1900 BERING DR, HOUSTON, TX 77057<br/><b><u>Type:</u></b> Private<br/><b><u>Enrollment:</u></b> 7]]></description>
<Point>
<coordinates>-95.4804407,29.7469267</coordinates>
</Point>
</Placemark>
<Placemark>
<n>MONTESSORI VILLA-THE WOODLANDS</n>
<styleUrl>#Closed</styleUrl>
<description><![CDATA[<b><u>Address:</u></b> 2310 GOLDEN RD, SPRING, TX 77380<br/><b><u>Type:</u></b> Private<br/><b><u>Enrollment:</u></b> 47]]></description>
<Point>
<coordinates>-95.473732,30.1373343</coordinates>
</Point>
</Placemark>
<Placemark>
<n>TRAFTON ACADEMY</n>
<styleUrl>#Closed</styleUrl>
<description><![CDATA[<b><u>Address:</u></b> 4711 MCDERMED DR, HOUSTON, TX 77035<br/><b><u>Type:</u></b> Private<br/><b><u>Enrollment:</u></b> 270]]></description>
<Point>
<coordinates>-95.456811,29.66789</coordinates>
</Point>
</Placemark>
<Placemark>
<n>THE REGIS SCHOOL OF THE SACRED HEART</n>
<styleUrl>#Closed</styleUrl>
<description><![CDATA[<b><u>Address:</u></b> 7330 WESTVIEW DR, HOUSTON, TX 77055<br/><b><u>Type:</u></b> Private<br/><b><u>Enrollment:</u></b> 222]]></description>
<Point>
<coordinates>-95.4762216,29.7955766</coordinates>
</Point>
</Placemark>
<Placemark>
<n>CRANBROOK LEARNING CONNECTION</n>
<styleUrl>#Closed</styleUrl>
<description><![CDATA[<b><u>Address:</u></b> 13331 KUYKENDAHL RD # 101, HOUSTON, TX 77090<br/><b><u>Type:</u></b> Private<br/><b><u>Enrollment:</u></b> 9]]></description>
<Point>
<coordinates>-95.4353,29.9781</coordinates>
</Point>
</Placemark>
<Placemark>
<n>ST MARYS EPISCOPAL DAY SCHOOL</n>
<styleUrl>#Closed</styleUrl>
<description><![CDATA[<b><u>Address:</u></b> 24 N MASONIC ST, BELLVILLE, TX 77418<br/><b><u>Type:</u></b> Private<br/><b><u>Enrollment:</u></b> 12]]></description>
<Point>
<coordinates>-96.258261,29.95154</coordinates>
</Point>
</Placemark>
<Placemark>
<n>ST DAVIDS EPISCOPAL SCHOOL</n>
<styleUrl>#Closed</styleUrl>
<description><![CDATA[<b><u>Address:</u></b> 1300 WILTSHIRE AVE, SAN ANTONIO, TX 78209<br/><b><u>Type:</u></b> Private<br/><b><u>Enrollment:</u></b> 7]]></description>
<Point>
<coordinates>-98.438481,29.48118</coordinates>
</Point>
</Placemark>
<Placemark>
<n>THE CHRISTIAN SCHOOL AT CASTLE HILLS</n>
<styleUrl>#Closed</styleUrl>
<description><![CDATA[<b><u>Address:</u></b> 2216 NW MILITARY HWY, SAN ANTONIO, TX 78213<br/><b><u>Type:</u></b> Private<br/><b><u>Enrollment:</u></b> 525]]></description>
<Point>
<coordinates>-98.52485,29.533859</coordinates>
</Point>
</Placemark>
<Placemark>
<n>ASSUMPTION CATHOLIC SCHOOL</n>
<styleUrl>#Closed</styleUrl>
<description><![CDATA[<b><u>Address:</u></b> 801 ROSELANE ST, HOUSTON, TX 77037<br/><b><u>Type:</u></b> Private<br/><b><u>Enrollment:</u></b> 218]]></description>
<Point>
<coordinates>-95.387446,29.871768</coordinates>
</Point>
</Placemark>
<Placemark>
<n>ST JOHNS EPISCOPAL SCHOOL</n>
<styleUrl>#Closed</styleUrl>
<description><![CDATA[<b><u>Address:</u></b> 1600 SHERMAN DR, ABILENE, TX 79605<br/><b><u>Type:</u></b> Private<br/><b><u>Enrollment:</u></b> 94]]></description>
<Point>
<coordinates>-99.791841,32.42966</coordinates>
</Point>
</Placemark>
<Placemark>
<n>RADFORD SCHOOL</n>
<styleUrl>#Closed</styleUrl>
<description><![CDATA[<b><u>Address:</u></b> 2001 RADFORD ST, EL PASO, TX 79903<br/><b><u>Type:</u></b> Private<br/><b><u>Enrollment:</u></b> 216]]></description>
<Point>
<coordinates>-106.437851,31.794917</coordinates>
</Point>
</Placemark>
<Placemark>
<n>CALVARY EPISCOPAL PREPARATORY</n>
<styleUrl>#Closed</styleUrl>
<description><![CDATA[<b><u>Address:</u></b> 1201 AUSTIN ST, RICHMOND, TX 77469<br/><b><u>Type:</u></b> Private<br/><b><u>Enrollment:</u></b> 162]]></description>
<Point>
<coordinates>-95.765688,29.575878</coordinates>
</Point>
</Placemark>
<Placemark>
<n>CHRIST EPISCOPAL SCHOOL</n>
<styleUrl>#Closed</styleUrl>
<description><![CDATA[<b><u>Address:</u></b> 1428 N MOUND ST, NACOGDOCHES, TX 75961<br/><b><u>Type:</u></b> Private<br/><b><u>Enrollment:</u></b> 65]]></description>
<Point>
<coordinates>-94.648377,31.615838</coordinates>
</Point>
</Placemark>
<Placemark>
<n>SHELTON SCHOOL</n>
<styleUrl>#Closed</styleUrl>
<description><![CDATA[<b><u>Address:</u></b> 17301 PRESTON RD, DALLAS, TX 75252<br/><b><u>Type:</u></b> Private<br/><b><u>Enrollment:</u></b> 1023]]></description>
<Point>
<coordinates>-96.804518,32.988474</coordinates>
</Point>
</Placemark>
<Placemark>
<n>COMMUNITY CHRISTIAN SCHOOL</n>
<styleUrl>#Closed</styleUrl>
<description><![CDATA[<b><u>Address:</u></b> 3400 MARTIN LUTHER KING JR DR, ORANGE, TX 77632<br/><b><u>Type:</u></b> Private<br/><b><u>Enrollment:</u></b> 66]]></description>
<Point>
<coordinates>-93.7845745,30.1237406</coordinates>
</Point>
</Placemark>
<Placemark>
<n>EXCELLENT COVENANT CHRISTIAN ACADEMY</n>
<styleUrl>#Closed</styleUrl>
<description><![CDATA[<b><u>Address:</u></b> 3621 E VETERANS MEMORIAL BLVD, KILLEEN, TX 76543<br/><b><u>Type:</u></b> Private<br/><b><u>Enrollment:</u></b> 10]]></description>
<Point>
<coordinates>-97.700199,31.102089</coordinates>
</Point>
</Placemark>
<Placemark>
<n>PARK ROW CHRISTIAN ACADEMY</n>
<styleUrl>#Closed</styleUrl>
<description><![CDATA[<b><u>Address:</u></b> 915 W PARK ROW DR, ARLINGTON, TX 76013<br/><b><u>Type:</u></b> Private<br/><b><u>Enrollment:</u></b> 82]]></description>
<Point>
<coordinates>-97.118581,32.72203</coordinates>
</Point>
</Placemark>
<Placemark>
<n>HERITAGE MONTESSORI OF MURPHY</n>
<styleUrl>#Closed</styleUrl>
<description><![CDATA[<b><u>Address:</u></b> 120 HERITAGE PKWY, MURPHY, TX 75094<br/><b><u>Type:</u></b> Private<br/><b><u>Enrollment:</u></b> 2]]></description>
<Point>
<coordinates>-96.624311,33.01293</coordinates>
</Point>
</Placemark>
<Placemark>
<n>HOLY TRINITY ACADEMY</n>
<styleUrl>#Closed</styleUrl>
<description><![CDATA[<b><u>Address:</u></b> 13555 HILLCREST RD, DALLAS, TX 75240<br/><b><u>Type:</u></b> Private<br/><b><u>Enrollment:</u></b> 4]]></description>
<Point>
<coordinates>-96.787621,32.93166</coordinates>
</Point>
</Placemark>
<Placemark>
<n>JOY SCHOOL</n>
<styleUrl>#Closed</styleUrl>
<description><![CDATA[<b><u>Address:</u></b> 6002 KNICKERBOCKER RD, SAN ANGELO, TX 76904<br/><b><u>Type:</u></b> Private<br/><b><u>Enrollment:</u></b> 10]]></description>
<Point>
<coordinates>-100.488241,31.39511</coordinates>
</Point>
</Placemark>
<Placemark>
<n>PRIMROSE SCHOOL OF WEST ALLEN</n>
<styleUrl>#Closed</styleUrl>
<description><![CDATA[<b><u>Address:</u></b> 106 TATUM DR, ALLEN, TX 75013<br/><b><u>Type:</u></b> Private<br/><b><u>Enrollment:</u></b> 20]]></description>
<Point>
<coordinates>-96.706401,33.09966</coordinates>
</Point>
</Placemark>
<Placemark>
<n>BRIDGEMARK CENTER FOR LEARNING</n>
<styleUrl>#Closed</styleUrl>
<description><![CDATA[<b><u>Address:</u></b> 6704 OLD JACKSONVILLE HWY, TYLER, TX 75703<br/><b><u>Type:</u></b> Private<br/><b><u>Enrollment:</u></b> 99]]></description>
<Point>
<coordinates>-95.336301,32.27551</coordinates>
</Point>
</Placemark>
<Placemark>
<n>VERITAS ACADEMY</n>
<styleUrl>#Closed</styleUrl>
<description><![CDATA[<b><u>Address:</u></b> 345 E FM 544, WYLIE, TX 75098<br/><b><u>Type:</u></b> Private<br/><b><u>Enrollment:</u></b> 42]]></description>
<Point>
<coordinates>-96.521549,32.997303</coordinates>
</Point>
</Placemark>
<Placemark>
<n>WIND ROSE ACADEMY</n>
<styleUrl>#Closed</styleUrl>
<description><![CDATA[<b><u>Address:</u></b> 1717 W PLANO PKWY, PLANO, TX 75075<br/><b><u>Type:</u></b> Private<br/><b><u>Enrollment:</u></b> 35]]></description>
<Point>
<coordinates>-96.721901,33.00774</coordinates>
</Point>
</Placemark>
<Placemark>
<n>COKER EARLY LEARNING CENTER</n>
<styleUrl>#Closed</styleUrl>
<description><![CDATA[<b><u>Address:</u></b> 231 E N LOOP RD, SAN ANTONIO, TX 78216<br/><b><u>Type:</u></b> Private<br/><b><u>Enrollment:</u></b> 23]]></description>
<Point>
<coordinates>-98.495311,29.55691</coordinates>
</Point>
</Placemark>
<Placemark>
<n>FLYING COLORS LEARNING CENTER NO 3</n>
<styleUrl>#Closed</styleUrl>
<description><![CDATA[<b><u>Address:</u></b> 600 E REDD RD, EL PASO, TX 79912<br/><b><u>Type:</u></b> Private<br/><b><u>Enrollment:</u></b> 59]]></description>
<Point>
<coordinates>-106.5636429,31.8596034</coordinates>
</Point>
</Placemark>
<Placemark>
<n>PRIMROSE SCHOOL OF BRECKINRIDGE PARK</n>
<styleUrl>#Closed</styleUrl>
<description><![CDATA[<b><u>Address:</u></b> 4301 E RENNER RD, RICHARDSON, TX 75082<br/><b><u>Type:</u></b> Private<br/><b><u>Enrollment:</u></b> 26]]></description>
<Point>
<coordinates>-96.642201,33.00277</coordinates>
</Point>
</Placemark>
<Placemark>
<n>STARWOOD ACADEMY OF FRISCO</n>
<styleUrl>#Closed</styleUrl>
<description><![CDATA[<b><u>Address:</u></b> 3443 LEBANON RD, FRISCO, TX 75034<br/><b><u>Type:</u></b> Private<br/><b><u>Enrollment:</u></b> 116]]></description>
<Point>
<coordinates>-96.859881,33.11541</coordinates>
</Point>
</Placemark>
<Placemark>
<n>QUBA ACADEMY</n>
<styleUrl>#Closed</styleUrl>
<description><![CDATA[<b><u>Address:</u></b> 730 FM 1959 RD, HOUSTON, TX 77034<br/><b><u>Type:</u></b> Private<br/><b><u>Enrollment:</u></b> 60]]></description>
<Point>
<coordinates>-95.180289,29.593187</coordinates>
</Point>
</Placemark>
<Placemark>
<n>ALPINE CHRISTIAN SCHOOL</n>
<styleUrl>#Closed</styleUrl>
<description><![CDATA[<b><u>Address:</u></b> 1901 LOOP RD, ALPINE, TX 79830<br/><b><u>Type:</u></b> Private<br/><b><u>Enrollment:</u></b> 48]]></description>
<Point>
<coordinates>-103.6571252,30.3807521</coordinates>
</Point>
</Placemark>
<Placemark>
<n>CAMBRIDGE ACADEMY, INC.</n>
<styleUrl>#Closed</styleUrl>
<description><![CDATA[<b><u>Address:</u></b> 2200 MIDWAY RD, PLANO, TX 75093<br/><b><u>Type:</u></b> Private<br/><b><u>Enrollment:</u></b> 75]]></description>
<Point>
<coordinates>-96.842736,33.029172</coordinates>
</Point>
</Placemark>
<Placemark>
<n>HERITAGE CHRISTIAN ACADEMY</n>
<styleUrl>#Closed</styleUrl>
<description><![CDATA[<b><u>Address:</u></b> 1408 S GOLIAD, ROCKWALL, TX 75087<br/><b><u>Type:</u></b> Private<br/><b><u>Enrollment:</u></b> 338]]></description>
<Point>
<coordinates>-96.4567687,32.9142954</coordinates>
</Point>
</Placemark>
<Placemark>
<n>WATERLOO SCHOOL</n>
<styleUrl>#Closed</styleUrl>
<description><![CDATA[<b><u>Address:</u></b> 1511 S CONGRESS AVE, AUSTIN, TX 78704<br/><b><u>Type:</u></b> Private<br/><b><u>Enrollment:</u></b> 42]]></description>
<Point>
<coordinates>-97.7497664,30.2483252</coordinates>
</Point>
</Placemark>
<Placemark>
<n>THE PHARR ORATORY OF ST PHILIP NERI SCHOOL SYSTEM</n>
<styleUrl>#Closed</styleUrl>
<description><![CDATA[<b><u>Address:</u></b> 505 S IRONWOOD, PHARR, TX 78577<br/><b><u>Type:</u></b> Private<br/><b><u>Enrollment:</u></b> 99]]></description>
<Point>
<coordinates>-98.171996,26.187255</coordinates>
</Point>
</Placemark>
<Placemark>
<n>ST JOSEPH CATHOLIC SCHOOL</n>
<styleUrl>#Closed</styleUrl>
<description><![CDATA[<b><u>Address:</u></b> 2015 SW GREEN OAKS BLVD, ARLINGTON, TX 76017<br/><b><u>Type:</u></b> Private<br/><b><u>Enrollment:</u></b> 285]]></description>
<Point>
<coordinates>-97.1411676,32.6602993</coordinates>
</Point>
</Placemark>
<Placemark>
<n>FIRST BAPTIST CHRISTIAN SCHOOL</n>
<styleUrl>#Closed</styleUrl>
<description><![CDATA[<b><u>Address:</u></b> 314 N MAIN ST, JASPER, TX 75951<br/><b><u>Type:</u></b> Private<br/><b><u>Enrollment:</u></b> 71]]></description>
<Point>
<coordinates>-94.000451,30.9231</coordinates>
</Point>
</Placemark>
<Placemark>
<n>KING'S ACADEMY CHRISTIAN SCHOOL</n>
<styleUrl>#Closed</styleUrl>
<description><![CDATA[<b><u>Address:</u></b> 7330 S BROADWAY AVE, TYLER, TX 75703<br/><b><u>Type:</u></b> Private<br/><b><u>Enrollment:</u></b> 198]]></description>
<Point>
<coordinates>-95.305951,32.2693</coordinates>
</Point>
</Placemark>
<Placemark>
<n>KILLEEN ADVENTIST JUNIOR ACADEMY</n>
<styleUrl>#Closed</styleUrl>
<description><![CDATA[<b><u>Address:</u></b> 3412 LAKE RD, KILLEEN, TX 76543<br/><b><u>Type:</u></b> Private<br/><b><u>Enrollment:</u></b> 64]]></description>
<Point>
<coordinates>-97.691302,31.121848</coordinates>
</Point>
</Placemark>
<Placemark>
<n>MOSAIC ACADEMY</n>
<styleUrl>#Closed</styleUrl>
<description><![CDATA[<b><u>Address:</u></b> 1400 COLLEGE AVE, FORT WORTH, TX 76104<br/><b><u>Type:</u></b> Private<br/><b><u>Enrollment:</u></b> 35]]></description>
<Point>
<coordinates>-97.335511,32.72892</coordinates>
</Point>
</Placemark>
<Placemark>
<n>MARIAN HIGH SCHOOL (NTI CAREER INSTITUTE)</n>
<styleUrl>#Closed</styleUrl>
<description><![CDATA[<b><u>Address:</u></b> 9896 BISSONNET ST STE 230, HOUSTON, TX 77036<br/><b><u>Type:</u></b> Private<br/><b><u>Enrollment:</u></b> 14]]></description>
<Point>
<coordinates>-95.552577,29.6780835</coordinates>
</Point>
</Placemark>
<Placemark>
<n>COGGIN MEMORIAL SCHOOL</n>
<styleUrl>#Closed</styleUrl>
<description><![CDATA[<b><u>Address:</u></b> 6645 DOWNING ST, CORPUS CHRISTI, TX 78414<br/><b><u>Type:</u></b> Private<br/><b><u>Enrollment:</u></b> 10]]></description>
<Point>
<coordinates>-97.366391,27.67358</coordinates>
</Point>
</Placemark>
<Placemark>
<n>LIVING ROCK ACADEMY</n>
<styleUrl>#Closed</styleUrl>
<description><![CDATA[<b><u>Address:</u></b> 2500 BULVERDE RD, BULVERDE, TX 78163<br/><b><u>Type:</u></b> Private<br/><b><u>Enrollment:</u></b> 148]]></description>
<Point>
<coordinates>-98.448732,29.741846</coordinates>
</Point>
</Placemark>
<Placemark>
<n>LEAF SPRING SCHOOL AT SONTERRA</n>
<styleUrl>#Closed</styleUrl>
<description><![CDATA[<b><u>Address:</u></b> 322 E SONTERRA BLVD, SAN ANTONIO, TX 78258<br/><b><u>Type:</u></b> Private<br/><b><u>Enrollment:</u></b> 12]]></description>
<Point>
<coordinates>-98.487014,29.615408</coordinates>
</Point>
</Placemark>
<Placemark>
<n>ST PIUS X CATHOLIC SCHOOL</n>
<styleUrl>#Closed</styleUrl>
<description><![CDATA[<b><u>Address:</u></b> 7734 ROBIN REST DR, SAN ANTONIO, TX 78209<br/><b><u>Type:</u></b> Private<br/><b><u>Enrollment:</u></b> 177]]></description>
<Point>
<coordinates>-98.435427,29.50658</coordinates>
</Point>
</Placemark>
<Placemark>
<n>IMMACULATE CONCEPTION SCHOOL</n>
<styleUrl>#Closed</styleUrl>
<description><![CDATA[<b><u>Address:</u></b> 400 NE 17TH ST, GRAND PRAIRIE, TX 75050<br/><b><u>Type:</u></b> Private<br/><b><u>Enrollment:</u></b> 116]]></description>
<Point>
<coordinates>-96.980815,32.750328</coordinates>
</Point>
</Placemark>
<Placemark>
<n>JESUIT COLLEGE PREP SCHOOL</n>
<styleUrl>#Closed</styleUrl>
<description><![CDATA[<b><u>Address:</u></b> 12345 INWOOD RD, DALLAS, TX 75244<br/><b><u>Type:</u></b> Private<br/><b><u>Enrollment:</u></b> 1143]]></description>
<Point>
<coordinates>-96.819741,32.9166</coordinates>
</Point>
</Placemark>
<Placemark>
<n>ST PIUS X HIGH SCHOOL</n>
<styleUrl>#Closed</styleUrl>
<description><![CDATA[<b><u>Address:</u></b> 811 W DONOVAN ST, HOUSTON, TX 77091<br/><b><u>Type:</u></b> Private<br/><b><u>Enrollment:</u></b> 534]]></description>
<Point>
<coordinates>-95.413819,29.843573</coordinates>
</Point>
</Placemark>
<Placemark>
<n>CALVARY BAPTIST SCHOOL</n>
<styleUrl>#Closed</styleUrl>
<description><![CDATA[<b><u>Address:</u></b> 3401 N FRAZIER ST, CONROE, TX 77303<br/><b><u>Type:</u></b> Private<br/><b><u>Enrollment:</u></b> 254]]></description>
<Point>
<coordinates>-95.474025,30.355464</coordinates>
</Point>
</Placemark>
<Placemark>
<n>BISHOP GARRIGA MIDDLE SCHOOL</n>
<styleUrl>#Closed</styleUrl>
<description><![CDATA[<b><u>Address:</u></b> 3114 SARATOGA BLVD, CORPUS CHRISTI, TX 78415<br/><b><u>Type:</u></b> Private<br/><b><u>Enrollment:</u></b> 169]]></description>
<Point>
<coordinates>-97.428991,27.70885</coordinates>
</Point>
</Placemark>
<Placemark>
<n>CENTRAL TEXAS CHRISTIAN SCHOOL</n>
<styleUrl>#Closed</styleUrl>
<description><![CDATA[<b><u>Address:</u></b> 4141 W FM 93, TEMPLE, TX 76502<br/><b><u>Type:</u></b> Private<br/><b><u>Enrollment:</u></b> 355]]></description>
<Point>
<coordinates>-97.412481,31.04071</coordinates>
</Point>
</Placemark>
<Placemark>
<n>GRIFFIN SCHOOL</n>
<styleUrl>#Closed</styleUrl>
<description><![CDATA[<b><u>Address:</u></b> 5001 EVANS AVE, AUSTIN, TX 78751<br/><b><u>Type:</u></b> Private<br/><b><u>Enrollment:</u></b> 151]]></description>
<Point>
<coordinates>-97.719331,30.31288</coordinates>
</Point>
</Placemark>
<Placemark>
<n>POETRY COMMUNITY CHRISTIAN SCHOOL</n>
<styleUrl>#Closed</styleUrl>
<description><![CDATA[<b><u>Address:</u></b> 18688 FM 986, TERRELL, TX 75160<br/><b><u>Type:</u></b> Private<br/><b><u>Enrollment:</u></b> 236]]></description>
<Point>
<coordinates>-96.247271,32.82341</coordinates>
</Point>
</Placemark>
<Placemark>
<n>PRIMROSE SCHOOL AT SUMMERWOOD</n>
<styleUrl>#Closed</styleUrl>
<description><![CDATA[<b><u>Address:</u></b> 14002 W LAKE HOUSTON PKWY, HOUSTON, TX 77044<br/><b><u>Type:</u></b> Private<br/><b><u>Enrollment:</u></b> 16]]></description>
<Point>
<coordinates>-95.1767791,29.9287456</coordinates>
</Point>
</Placemark>
<Placemark>
<n>NORTHSTAR SCHOOL</n>
<styleUrl>#Closed</styleUrl>
<description><![CDATA[<b><u>Address:</u></b> 4620 PARK SPRINGS BLVD, ARLINGTON, TX 76017<br/><b><u>Type:</u></b> Private<br/><b><u>Enrollment:</u></b> 29]]></description>
<Point>
<coordinates>-97.167411,32.66971</coordinates>
</Point>
</Placemark>
<Placemark>
<n>CORNERSTONE CHRISTIAN SCHOOL</n>
<styleUrl>#Closed</styleUrl>
<description><![CDATA[<b><u>Address:</u></b> 400 ELM ST, SWEETWATER, TX 79556<br/><b><u>Type:</u></b> Private<br/><b><u>Enrollment:</u></b> 28]]></description>
<Point>
<coordinates>-100.407513,32.473408</coordinates>
</Point>
</Placemark>
<Placemark>
<n>KIDS R KIDS #12 TX</n>
<styleUrl>#Closed</styleUrl>
<description><![CDATA[<b><u>Address:</u></b> 2850 COLONIAL LAKES DR, MISSOURI CITY, TX 77459<br/><b><u>Type:</u></b> Private<br/><b><u>Enrollment:</u></b> 7]]></description>
<Point>
<coordinates>-95.577101,29.58104</coordinates>
</Point>
</Placemark>
<Placemark>
<n>PRIMROSE SCHOOL OF COPPELL</n>
<styleUrl>#Closed</styleUrl>
<description><![CDATA[<b><u>Address:</u></b> 275 E PKWY BLVD, COPPELL, TX 75019<br/><b><u>Type:</u></b> Private<br/><b><u>Enrollment:</u></b> 22]]></description>
<Point>
<coordinates>-96.989371,32.97644</coordinates>
</Point>
</Placemark>
<Placemark>
<n>VILLA DI MARIA MONTESSORI SCHOOL</n>
<styleUrl>#Closed</styleUrl>
<description><![CDATA[<b><u>Address:</u></b> 12707 ALSTON RD, SUGAR LAND, TX 77478<br/><b><u>Type:</u></b> Private<br/><b><u>Enrollment:</u></b> 7]]></description>
<Point>
<coordinates>-95.6070327,29.6530292</coordinates>
</Point>
</Placemark>
<Placemark>
<n>LEARNING TREE CHILDRENS ACADEMY</n>
<styleUrl>#Closed</styleUrl>
<description><![CDATA[<b><u>Address:</u></b> 7713 MILWAUKEE AVE, LUBBOCK, TX 79424<br/><b><u>Type:</u></b> Private<br/><b><u>Enrollment:</u></b> 17]]></description>
<Point>
<coordinates>-101.956361,33.52403</coordinates>
</Point>
</Placemark>
<Placemark>
<n>PRIMROSE SCHOOL OF THE WOODLANDS AT CREEKSIDE PARK</n>
<styleUrl>#Closed</styleUrl>
<description><![CDATA[<b><u>Address:</u></b> 26025 STRAKE DR, THE WOODLANDS, TX 77389<br/><b><u>Type:</u></b> Private<br/><b><u>Enrollment:</u></b> 18]]></description>
<Point>
<coordinates>-95.547261,30.13975</coordinates>
</Point>
</Placemark>
<Placemark>
<n>GRACE TEMPLE CHRISTIAN ACADEMY</n>
<styleUrl>#Closed</styleUrl>
<description><![CDATA[<b><u>Address:</u></b> 11222 LEOPARD ST, CORPUS CHRISTI, TX 78410<br/><b><u>Type:</u></b> Private<br/><b><u>Enrollment:</u></b> 28]]></description>
<Point>
<coordinates>-97.587021,27.84756</coordinates>
</Point>
</Placemark>
<Placemark>
<n>LEGACY CLASSICAL CHRISTIAN ACADEMY</n>
<styleUrl>#Closed</styleUrl>
<description><![CDATA[<b><u>Address:</u></b> 12501 HWY 287, HASLET, TX 76052<br/><b><u>Type:</u></b> Private<br/><b><u>Enrollment:</u></b> 105]]></description>
<Point>
<coordinates>-97.400869,32.957634</coordinates>
</Point>
</Placemark>
<Placemark>
<n>CLASSICAL SCHOOL OF DALLAS</n>
<styleUrl>#Closed</styleUrl>
<description><![CDATA[<b><u>Address:</u></b> 9150 GARLAND RD, DALLAS, TX 75218<br/><b><u>Type:</u></b> Private<br/><b><u>Enrollment:</u></b> 171]]></description>
<Point>
<coordinates>-96.706841,32.828814</coordinates>
</Point>
</Placemark>
<Placemark>
<n>SUMMIT CHRISTIAN ACADEMY OF CEDAR PARK</n>
<styleUrl>#Closed</styleUrl>
<description><![CDATA[<b><u>Address:</u></b> 2121 CYPRESS CREEK RD, CEDAR PARK, TX 78613<br/><b><u>Type:</u></b> Private<br/><b><u>Enrollment:</u></b> 251]]></description>
<Point>
<coordinates>-97.8487319,30.4769445</coordinates>
</Point>
</Placemark>
<Placemark>
<n>VILLAGE MIDDLE SCHOOL</n>
<styleUrl>#Closed</styleUrl>
<description><![CDATA[<b><u>Address:</u></b> 13077 WESTELLA DR, HOUSTON, TX 77077<br/><b><u>Type:</u></b> Private<br/><b><u>Enrollment:</u></b> 380]]></description>
<Point>
<coordinates>-95.6180277,29.7472103</coordinates>
</Point>
</Placemark>
<Placemark>
<n>SOUTHWEST TEXAS HIGH SCHOOL</n>
<styleUrl>#Closed</styleUrl>
<description><![CDATA[<b><u>Address:</u></b> 2800 HWY AIRPORT BLVD, SAN MARCOS, TX 78666<br/><b><u>Type:</u></b> Private<br/><b><u>Enrollment:</u></b> 101]]></description>
<Point>
<coordinates>-97.874402,29.884803</coordinates>
</Point>
</Placemark>
<Placemark>
<n>LIVING WATER CHRISTIAN SCHOOL</n>
<styleUrl>#Closed</styleUrl>
<description><![CDATA[<b><u>Address:</u></b> 4808 AIRPORT AVE, ROSENBERG, TX 77471<br/><b><u>Type:</u></b> Private<br/><b><u>Enrollment:</u></b> 44]]></description>
<Point>
<coordinates>-95.777452,29.5411209</coordinates>
</Point>
</Placemark>
<Placemark>
<n>MOMENTOUS SCHOOL</n>
<styleUrl>#Closed</styleUrl>
<description><![CDATA[<b><u>Address:</u></b> 106 E 10TH ST, DALLAS, TX 75203<br/><b><u>Type:</u></b> Private<br/><b><u>Enrollment:</u></b> 192]]></description>
<Point>
<coordinates>-96.821946,32.74562</coordinates>
</Point>
</Placemark>
<Placemark>
<n>ALPHA OMEGA ACADEMY</n>
<styleUrl>#Closed</styleUrl>
<description><![CDATA[<b><u>Address:</u></b> 3891 STATE HIGHWAY 30 W, HUNTSVILLE, TX 77340<br/><b><u>Type:</u></b> Private<br/><b><u>Enrollment:</u></b> 442]]></description>
<Point>
<coordinates>-95.611971,30.69996</coordinates>
</Point>
</Placemark>
<Placemark>
<n>FT WORTH ADVENTIST JR ACADEMY</n>
<styleUrl>#Closed</styleUrl>
<description><![CDATA[<b><u>Address:</u></b> 3040 SYCAMORE SCHOOL RD, FORT WORTH, TX 76133<br/><b><u>Type:</u></b> Private<br/><b><u>Enrollment:</u></b> 51]]></description>
<Point>
<coordinates>-97.365291,32.63597</coordinates>
</Point>
</Placemark>
<Placemark>
<n>ST MARKS SCHOOL</n>
<styleUrl>#Closed</styleUrl>
<description><![CDATA[<b><u>Address:</u></b> 5005 LOVE RD, EL PASO, TX 79922<br/><b><u>Type:</u></b> Private<br/><b><u>Enrollment:</u></b> 370]]></description>
<Point>
<coordinates>-106.5859,31.840233</coordinates>
</Point>
</Placemark>
<Placemark>
<n>ST PAUL'S SCHOOL</n>
<styleUrl>#Closed</styleUrl>
<description><![CDATA[<b><u>Address:</u></b> 5400 FANNIN ST, HOUSTON, TX 77004<br/><b><u>Type:</u></b> Private<br/><b><u>Enrollment:</u></b> 12]]></description>
<Point>
<coordinates>-95.388178,29.726631</coordinates>
</Point>
</Placemark>
<Placemark>
<n>FIRST BAPTIST CHRISTIAN SCHOOL</n>
<styleUrl>#Closed</styleUrl>
<description><![CDATA[<b><u>Address:</u></b> 5825 WHITLEY RD, HALTOM CITY, TX 76148<br/><b><u>Type:</u></b> Private<br/><b><u>Enrollment:</u></b> 25]]></description>
<Point>
<coordinates>-97.256161,32.85198</coordinates>
</Point>
</Placemark>
<Placemark>
<n>CORAM DEO ACADEMY</n>
<styleUrl>#Closed</styleUrl>
<description><![CDATA[<b><u>Address:</u></b> 4900 WICHITA TRL, FLOWER MOUND, TX 75022<br/><b><u>Type:</u></b> Private<br/><b><u>Enrollment:</u></b> 750]]></description>
<Point>
<coordinates>-97.107271,33.02257</coordinates>
</Point>
</Placemark>
<Placemark>
<n>HARBOR CHRISTIAN ACADEMY</n>
<styleUrl>#Closed</styleUrl>
<description><![CDATA[<b><u>Address:</u></b> 623 KRESS ST, HOUSTON, TX 77020<br/><b><u>Type:</u></b> Private<br/><b><u>Enrollment:</u></b> 81]]></description>
<Point>
<coordinates>-95.307061,29.77741</coordinates>
</Point>
</Placemark>
<Placemark>
<n>RIVER OAKS ACADEMY</n>
<styleUrl>#Closed</styleUrl>
<description><![CDATA[<b><u>Address:</u></b> 10600 RICHMOND AVE, HOUSTON, TX 77042<br/><b><u>Type:</u></b> Private<br/><b><u>Enrollment:</u></b> 37]]></description>
<Point>
<coordinates>-95.563178,29.728454</coordinates>
</Point>
</Placemark>
<Placemark>
<n>CANYON CREEK DAY SCHOOL</n>
<styleUrl>#Closed</styleUrl>
<description><![CDATA[<b><u>Address:</u></b> 6308 STONEWOOD DR, PLANO, TX 75024<br/><b><u>Type:</u></b> Private<br/><b><u>Enrollment:</u></b> 47]]></description>
<Point>
<coordinates>-96.773371,33.05866</coordinates>
</Point>
</Placemark>
<Placemark>
<n>MARIPOSA MONTESSORI SCHOOL</n>
<styleUrl>#Closed</styleUrl>
<description><![CDATA[<b><u>Address:</u></b> 3338 PAISANO TRL, AUSTIN, TX 78745<br/><b><u>Type:</u></b> Private<br/><b><u>Enrollment:</u></b> 66]]></description>
<Point>
<coordinates>-97.8287218,30.2088081</coordinates>
</Point>
</Placemark>
<Placemark>
<n>KIDS LEARNING CENTER</n>
<styleUrl>#Closed</styleUrl>
<description><![CDATA[<b><u>Address:</u></b> 6520 CUSTER RD, PLANO, TX 75023<br/><b><u>Type:</u></b> Private<br/><b><u>Enrollment:</u></b> 20]]></description>
<Point>
<coordinates>-96.733559,33.062767</coordinates>
</Point>
</Placemark>
<Placemark>
<n>RADIANT STEM ACADEMY</n>
<styleUrl>#Closed</styleUrl>
<description><![CDATA[<b><u>Address:</u></b> 2001 W WALNUT HILL LN, IRVING, TX 75038<br/><b><u>Type:</u></b> Private<br/><b><u>Enrollment:</u></b> 245]]></description>
<Point>
<coordinates>-96.9723274,32.869555</coordinates>
</Point>
</Placemark>
<Placemark>
<n>HERITAGE CHRISTIAN ACADEMY</n>
<styleUrl>#Closed</styleUrl>
<description><![CDATA[<b><u>Address:</u></b> 1200 FM 156 S, HASLET, TX 76052<br/><b><u>Type:</u></b> Private<br/><b><u>Enrollment:</u></b> 166]]></description>
<Point>
<coordinates>-97.352231,32.95856</coordinates>
</Point>
</Placemark>
<Placemark>
<n>OUR LADY OF GRACE CATHOLIC SCHOOL</n>
<styleUrl>#Closed</styleUrl>
<description><![CDATA[<b><u>Address:</u></b> 626 MARKET ST, PLEASANTON, TX 78064<br/><b><u>Type:</u></b> Private<br/><b><u>Enrollment:</u></b> 53]]></description>
<Point>
<coordinates>-98.475069,28.970549</coordinates>
</Point>
</Placemark>
<Placemark>
<n>ST ROSE OF LIMA CATHOLIC SCHOOL</n>
<styleUrl>#Closed</styleUrl>
<description><![CDATA[<b><u>Address:</u></b> 405 BLACK ST, SCHULENBURG, TX 78956<br/><b><u>Type:</u></b> Private<br/><b><u>Enrollment:</u></b> 135]]></description>
<Point>
<coordinates>-96.903631,29.67614</coordinates>
</Point>
</Placemark>
<Placemark>
<n>ST LOUIS CATHOLIC SCHOOL</n>
<styleUrl>#Closed</styleUrl>
<description><![CDATA[<b><u>Address:</u></b> 2208 N 23RD ST, WACO, TX 76708<br/><b><u>Type:</u></b> Private<br/><b><u>Enrollment:</u></b> 315]]></description>
<Point>
<coordinates>-97.166574,31.561891</coordinates>
</Point>
</Placemark>
<Placemark>
<n>NOLAN CATHOLIC HIGH SCHOOL</n>
<styleUrl>#Closed</styleUrl>
<description><![CDATA[<b><u>Address:</u></b> 4501 BRIDGE ST, FORT WORTH, TX 76103<br/><b><u>Type:</u></b> Private<br/><b><u>Enrollment:</u></b> 760]]></description>
<Point>
<coordinates>-97.256551,32.76131</coordinates>
</Point>
</Placemark>
<Placemark>
<n>ST ANDREW'S EPISCOPAL SCHOOL</n>
<styleUrl>#Closed</styleUrl>
<description><![CDATA[<b><u>Address:</u></b> 1515 S GEORGIA ST, AMARILLO, TX 79102<br/><b><u>Type:</u></b> Private<br/><b><u>Enrollment:</u></b> 215]]></description>
<Point>
<coordinates>-101.865721,35.19861</coordinates>
</Point>
</Placemark>
<Placemark>
<n>ST MARY OF THE PURIFICATION CATHOLIC SCHOOL</n>
<styleUrl>#Closed</styleUrl>
<description><![CDATA[<b><u>Address:</u></b> 3002 ROSEDALE ST, HOUSTON, TX 77004<br/><b><u>Type:</u></b> Private<br/><b><u>Enrollment:</u></b> 186]]></description>
<Point>
<coordinates>-95.36878,29.719588</coordinates>
</Point>
</Placemark>
<Placemark>
<n>SACRED HEART CATHOLIC SCHOOL</n>
<styleUrl>#Closed</styleUrl>
<description><![CDATA[<b><u>Address:</u></b> 153 E 6TH ST, MUENSTER, TX 76252<br/><b><u>Type:</u></b> Private<br/><b><u>Enrollment:</u></b> 182]]></description>
<Point>
<coordinates>-97.374194,33.654926</coordinates>
</Point>
</Placemark>
<Placemark>
<n>NORTHEAST CHRISTIAN ACADEMY</n>
<styleUrl>#Closed</styleUrl>
<description><![CDATA[<b><u>Address:</u></b> 9901 MCCOMBS ST, EL PASO, TX 79924<br/><b><u>Type:</u></b> Private<br/><b><u>Enrollment:</u></b> 75]]></description>
<Point>
<coordinates>-106.407206,31.894705</coordinates>
</Point>
</Placemark>
<Placemark>
<n>GRAYSON CHRISTIAN SCHOOL</n>
<styleUrl>#Closed</styleUrl>
<description><![CDATA[<b><u>Address:</u></b> 4400 US HIGHWAY 82 E, SHERMAN, TX 75090<br/><b><u>Type:</u></b> Private<br/><b><u>Enrollment:</u></b> 125]]></description>
<Point>
<coordinates>-96.563281,33.65691</coordinates>
</Point>
</Placemark>
<Placemark>
<n>CENTRAL BAPTIST ACADEMY</n>
<styleUrl>#Closed</styleUrl>
<description><![CDATA[<b><u>Address:</u></b> 37135 FM1774, MAGNOLIA, TX 77355<br/><b><u>Type:</u></b> Private<br/><b><u>Enrollment:</u></b> 37]]></description>
<Point>
<coordinates>-95.708941,30.1851</coordinates>
</Point>
</Placemark>
<Placemark>
<n>LEGACY CHRISTIAN ACADEMY</n>
<styleUrl>#Closed</styleUrl>
<description><![CDATA[<b><u>Address:</u></b> 5000 ACADEMY DR, FRISCO, TX 75034<br/><b><u>Type:</u></b> Private<br/><b><u>Enrollment:</u></b> 1058]]></description>
<Point>
<coordinates>-96.845961,33.12863</coordinates>
</Point>
</Placemark>
<Placemark>
<n>SAN MARTIN DE PORRES CATHOLIC SCHOOL</n>
<styleUrl>#Closed</styleUrl>
<description><![CDATA[<b><u>Address:</u></b> 905 N TEXAS BLVD, WESLACO, TX 78596<br/><b><u>Type:</u></b> Private<br/><b><u>Enrollment:</u></b> 26]]></description>
<Point>
<coordinates>-97.991727,26.171166</coordinates>
</Point>
</Placemark>
<Placemark>
<n>ST HELEN CATHOLIC SCHOOL</n>
<styleUrl>#Closed</styleUrl>
<description><![CDATA[<b><u>Address:</u></b> 2213 OLD ALVIN RD, PEARLAND, TX 77581<br/><b><u>Type:</u></b> Private<br/><b><u>Enrollment:</u></b> 294]]></description>
<Point>
<coordinates>-95.275269,29.566553</coordinates>
</Point>
</Placemark>
<Placemark>
<n>I A N T QURANIC ACADEMY</n>
<styleUrl>#Closed</styleUrl>
<description><![CDATA[<b><u>Address:</u></b> 840 ABRAMS RD, RICHARDSON, TX 75081<br/><b><u>Type:</u></b> Private<br/><b><u>Enrollment:</u></b> 237]]></description>
<Point>
<coordinates>-96.730754,32.939655</coordinates>
</Point>
</Placemark>
<Placemark>
<n>OUR LADY OF THE HILLS REG CATHOLIC HIGH SCHOOL</n>
<styleUrl>#Closed</styleUrl>
<description><![CDATA[<b><u>Address:</u></b> 235 PETERSON FARM RD, KERRVILLE, TX 78028<br/><b><u>Type:</u></b> Private<br/><b><u>Enrollment:</u></b> 89]]></description>
<Point>
<coordinates>-99.095131,29.98961</coordinates>
</Point>
</Placemark>
<Placemark>
<n>HEADWATERS SCHOOL</n>
<styleUrl>#Closed</styleUrl>
<description><![CDATA[<b><u>Address:</u></b> 807 RIO GRANDE ST, AUSTIN, TX 78701<br/><b><u>Type:</u></b> Private<br/><b><u>Enrollment:</u></b> 411]]></description>
<Point>
<coordinates>-97.748329,30.272353</coordinates>
</Point>
</Placemark>
<Placemark>
<n>IN THE PRESENCE OF GOD CORAM DEO CLASSICAL ACADEMY</n>
<styleUrl>#Closed</styleUrl>
<description><![CDATA[<b><u>Address:</u></b> 1175 W PRICE RD STE 3, BROWNSVILLE, TX 78520<br/><b><u>Type:</u></b> Private<br/><b><u>Enrollment:</u></b> 20]]></description>
<Point>
<coordinates>-97.505561,25.93763</coordinates>
</Point>
</Placemark>
<Placemark>
<n>CROSSROADS SCHOOL</n>
<styleUrl>#Closed</styleUrl>
<description><![CDATA[<b><u>Address:</u></b> 6901 E HWY 191, ODESSA, TX 79762<br/><b><u>Type:</u></b> Private<br/><b><u>Enrollment:</u></b> 5]]></description>
<Point>
<coordinates>-102.302541,31.91048</coordinates>
</Point>
</Placemark>
<Placemark>
<n>DISCOVERY MONTESSORI ACADEMY</n>
<styleUrl>#Closed</styleUrl>
<description><![CDATA[<b><u>Address:</u></b> 3901 W PARK BLVD, PLANO, TX 75075<br/><b><u>Type:</u></b> Private<br/><b><u>Enrollment:</u></b> 11]]></description>
<Point>
<coordinates>-96.767741,33.02706</coordinates>
</Point>
</Placemark>
<Placemark>
<n>JORDAN INTERNATIONAL MONTESSORI SCHOOL</n>
<styleUrl>#Closed</styleUrl>
<description><![CDATA[<b><u>Address:</u></b> 10713 N FM 620 RD STE 601, AUSTIN, TX 78726<br/><b><u>Type:</u></b> Private<br/><b><u>Enrollment:</u></b> 19]]></description>
<Point>
<coordinates>-97.830572,30.446372</coordinates>
</Point>
</Placemark>
<Placemark>
<n>KLEIN WEEKDAY MINISTRIES</n>
<styleUrl>#Closed</styleUrl>
<description><![CDATA[<b><u>Address:</u></b> 5920 FM  2920, SPRING, TX 77388<br/><b><u>Type:</u></b> Private<br/><b><u>Enrollment:</u></b> 10]]></description>
<Point>
<coordinates>-95.510083,30.075145</coordinates>
</Point>
</Placemark>
<Placemark>
<n>OAK BROOK SCHOOL ALLEN</n>
<styleUrl>#Closed</styleUrl>
<description><![CDATA[<b><u>Address:</u></b> 550 TRINITY DR, ALLEN, TX 75002<br/><b><u>Type:</u></b> Private<br/><b><u>Enrollment:</u></b> 45]]></description>
<Point>
<coordinates>-96.65255,33.1185815</coordinates>
</Point>
</Placemark>
<Placemark>
<n>SUN COUNTRY MONTESSORI</n>
<styleUrl>#Closed</styleUrl>
<description><![CDATA[<b><u>Address:</u></b> 2191 SUN COUNTRY DR, EL PASO, TX 79938<br/><b><u>Type:</u></b> Private<br/><b><u>Enrollment:</u></b> 26]]></description>
<Point>
<coordinates>-106.257051,31.77031</coordinates>
</Point>
</Placemark>
<Placemark>
<n>ARBORCREEK MONTESSORI ACADEMY</n>
<styleUrl>#Closed</styleUrl>
<description><![CDATA[<b><u>Address:</u></b> 2713 COOKSCREEK PL, DALLAS, TX 75234<br/><b><u>Type:</u></b> Private<br/><b><u>Enrollment:</u></b> 6]]></description>
<Point>
<coordinates>-96.888843,32.941647</coordinates>
</Point>
</Placemark>
<Placemark>
<n>LEGACY CLASSICAL CHRISTIAN ACADEMY</n>
<styleUrl>#Closed</styleUrl>
<description><![CDATA[<b><u>Address:</u></b> 12501 HWY 287, HASLET, TX 76052<br/><b><u>Type:</u></b> Private<br/><b><u>Enrollment:</u></b> 118]]></description>
<Point>
<coordinates>-97.400869,32.957634</coordinates>
</Point>
</Placemark>
<Placemark>
<n>SACRED HEART SCHOOL ROCKPORT</n>
<styleUrl>#Closed</styleUrl>
<description><![CDATA[<b><u>Address:</u></b> 111 N CHURCH ST, ROCKPORT, TX 78382<br/><b><u>Type:</u></b> Private<br/><b><u>Enrollment:</u></b> 83]]></description>
<Point>
<coordinates>-97.0542475,28.0248121</coordinates>
</Point>
</Placemark>
<Placemark>
<n>THE KING'S ACADEMY</n>
<styleUrl>#Closed</styleUrl>
<description><![CDATA[<b><u>Address:</u></b> 1819 MARTIN LUTHER KING JR BLVD, DALLAS, TX 75215<br/><b><u>Type:</u></b> Private<br/><b><u>Enrollment:</u></b> 45]]></description>
<Point>
<coordinates>-96.7763463,32.7629942</coordinates>
</Point>
</Placemark>
<Placemark>
<n>EASTSIDE CHILD DEVELOPMENT CENTER</n>
<styleUrl>#Closed</styleUrl>
<description><![CDATA[<b><u>Address:</u></b> 2000 S 1ST ST, GARLAND, TX 75041<br/><b><u>Type:</u></b> Private<br/><b><u>Enrollment:</u></b> 26]]></description>
<Point>
<coordinates>-96.630381,32.893965</coordinates>
</Point>
</Placemark>
<Placemark>
<n>GRACEDAY VILLAGE SCHOOL II</n>
<styleUrl>#Closed</styleUrl>
<description><![CDATA[<b><u>Address:</u></b> 702 US HIGHWAY 90 W, CASTROVILLE, TX 78009<br/><b><u>Type:</u></b> Private<br/><b><u>Enrollment:</u></b> 1]]></description>
<Point>
<coordinates>-98.878829,29.353824</coordinates>
</Point>
</Placemark>
<Placemark>
<n>BIG TYME SPORTS ACADEMY</n>
<styleUrl>#Closed</styleUrl>
<description><![CDATA[<b><u>Address:</u></b> 2922 S GOLIAD ST, ROCKWALL, TX 75032<br/><b><u>Type:</u></b> Private<br/><b><u>Enrollment:</u></b> 26]]></description>
<Point>
<coordinates>-96.441203,32.888447</coordinates>
</Point>
</Placemark>
<Placemark>
<n>ST JOSEPH CATHOLIC SCHOOL</n>
<styleUrl>#Closed</styleUrl>
<description><![CDATA[<b><u>Address:</u></b> 506 E MARVIN AVE, WAXAHACHIE, TX 75165<br/><b><u>Type:</u></b> Private<br/><b><u>Enrollment:</u></b> 105]]></description>
<Point>
<coordinates>-96.838975,32.389563</coordinates>
</Point>
</Placemark>
<Placemark>
<n>CHRISTIAN COMMUNITY SCHOOL</n>
<styleUrl>#Closed</styleUrl>
<description><![CDATA[<b><u>Address:</u></b> 1633 N NELSON, PAMPA, TX 79065<br/><b><u>Type:</u></b> Private<br/><b><u>Enrollment:</u></b> 34]]></description>
<Point>
<coordinates>-100.976964,35.554628</coordinates>
</Point>
</Placemark>
<Placemark>
<n>FIRST PRESBYTERIAN CHURCH KINDERGARTEN</n>
<styleUrl>#Closed</styleUrl>
<description><![CDATA[<b><u>Address:</u></b> 834 GRIFFITH AVE, TERRELL, TX 75160<br/><b><u>Type:</u></b> Private<br/><b><u>Enrollment:</u></b> 3]]></description>
<Point>
<coordinates>-96.291071,32.75264</coordinates>
</Point>
</Placemark>
<Placemark>
<n>CHRISTIAN HERITAGE ACADEMY</n>
<styleUrl>#Closed</styleUrl>
<description><![CDATA[<b><u>Address:</u></b> 1500 CROCKETT RD, PALESTINE, TX 75801<br/><b><u>Type:</u></b> Private<br/><b><u>Enrollment:</u></b> 81]]></description>
<Point>
<coordinates>-95.617011,31.74647</coordinates>
</Point>
</Placemark>
<Placemark>
<n>LEON VALLEY CHRISTIAN ACADEMY</n>
<styleUrl>#Closed</styleUrl>
<description><![CDATA[<b><u>Address:</u></b> 7990 GRISSOM RD, SAN ANTONIO, TX 78251<br/><b><u>Type:</u></b> Private<br/><b><u>Enrollment:</u></b> 56]]></description>
<Point>
<coordinates>-98.644096,29.476989</coordinates>
</Point>
</Placemark>
<Placemark>
<n>GUIDEPOST  MONTESSORI SCHOOL AT BRUSHY CREEK</n>
<styleUrl>#Closed</styleUrl>
<description><![CDATA[<b><u>Address:</u></b> 307 GLACIAL STREAM LN, CEDAR PARK, TX 78613<br/><b><u>Type:</u></b> Private<br/><b><u>Enrollment:</u></b> 50]]></description>
<Point>
<coordinates>-97.774893,30.517111</coordinates>
</Point>
</Placemark>
<Placemark>
<n>EA YOUNG ACADEMY</n>
<styleUrl>#Closed</styleUrl>
<description><![CDATA[<b><u>Address:</u></b> 8521 DAVIS BLVD, NORTH RICHLAND HILLS, TX 76182<br/><b><u>Type:</u></b> Private<br/><b><u>Enrollment:</u></b> 93]]></description>
<Point>
<coordinates>-97.192811,32.90778</coordinates>
</Point>
</Placemark>
<Placemark>
<n>MASTERPIECE BILINGUAL ACADEMY</n>
<styleUrl>#Closed</styleUrl>
<description><![CDATA[<b><u>Address:</u></b> 3202 RODD FIELD RD, CORPUS CHRISTI, TX 78414<br/><b><u>Type:</u></b> Private<br/><b><u>Enrollment:</u></b> 4]]></description>
<Point>
<coordinates>-97.357561,27.6651</coordinates>
</Point>
</Placemark>
<Placemark>
<n>MORNING STAR ACADEMY</n>
<styleUrl>#Closed</styleUrl>
<description><![CDATA[<b><u>Address:</u></b> 1510 W FM 898, BONHAM, TX 75418<br/><b><u>Type:</u></b> Private<br/><b><u>Enrollment:</u></b> 11]]></description>
<Point>
<coordinates>-96.194052,33.617748</coordinates>
</Point>
</Placemark>
<Placemark>
<n>PRIMROSE SCHOOL OF WEST CINCO RANCH</n>
<styleUrl>#Closed</styleUrl>
<description><![CDATA[<b><u>Address:</u></b> 26900 CINCO RANCH BLVD, KATY, TX 77494<br/><b><u>Type:</u></b> Private<br/><b><u>Enrollment:</u></b> 20]]></description>
<Point>
<coordinates>-95.810521,29.71825</coordinates>
</Point>
</Placemark>
<Placemark>
<n>THE GODDARD SCHOOL OF ALLEN</n>
<styleUrl>#Closed</styleUrl>
<description><![CDATA[<b><u>Address:</u></b> 1695 E EXCHANGE PKWY, ALLEN, TX 75002<br/><b><u>Type:</u></b> Private<br/><b><u>Enrollment:</u></b> 51]]></description>
<Point>
<coordinates>-96.626731,33.11574</coordinates>
</Point>
</Placemark>
<Placemark>
<n>KENLEY SCHOOL</n>
<styleUrl>#Closed</styleUrl>
<description><![CDATA[<b><u>Address:</u></b> 1434 MATADOR ST, ABILENE, TX 79605<br/><b><u>Type:</u></b> Private<br/><b><u>Enrollment:</u></b> 39]]></description>
<Point>
<coordinates>-99.757431,32.43145</coordinates>
</Point>
</Placemark>
<Placemark>
<n>KIDS R KIDS NO. 25 SUGARLAND</n>
<styleUrl>#Closed</styleUrl>
<description><![CDATA[<b><u>Address:</u></b> 11118 S HWY 6, SUGAR LAND, TX 77498<br/><b><u>Type:</u></b> Private<br/><b><u>Enrollment:</u></b> 6]]></description>
<Point>
<coordinates>-95.651051,29.65356</coordinates>
</Point>
</Placemark>
<Placemark>
<n>MY DREAMS ACADEMY</n>
<styleUrl>#Closed</styleUrl>
<description><![CDATA[<b><u>Address:</u></b> 1516 N SYLVANIA AVE, FORT WORTH, TX 76111<br/><b><u>Type:</u></b> Private<br/><b><u>Enrollment:</u></b> 50]]></description>
<Point>
<coordinates>-97.308201,32.78336</coordinates>
</Point>
</Placemark>
<Placemark>
<n>HOLY TRINITY CATHOLIC HIGH SCHOOL</n>
<styleUrl>#Closed</styleUrl>
<description><![CDATA[<b><u>Address:</u></b> 6608 W ADAMS AVE, TEMPLE, TX 76502<br/><b><u>Type:</u></b> Private<br/><b><u>Enrollment:</u></b> 91]]></description>
<Point>
<coordinates>-97.411491,31.11879</coordinates>
</Point>
</Placemark>
<Placemark>
<n>MAC ARTHUR PARK LUTHERAN SCHOOL</n>
<styleUrl>#Closed</styleUrl>
<description><![CDATA[<b><u>Address:</u></b> 2903 NACOGDOCHES RD, SAN ANTONIO, TX 78217<br/><b><u>Type:</u></b> Private<br/><b><u>Enrollment:</u></b> 5]]></description>
<Point>
<coordinates>-98.444553,29.524605</coordinates>
</Point>
</Placemark>
<Placemark>
<n>CYPRESSWOOD MONTESSORI SCHOOL</n>
<styleUrl>#Closed</styleUrl>
<description><![CDATA[<b><u>Address:</u></b> 18323 KUYKENDAHL RD, SPRING, TX 77379<br/><b><u>Type:</u></b> Private<br/><b><u>Enrollment:</u></b> 2]]></description>
<Point>
<coordinates>-95.487455,30.037133</coordinates>
</Point>
</Placemark>
<Placemark>
<n>NORTHWEST MONTESSORI HOUSE, INC</n>
<styleUrl>#Closed</styleUrl>
<description><![CDATA[<b><u>Address:</u></b> 1903 W KOENIG LN, AUSTIN, TX 78756<br/><b><u>Type:</u></b> Private<br/><b><u>Enrollment:</u></b> 28]]></description>
<Point>
<coordinates>-97.737201,30.333249</coordinates>
</Point>
</Placemark>
<Placemark>
<n>CISTERCIAN PREPARATORY SCHOOL</n>
<styleUrl>#Closed</styleUrl>
<description><![CDATA[<b><u>Address:</u></b> 1 CISTERCIAN RD, IRVING, TX 75039<br/><b><u>Type:</u></b> Private<br/><b><u>Enrollment:</u></b> 357]]></description>
<Point>
<coordinates>-96.92196,32.855233</coordinates>
</Point>
</Placemark>
<Placemark>
<n>LIVINGSTON MONTESSORI SCHOOL</n>
<styleUrl>#Closed</styleUrl>
<description><![CDATA[<b><u>Address:</u></b> 622 NOBLITT ST, LIVINGSTON, TX 77351<br/><b><u>Type:</u></b> Private<br/><b><u>Enrollment:</u></b> 42]]></description>
<Point>
<coordinates>-94.939082,30.708222</coordinates>
</Point>
</Placemark>
<Placemark>
<n>WISDOM ACADEMY</n>
<styleUrl>#Closed</styleUrl>
<description><![CDATA[<b><u>Address:</u></b> 1935 OLD DENTON RD, DALLAS, TX 75006<br/><b><u>Type:</u></b> Private<br/><b><u>Enrollment:</u></b> 51]]></description>
<Point>
<coordinates>-96.912781,32.96643</coordinates>
</Point>
</Placemark>
<Placemark>
<n>MESSIAH LUTHERAN LAMBS EARLY CHILDHOOD SCHOOL</n>
<styleUrl>#Closed</styleUrl>
<description><![CDATA[<b><u>Address:</u></b> 1801 W PLANO PKWY, PLANO, TX 75075<br/><b><u>Type:</u></b> Private<br/><b><u>Enrollment:</u></b> 11]]></description>
<Point>
<coordinates>-96.7286295,33.0080414</coordinates>
</Point>
</Placemark>
<Placemark>
<n>ST ANTHONY CATHEDRAL BASILICA SCHOOL</n>
<styleUrl>#Closed</styleUrl>
<description><![CDATA[<b><u>Address:</u></b> 850 FORSYTHE ST, BEAUMONT, TX 77701<br/><b><u>Type:</u></b> Private<br/><b><u>Enrollment:</u></b> 167]]></description>
<Point>
<coordinates>-94.101682,30.078338</coordinates>
</Point>
</Placemark>
<Placemark>
<n>ST RITA CATHOLIC SCHOOL</n>
<styleUrl>#Closed</styleUrl>
<description><![CDATA[<b><u>Address:</u></b> 712 WEILER BLVD, FORT WORTH, TX 76112<br/><b><u>Type:</u></b> Private<br/><b><u>Enrollment:</u></b> 114]]></description>
<Point>
<coordinates>-97.2342356,32.7360915</coordinates>
</Point>
</Placemark>
<Placemark>
<n>ST EDWARD CATHOLIC SCHOOL</n>
<styleUrl>#Closed</styleUrl>
<description><![CDATA[<b><u>Address:</u></b> 2601 SPRING STUEBNER RD, SPRING, TX 77389<br/><b><u>Type:</u></b> Private<br/><b><u>Enrollment:</u></b> 178]]></description>
<Point>
<coordinates>-95.45603,30.08204</coordinates>
</Point>
</Placemark>
<Placemark>
<n>ALCUIN SCHOOL</n>
<styleUrl>#Closed</styleUrl>
<description><![CDATA[<b><u>Address:</u></b> 6144 CHURCHILL WAY, DALLAS, TX 75230<br/><b><u>Type:</u></b> Private<br/><b><u>Enrollment:</u></b> 404]]></description>
<Point>
<coordinates>-96.799641,32.91615</coordinates>
</Point>
</Placemark>
<Placemark>
<n>THE TENNEY SCHOOL</n>
<styleUrl>#Closed</styleUrl>
<description><![CDATA[<b><u>Address:</u></b> 3500 S GESSNER RD STE 200, HOUSTON, TX 77063<br/><b><u>Type:</u></b> Private<br/><b><u>Enrollment:</u></b> 55]]></description>
<Point>
<coordinates>-95.539921,29.7257</coordinates>
</Point>
</Placemark>
<Placemark>
<n>ADVENT RIDGE ACADEMY</n>
<styleUrl>#Closed</styleUrl>
<description><![CDATA[<b><u>Address:</u></b> 1523 OLD RANCH RD 12, SAN MARCOS, TX 78666<br/><b><u>Type:</u></b> Private<br/><b><u>Enrollment:</u></b> 47]]></description>
<Point>
<coordinates>-97.960211,29.89373</coordinates>
</Point>
</Placemark>
<Placemark>
<n>ST ALBANS EPISCOPAL DAY SCHOOL</n>
<styleUrl>#Closed</styleUrl>
<description><![CDATA[<b><u>Address:</u></b> 1417 E AUSTIN AVE, HARLINGEN, TX 78550<br/><b><u>Type:</u></b> Private<br/><b><u>Enrollment:</u></b> 131]]></description>
<Point>
<coordinates>-97.679251,26.20274</coordinates>
</Point>
</Placemark>
<Placemark>
<n>O'CONNELL COLLEGE PREPARATORY SCHOOL</n>
<styleUrl>#Closed</styleUrl>
<description><![CDATA[<b><u>Address:</u></b> 1320 23RD ST, GALVESTON, TX 77550<br/><b><u>Type:</u></b> Private<br/><b><u>Enrollment:</u></b> 69]]></description>
<Point>
<coordinates>-94.790641,29.297183</coordinates>
</Point>
</Placemark>
<Placemark>
<n>CALVARY CHRISTIAN ACADEMY</n>
<styleUrl>#Closed</styleUrl>
<description><![CDATA[<b><u>Address:</u></b> 1401 OAKHURST SCENIC DR, FORT WORTH, TX 76111<br/><b><u>Type:</u></b> Private<br/><b><u>Enrollment:</u></b> 309]]></description>
<Point>
<coordinates>-97.318961,32.78378</coordinates>
</Point>
</Placemark>
<Placemark>
<n>FAIRHILL SCHOOL</n>
<styleUrl>#Closed</styleUrl>
<description><![CDATA[<b><u>Address:</u></b> 16150 PRESTON RD, DALLAS, TX 75248<br/><b><u>Type:</u></b> Private<br/><b><u>Enrollment:</u></b> 90]]></description>
<Point>
<coordinates>-96.803224,32.970991</coordinates>
</Point>
</Placemark>
<Placemark>
<n>NORTHWOOD MONTESSORI SCHOOL</n>
<styleUrl>#Closed</styleUrl>
<description><![CDATA[<b><u>Address:</u></b> 14901 WELCOME LN, HOUSTON, TX 77014<br/><b><u>Type:</u></b> Private<br/><b><u>Enrollment:</u></b> 33]]></description>
<Point>
<coordinates>-95.470211,29.99514</coordinates>
</Point>
</Placemark>
<Placemark>
<n>GREENHILL SCHOOL</n>
<styleUrl>#Closed</styleUrl>
<description><![CDATA[<b><u>Address:</u></b> 4141 SPRING VALLEY RD, ADDISON, TX 75001<br/><b><u>Type:</u></b> Private<br/><b><u>Enrollment:</u></b> 1302]]></description>
<Point>
<coordinates>-96.8426,32.941289</coordinates>
</Point>
</Placemark>
<Placemark>
<n>FIRST STEPS MONTESSORI SCHOOL</n>
<styleUrl>#Closed</styleUrl>
<description><![CDATA[<b><u>Address:</u></b> 2450 RIVER OAKS BLVD, HOUSTON, TX 77019<br/><b><u>Type:</u></b> Private<br/><b><u>Enrollment:</u></b> 1]]></description>
<Point>
<coordinates>-95.427241,29.7433</coordinates>
</Point>
</Placemark>
<Placemark>
<n>FAITH LUTHERAN DAY SCHOOL</n>
<styleUrl>#Closed</styleUrl>
<description><![CDATA[<b><u>Address:</u></b> 6000 MORRISS RD, FLOWER MOUND, TX 75028<br/><b><u>Type:</u></b> Private<br/><b><u>Enrollment:</u></b> 31]]></description>
<Point>
<coordinates>-97.060971,33.0677</coordinates>
</Point>
</Placemark>
<Placemark>
<n>VERITAS CHRISTIAN ACADEMY</n>
<styleUrl>#Closed</styleUrl>
<description><![CDATA[<b><u>Address:</u></b> 7000 FERRIS ST, BELLAIRE, TX 77401<br/><b><u>Type:</u></b> Private<br/><b><u>Enrollment:</u></b> 164]]></description>
<Point>
<coordinates>-95.473278,29.703095</coordinates>
</Point>
</Placemark>
<Placemark>
<n>CORNERSTONE CHRISTIAN ACADEMY</n>
<styleUrl>#Closed</styleUrl>
<description><![CDATA[<b><u>Address:</u></b> 2140 FIRST COLONY BLVD, SUGAR LAND, TX 77479<br/><b><u>Type:</u></b> Private<br/><b><u>Enrollment:</u></b> 197]]></description>
<Point>
<coordinates>-95.638196,29.592405</coordinates>
</Point>
</Placemark>
<Placemark>
<n>HOLY CROSS SCHOOL - BAY CITY</n>
<styleUrl>#Closed</styleUrl>
<description><![CDATA[<b><u>Address:</u></b> 2001 KATY AVE, BAY CITY, TX 77414<br/><b><u>Type:</u></b> Private<br/><b><u>Enrollment:</u></b> 47]]></description>
<Point>
<coordinates>-95.949921,28.98371</coordinates>
</Point>
</Placemark>
<Placemark>
<n>ST JOHN BERCHMANS SCHOOL</n>
<styleUrl>#Closed</styleUrl>
<description><![CDATA[<b><u>Address:</u></b> 1147 CUPPLES RD, SAN ANTONIO, TX 78226<br/><b><u>Type:</u></b> Private<br/><b><u>Enrollment:</u></b> 92]]></description>
<Point>
<coordinates>-98.551091,29.3973</coordinates>
</Point>
</Placemark>
<Placemark>
<n>HOLY COVENANT EARLY CHILDHOOD DEVELOPMENT PROGRAM</n>
<styleUrl>#Closed</styleUrl>
<description><![CDATA[<b><u>Address:</u></b> 1901 E PETERS COLONY RD, CARROLLTON, TX 75007<br/><b><u>Type:</u></b> Private<br/><b><u>Enrollment:</u></b> 5]]></description>
<Point>
<coordinates>-96.885981,33.00638</coordinates>
</Point>
</Placemark>
<Placemark>
<n>MARVELOUSLY MADE - THE SCHOOL FOR YOUNG CHILDREN</n>
<styleUrl>#Closed</styleUrl>
<description><![CDATA[<b><u>Address:</u></b> 14837 OLD BANDERA RD, HELOTES, TX 78023<br/><b><u>Type:</u></b> Private<br/><b><u>Enrollment:</u></b> 76]]></description>
<Point>
<coordinates>-98.693351,29.58079</coordinates>
</Point>
</Placemark>
<Placemark>
<n>METHODIST DAY SCHOOL</n>
<styleUrl>#Closed</styleUrl>
<description><![CDATA[<b><u>Address:</u></b> 206 POWER AVE, VICTORIA, TX 77901<br/><b><u>Type:</u></b> Private<br/><b><u>Enrollment:</u></b> 97]]></description>
<Point>
<coordinates>-97.006295,28.803429</coordinates>
</Point>
</Placemark>
<Placemark>
<n>ST AUGUSTIN CATHOLIC HIGH SCHOOL</n>
<styleUrl>#Closed</styleUrl>
<description><![CDATA[<b><u>Address:</u></b> 4611 BLACKSTONE DR, FORT WORTH, TX 76114<br/><b><u>Type:</u></b> Private<br/><b><u>Enrollment:</u></b> 35]]></description>
<Point>
<coordinates>-97.389601,32.76401</coordinates>
</Point>
</Placemark>
<Placemark>
<n>CROSS CLASSICAL ACADEMY</n>
<styleUrl>#Closed</styleUrl>
<description><![CDATA[<b><u>Address:</u></b> 700 FISK AVE, BROWNWOOD, TX 76801<br/><b><u>Type:</u></b> Private<br/><b><u>Enrollment:</u></b> 27]]></description>
<Point>
<coordinates>-98.983101,31.71743</coordinates>
</Point>
</Placemark>
<Placemark>
<n>KIDS DISCOVERY ACADEMY INC.</n>
<styleUrl>#Closed</styleUrl>
<description><![CDATA[<b><u>Address:</u></b> 933 BARNES BRIDGE RD, MESQUITE, TX 75150<br/><b><u>Type:</u></b> Private<br/><b><u>Enrollment:</u></b> 61]]></description>
<Point>
<coordinates>-96.6096,32.824935</coordinates>
</Point>
</Placemark>
<Placemark>
<n>CHARLOTTE SHARP CHILDRENS CENTER (CSCC)</n>
<styleUrl>#Closed</styleUrl>
<description><![CDATA[<b><u>Address:</u></b> 1411 HENSEL ST, COLLEGE STATION, TX 77840<br/><b><u>Type:</u></b> Private<br/><b><u>Enrollment:</u></b> 10]]></description>
<Point>
<coordinates>-96.340172,30.629892</coordinates>
</Point>
</Placemark>
<Placemark>
<n>KINGDOM COLLEGIATE ACADEMIES</n>
<styleUrl>#Closed</styleUrl>
<description><![CDATA[<b><u>Address:</u></b> 1660 W CAMP WISDOM RD, DALLAS, TX 75232<br/><b><u>Type:</u></b> Private<br/><b><u>Enrollment:</u></b> 360]]></description>
<Point>
<coordinates>-96.8475921,32.6633906</coordinates>
</Point>
</Placemark>
<Placemark>
<n>MONTESSORI SCHOOL OF FORT WORTH</n>
<styleUrl>#Closed</styleUrl>
<description><![CDATA[<b><u>Address:</u></b> 3420 CLAYTON RD E, FORT WORTH, TX 76116<br/><b><u>Type:</u></b> Private<br/><b><u>Enrollment:</u></b> 123]]></description>
<Point>
<coordinates>-97.427231,32.72254</coordinates>
</Point>
</Placemark>
<Placemark>
<n>LUTHERAN HIGH SCHOOL OF SAN ANTONIO</n>
<styleUrl>#Closed</styleUrl>
<description><![CDATA[<b><u>Address:</u></b> 18104 BABCOCK RD, SAN ANTONIO, TX 78255<br/><b><u>Type:</u></b> Private<br/><b><u>Enrollment:</u></b> 106]]></description>
<Point>
<coordinates>-98.630361,29.61358</coordinates>
</Point>
</Placemark>
<Placemark>
<n>CHILDRENS UNIVERSITY</n>
<styleUrl>#Closed</styleUrl>
<description><![CDATA[<b><u>Address:</u></b> 4621 PARK SPRINGS BLVD, ARLINGTON, TX 76017<br/><b><u>Type:</u></b> Private<br/><b><u>Enrollment:</u></b> 66]]></description>
<Point>
<coordinates>-97.166083,32.66947</coordinates>
</Point>
</Placemark>
<Placemark>
<n>EXPLORATIONS PREPARATORY SCHOOL</n>
<styleUrl>#Closed</styleUrl>
<description><![CDATA[<b><u>Address:</u></b> 1501 FLOWER MOUND RD, FLOWER MOUND, TX 75028<br/><b><u>Type:</u></b> Private<br/><b><u>Enrollment:</u></b> 49]]></description>
<Point>
<coordinates>-97.054021,33.01297</coordinates>
</Point>
</Placemark>
<Placemark>
<n>PRIMROSE SCHOOL OF BARKER CYPRESS</n>
<styleUrl>#Closed</styleUrl>
<description><![CDATA[<b><u>Address:</u></b> 16555 DUNDEE RD, CYPRESS, TX 77429<br/><b><u>Type:</u></b> Private<br/><b><u>Enrollment:</u></b> 14]]></description>
<Point>
<coordinates>-95.670531,29.95754</coordinates>
</Point>
</Placemark>
<Placemark>
<n>UNIVERSITY CHRISTIAN CHURCH WEEKDAY SCHOOL</n>
<styleUrl>#Closed</styleUrl>
<description><![CDATA[<b><u>Address:</u></b> 2720 S UNIVERSITY DR, FORT WORTH, TX 76109<br/><b><u>Type:</u></b> Private<br/><b><u>Enrollment:</u></b> 18]]></description>
<Point>
<coordinates>-97.361081,32.71244</coordinates>
</Point>
</Placemark>
<Placemark>
<n>NEW CENTURY MONTESSORI ACADEMY</n>
<styleUrl>#Closed</styleUrl>
<description><![CDATA[<b><u>Address:</u></b> 1625 FERRIS RD, GARLAND, TX 75044<br/><b><u>Type:</u></b> Private<br/><b><u>Enrollment:</u></b> 121]]></description>
<Point>
<coordinates>-96.6536774,32.9750208</coordinates>
</Point>
</Placemark>
<Placemark>
<n>A+ PREP SCHOOL</n>
<styleUrl>#Closed</styleUrl>
<description><![CDATA[<b><u>Address:</u></b> 6509 INDEPENDENCE PKWY, PLANO, TX 75023<br/><b><u>Type:</u></b> Private<br/><b><u>Enrollment:</u></b> 17]]></description>
<Point>
<coordinates>-96.7510261,33.0620336</coordinates>
</Point>
</Placemark>
<Placemark>
<n>TRINITY EPISCOPAL DAY SCHOOL</n>
<styleUrl>#Closed</styleUrl>
<description><![CDATA[<b><u>Address:</u></b> 3901 S PANTHER CREEK DR, THE WOODLANDS, TX 77381<br/><b><u>Type:</u></b> Private<br/><b><u>Enrollment:</u></b> 11]]></description>
<Point>
<coordinates>-95.498561,30.15431</coordinates>
</Point>
</Placemark>
<Placemark>
<n>SMALL STEPS NURTURING CENTER - JENSEN</n>
<styleUrl>#Closed</styleUrl>
<description><![CDATA[<b><u>Address:</u></b> 2902 JENSEN DR, HOUSTON, TX 77026<br/><b><u>Type:</u></b> Private<br/><b><u>Enrollment:</u></b> 28]]></description>
<Point>
<coordinates>-95.341681,29.78804</coordinates>
</Point>
</Placemark>
<Placemark>
<n>SOLID ROCK CHRISTIAN ACADEMY</n>
<styleUrl>#Closed</styleUrl>
<description><![CDATA[<b><u>Address:</u></b> 5017 CURTIS CLARK DR, CORPUS CHRISTI, TX 78411<br/><b><u>Type:</u></b> Private<br/><b><u>Enrollment:</u></b> 13]]></description>
<Point>
<coordinates>-97.383111,27.70744</coordinates>
</Point>
</Placemark>
<Placemark>
<n>CORAM DEO ACADEMY</n>
<styleUrl>#Closed</styleUrl>
<description><![CDATA[<b><u>Address:</u></b> 6930 ALPHA RD, DALLAS, TX 75240<br/><b><u>Type:</u></b> Private<br/><b><u>Enrollment:</u></b> 274]]></description>
<Point>
<coordinates>-96.784991,32.93232</coordinates>
</Point>
</Placemark>
<Placemark>
<n>BYNUM SCHOOL</n>
<styleUrl>#Closed</styleUrl>
<description><![CDATA[<b><u>Address:</u></b> 5100 AVALON DR, MIDLAND, TX 79707<br/><b><u>Type:</u></b> Private<br/><b><u>Enrollment:</u></b> 114]]></description>
<Point>
<coordinates>-102.180366,32.030513</coordinates>
</Point>
</Placemark>
<Placemark>
<n>DALHART CHRISTIAN ACADEMY</n>
<styleUrl>#Closed</styleUrl>
<description><![CDATA[<b><u>Address:</u></b> 1000 E 16TH ST, DALHART, TX 79022<br/><b><u>Type:</u></b> Private<br/><b><u>Enrollment:</u></b> 95]]></description>
<Point>
<coordinates>-102.511496,36.050404</coordinates>
</Point>
</Placemark>
<Placemark>
<n>PRIMROSE SCHOOL OF EAGLE SPRINGS</n>
<styleUrl>#Closed</styleUrl>
<description><![CDATA[<b><u>Address:</u></b> 17979 EAGLE SPRINGS PKWY, HUMBLE, TX 77346<br/><b><u>Type:</u></b> Private<br/><b><u>Enrollment:</u></b> 7]]></description>
<Point>
<coordinates>-95.18749,29.978331</coordinates>
</Point>
</Placemark>
<Placemark>
<n>THE HARRIS SCHOOL</n>
<styleUrl>#Closed</styleUrl>
<description><![CDATA[<b><u>Address:</u></b> 6210 ROOKIN ST, HOUSTON, TX 77074<br/><b><u>Type:</u></b> Private<br/><b><u>Enrollment:</u></b> 25]]></description>
<Point>
<coordinates>-95.497777,29.712547</coordinates>
</Point>
</Placemark>
<Placemark>
<n>BLESSED SACRAMENT CATHOLIC SCHOOL</n>
<styleUrl>#Closed</styleUrl>
<description><![CDATA[<b><u>Address:</u></b> 600 OBLATE DR, SAN ANTONIO, TX 78216<br/><b><u>Type:</u></b> Private<br/><b><u>Enrollment:</u></b> 153]]></description>
<Point>
<coordinates>-98.4975049,29.5032913</coordinates>
</Point>
</Placemark>
<Placemark>
<n>HOLY SPIRIT CATHOLIC SCHOOL</n>
<styleUrl>#Closed</styleUrl>
<description><![CDATA[<b><u>Address:</u></b> 770 W RAMSEY RD, SAN ANTONIO, TX 78216<br/><b><u>Type:</u></b> Private<br/><b><u>Enrollment:</u></b> 348]]></description>
<Point>
<coordinates>-98.506129,29.538251</coordinates>
</Point>
</Placemark>
<Placemark>
<n>ST ANTHONY CATHOLIC SCHOOL</n>
<styleUrl>#Closed</styleUrl>
<description><![CDATA[<b><u>Address:</u></b> 120 W PARK AVE, HEREFORD, TX 79045<br/><b><u>Type:</u></b> Private<br/><b><u>Enrollment:</u></b> 59]]></description>
<Point>
<coordinates>-102.407298,34.822681</coordinates>
</Point>
</Placemark>
<Placemark>
<n>SACRED HEART SCHOOL</n>
<styleUrl>#Closed</styleUrl>
<description><![CDATA[<b><u>Address:</u></b> 545 E PEARL ST, LA GRANGE, TX 78945<br/><b><u>Type:</u></b> Private<br/><b><u>Enrollment:</u></b> 84]]></description>
<Point>
<coordinates>-96.874617,29.913933</coordinates>
</Point>
</Placemark>
<Placemark>
<n>ST PATRICK CATHOLIC SCHOOL</n>
<styleUrl>#Closed</styleUrl>
<description><![CDATA[<b><u>Address:</u></b> 2116 LOWERY ST, LUFKIN, TX 75901<br/><b><u>Type:</u></b> Private<br/><b><u>Enrollment:</u></b> 53]]></description>
<Point>
<coordinates>-94.712977,31.357394</coordinates>
</Point>
</Placemark>
<Placemark>
<n>BISHOP DUNNE CATHOLIC SCHOOL</n>
<styleUrl>#Closed</styleUrl>
<description><![CDATA[<b><u>Address:</u></b> 3900 RUGGED DR, DALLAS, TX 75224<br/><b><u>Type:</u></b> Private<br/><b><u>Enrollment:</u></b> 377]]></description>
<Point>
<coordinates>-96.850371,32.6957</coordinates>
</Point>
</Placemark>
<Placemark>
<n>FATHER YERMO  SCHOOLS</n>
<styleUrl>#Closed</styleUrl>
<description><![CDATA[<b><u>Address:</u></b> 237 TOBIN PL, EL PASO, TX 79905<br/><b><u>Type:</u></b> Private<br/><b><u>Enrollment:</u></b> 121]]></description>
<Point>
<coordinates>-106.439495,31.768578</coordinates>
</Point>
</Placemark>
<Placemark>
<n>INCARNATE WORD ACADEMY</n>
<styleUrl>#Closed</styleUrl>
<description><![CDATA[<b><u>Address:</u></b> 609 CRAWFORD ST, HOUSTON, TX 77002<br/><b><u>Type:</u></b> Private<br/><b><u>Enrollment:</u></b> 311]]></description>
<Point>
<coordinates>-95.357361,29.756058</coordinates>
</Point>
</Placemark>
<Placemark>
<n>EL PASO ADVENTIST JUNIOR ACADEMY</n>
<styleUrl>#Closed</styleUrl>
<description><![CDATA[<b><u>Address:</u></b> 3510 GEORGE DIETER DR, EL PASO, TX 79936<br/><b><u>Type:</u></b> Private<br/><b><u>Enrollment:</u></b> 34]]></description>
<Point>
<coordinates>-106.301161,31.79567</coordinates>
</Point>
</Placemark>
<Placemark>
<n>FIREWHEEL CHRISTIAN ACADEMY</n>
<styleUrl>#Closed</styleUrl>
<description><![CDATA[<b><u>Address:</u></b> 5500 LAVON DR, GARLAND, TX 75040<br/><b><u>Type:</u></b> Private<br/><b><u>Enrollment:</u></b> 70]]></description>
<Point>
<coordinates>-96.608231,32.9654</coordinates>
</Point>
</Placemark>
<Placemark>
<n>FIRST BAPTIST ACADEMY DALLAS</n>
<styleUrl>#Closed</styleUrl>
<description><![CDATA[<b><u>Address:</u></b> 7898 SAMUELL BLVD, DALLAS, TX 75228<br/><b><u>Type:</u></b> Private<br/><b><u>Enrollment:</u></b> 278]]></description>
<Point>
<coordinates>-96.6791077,32.7915171</coordinates>
</Point>
</Placemark>
<Placemark>
<n>THE SLOAN SCHOOL</n>
<styleUrl>#Closed</styleUrl>
<description><![CDATA[<b><u>Address:</u></b> 3131 N O CONNOR RD, IRVING, TX 75062<br/><b><u>Type:</u></b> Private<br/><b><u>Enrollment:</u></b> 56]]></description>
<Point>
<coordinates>-96.951321,32.84822</coordinates>
</Point>
</Placemark>
<Placemark>
<n>GENEVA SCHOOL OF BOERNE</n>
<styleUrl>#Closed</styleUrl>
<description><![CDATA[<b><u>Address:</u></b> 113 CASCADE CAVERNS RD, BOERNE, TX 78015<br/><b><u>Type:</u></b> Private<br/><b><u>Enrollment:</u></b> 697]]></description>
<Point>
<coordinates>-98.690951,29.75059</coordinates>
</Point>
</Placemark>
<Placemark>
<n>LAKEWOOD MONTESSORI SCHOOL</n>
<styleUrl>#Closed</styleUrl>
<description><![CDATA[<b><u>Address:</u></b> 6464 E LOVERS LN, DALLAS, TX 75214<br/><b><u>Type:</u></b> Private<br/><b><u>Enrollment:</u></b> 14]]></description>
<Point>
<coordinates>-96.748679,32.85202</coordinates>
</Point>
</Placemark>
<Placemark>
<n>ST GERARD CATHOLIC SCHOOL</n>
<styleUrl>#Closed</styleUrl>
<description><![CDATA[<b><u>Address:</u></b> 521 S NEW BRAUNFELS AVE, SAN ANTONIO, TX 78203<br/><b><u>Type:</u></b> Private<br/><b><u>Enrollment:</u></b> 58]]></description>
<Point>
<coordinates>-98.4618796,29.4139913</coordinates>
</Point>
</Placemark>
<Placemark>
<n>AUSTIN CHILDREN'S MONTESSORI</n>
<styleUrl>#Closed</styleUrl>
<description><![CDATA[<b><u>Address:</u></b> 8807 MANCHACA RD, AUSTIN, TX 78748<br/><b><u>Type:</u></b> Private<br/><b><u>Enrollment:</u></b> 1]]></description>
<Point>
<coordinates>-97.817111,30.18378</coordinates>
</Point>
</Placemark>
<Placemark>
<n>PRIMROSE SCHOOL OF ROWLETT</n>
<styleUrl>#Closed</styleUrl>
<description><![CDATA[<b><u>Address:</u></b> 8401 LIBERTY GROVE RD, ROWLETT, TX 75089<br/><b><u>Type:</u></b> Private<br/><b><u>Enrollment:</u></b> 15]]></description>
<Point>
<coordinates>-96.539261,32.93478</coordinates>
</Point>
</Placemark>
<Placemark>
<n>APPLE BEE MATH AND SCIENCE ACADEMY</n>
<styleUrl>#Closed</styleUrl>
<description><![CDATA[<b><u>Address:</u></b> 7519 ROCIO DR, LAREDO, TX 78041<br/><b><u>Type:</u></b> Private<br/><b><u>Enrollment:</u></b> 42]]></description>
<Point>
<coordinates>-99.469184,27.571068</coordinates>
</Point>
</Placemark>
<Placemark>
<n>MARIGOLD LEARNING ACADEMY</n>
<styleUrl>#Closed</styleUrl>
<description><![CDATA[<b><u>Address:</u></b> 401 W WASHINGTON ST, ROCKWALL, TX 75087<br/><b><u>Type:</u></b> Private<br/><b><u>Enrollment:</u></b> 27]]></description>
<Point>
<coordinates>-96.462971,32.92999</coordinates>
</Point>
</Placemark>
<Placemark>
<n>PRIMROSE SCHOOL OF ALAMO RANCH</n>
<styleUrl>#Closed</styleUrl>
<description><![CDATA[<b><u>Address:</u></b> 11161 WESTWOOD LOOP, SAN ANTONIO, TX 78253<br/><b><u>Type:</u></b> Private<br/><b><u>Enrollment:</u></b> 11]]></description>
<Point>
<coordinates>-98.712821,29.491352</coordinates>
</Point>
</Placemark>
<Placemark>
<n>THE CHILDRENS MONTESSORI CENTER</n>
<styleUrl>#Closed</styleUrl>
<description><![CDATA[<b><u>Address:</u></b> 214 DUNN ST, WAXAHACHIE, TX 75165<br/><b><u>Type:</u></b> Private<br/><b><u>Enrollment:</u></b> 13]]></description>
<Point>
<coordinates>-96.844011,32.39506</coordinates>
</Point>
</Placemark>
<Placemark>
<n>ESCUELA MONTESSORI DEL VALLE</n>
<styleUrl>#Closed</styleUrl>
<description><![CDATA[<b><u>Address:</u></b> 212 W SUNSET RD, EL PASO, TX 79922<br/><b><u>Type:</u></b> Private<br/><b><u>Enrollment:</u></b> 36]]></description>
<Point>
<coordinates>-106.579021,31.83319</coordinates>
</Point>
</Placemark>
<Placemark>
<n>FIRST BAPTIST CHURCH WEEKDAY EDUCATION</n>
<styleUrl>#Closed</styleUrl>
<description><![CDATA[<b><u>Address:</u></b> 1333 W UNIVERSITY AVE, GEORGETOWN, TX 78628<br/><b><u>Type:</u></b> Private<br/><b><u>Enrollment:</u></b> 14]]></description>
<Point>
<coordinates>-97.707451,30.63197</coordinates>
</Point>
</Placemark>
<Placemark>
<n>JEWISH COMMUNITY PRESCHOOL</n>
<styleUrl>#Closed</styleUrl>
<description><![CDATA[<b><u>Address:</u></b> 750 EVERHART RD, CORPUS CHRISTI, TX 78411<br/><b><u>Type:</u></b> Private<br/><b><u>Enrollment:</u></b> 36]]></description>
<Point>
<coordinates>-97.3773592,27.7265063</coordinates>
</Point>
</Placemark>
<Placemark>
<n>PATHWAYS SCHOOL AT DSUMC</n>
<styleUrl>#Closed</styleUrl>
<description><![CDATA[<b><u>Address:</u></b> 28900 RANCH RD 12, DRIPPING SPRINGS, TX 78620<br/><b><u>Type:</u></b> Private<br/><b><u>Enrollment:</u></b> 15]]></description>
<Point>
<coordinates>-98.086801,30.20697</coordinates>
</Point>
</Placemark>
<Placemark>
<n>SAFARI KIDS LEARNING CENTER</n>
<styleUrl>#Closed</styleUrl>
<description><![CDATA[<b><u>Address:</u></b> 24936 KATY RANCH RD, KATY, TX 77494<br/><b><u>Type:</u></b> Private<br/><b><u>Enrollment:</u></b> 10]]></description>
<Point>
<coordinates>-95.795525,29.7827</coordinates>
</Point>
</Placemark>
<Placemark>
<n>THE ANCHOR EARLY LEARNING CENTER</n>
<styleUrl>#Closed</styleUrl>
<description><![CDATA[<b><u>Address:</u></b> 6655 HWY 105, BEAUMONT, TX 77708<br/><b><u>Type:</u></b> Private<br/><b><u>Enrollment:</u></b> 17]]></description>
<Point>
<coordinates>-94.179432,30.132588</coordinates>
</Point>
</Placemark>
<Placemark>
<n>DIVINE SAVIOR ACADEMY - SANTA RITA RANCH</n>
<styleUrl>#Closed</styleUrl>
<description><![CDATA[<b><u>Address:</u></b> 23857 RONALD W REAGAN BLVD, LIBERTY HILL, TX 78642<br/><b><u>Type:</u></b> Private<br/><b><u>Enrollment:</u></b> 128]]></description>
<Point>
<coordinates>-97.8435871,30.6810216</coordinates>
</Point>
</Placemark>
<Placemark>
<n>ST AUGUSTINE ELEMENTARY AND MIDDLE SCHOOL</n>
<styleUrl>#Closed</styleUrl>
<description><![CDATA[<b><u>Address:</u></b> 1300 GALVESTON ST, LAREDO, TX 78040<br/><b><u>Type:</u></b> Private<br/><b><u>Enrollment:</u></b> 291]]></description>
<Point>
<coordinates>-99.4837917,27.5122151</coordinates>
</Point>
</Placemark>
<Placemark>
<n>GOSWAMI ACADEMY</n>
<styleUrl>#Closed</styleUrl>
<description><![CDATA[<b><u>Address:</u></b> 1610 W 34TH 1/2 ST, HOUSTON, TX 77018<br/><b><u>Type:</u></b> Private<br/><b><u>Enrollment:</u></b> 9]]></description>
<Point>
<coordinates>-95.427797,29.818971</coordinates>
</Point>
</Placemark>
<Placemark>
<n>HILLANDER SCHOOL</n>
<styleUrl>#Closed</styleUrl>
<description><![CDATA[<b><u>Address:</u></b> 1600 W WADLEY AVE, MIDLAND, TX 79705<br/><b><u>Type:</u></b> Private<br/><b><u>Enrollment:</u></b> 226]]></description>
<Point>
<coordinates>-102.101567,32.025717</coordinates>
</Point>
</Placemark>
<Placemark>
<n>ROBINDELL PRIVATE SCHOOL</n>
<styleUrl>#Closed</styleUrl>
<description><![CDATA[<b><u>Address:</u></b> 5801 DASHWOOD DR, HOUSTON, TX 77081<br/><b><u>Type:</u></b> Private<br/><b><u>Enrollment:</u></b> 53]]></description>
<Point>
<coordinates>-95.4828261,29.707026</coordinates>
</Point>
</Placemark>
<Placemark>
<n>SHINING STARS MONTESSORI LLC</n>
<styleUrl>#Closed</styleUrl>
<description><![CDATA[<b><u>Address:</u></b> 10500 LAKELINE BLVD, AUSTIN, TX 78717<br/><b><u>Type:</u></b> Private<br/><b><u>Enrollment:</u></b> 45]]></description>
<Point>
<coordinates>-97.7903409,30.4823778</coordinates>
</Point>
</Placemark>
<Placemark>
<n>THE FAMILY PLACE CHILD DEVELOPMENT CENTER</n>
<styleUrl>#Closed</styleUrl>
<description><![CDATA[<b><u>Address:</u></b> 7890 SAMUELL BLVD, DALLAS, TX 75228<br/><b><u>Type:</u></b> Private<br/><b><u>Enrollment:</u></b> 2]]></description>
<Point>
<coordinates>-96.6809536,32.791575</coordinates>
</Point>
</Placemark>
<Placemark>
<n>BRIDGES ACADEMY AUSTIN</n>
<styleUrl>#Closed</styleUrl>
<description><![CDATA[<b><u>Address:</u></b> 2900 N QUINLAN PARK ROAD, STE 250, AUSTIN, TX 78732<br/><b><u>Type:</u></b> Private<br/><b><u>Enrollment:</u></b> 35]]></description>
<Point>
<coordinates>-97.8927595,30.3701033</coordinates>
</Point>
</Placemark>
<Placemark>
<n>HIGHER HEIGHTS PRIVATE SCHOOL</n>
<styleUrl>#Closed</styleUrl>
<description><![CDATA[<b><u>Address:</u></b> 5787 S HAMPTON RD STE 115A, DALLAS, TX 75232<br/><b><u>Type:</u></b> Private<br/><b><u>Enrollment:</u></b> 102]]></description>
<Point>
<coordinates>-96.8578278,32.6783999</coordinates>
</Point>
</Placemark>
<Placemark>
<n>ALHAMEED BOYS AND AMATUR RAHMAN GIRLS ACADEMIES</n>
<styleUrl>#Closed</styleUrl>
<description><![CDATA[<b><u>Address:</u></b> 1601 W CAMPBELL RD, GARLAND, TX 75044<br/><b><u>Type:</u></b> Private<br/><b><u>Enrollment:</u></b> 170]]></description>
<Point>
<coordinates>-96.650802,32.983047</coordinates>
</Point>
</Placemark>
<Placemark>
<n>GRACE ACADEMY OF DALLAS</n>
<styleUrl>#Closed</styleUrl>
<description><![CDATA[<b><u>Address:</u></b> 11306A INWOOD RD, DALLAS, TX 75229<br/><b><u>Type:</u></b> Private<br/><b><u>Enrollment:</u></b> 142]]></description>
<Point>
<coordinates>-96.817561,32.902785</coordinates>
</Point>
</Placemark>
<Placemark>
<n>CORNERSTONE CROSSROADS ACADEMY</n>
<styleUrl>#Closed</styleUrl>
<description><![CDATA[<b><u>Address:</u></b> 2815 S ERVAY ST, DALLAS, TX 75315<br/><b><u>Type:</u></b> Private<br/><b><u>Enrollment:</u></b> 23]]></description>
<Point>
<coordinates>-96.779132,32.762708</coordinates>
</Point>
</Placemark>
<Placemark>
<n>EDNA CHRISTIAN ACADEMY</n>
<styleUrl>#Closed</styleUrl>
<description><![CDATA[<b><u>Address:</u></b> 807 APOLLO DR, EDNA, TX 77957<br/><b><u>Type:</u></b> Private<br/><b><u>Enrollment:</u></b> 20]]></description>
<Point>
<coordinates>-96.648495,28.959588</coordinates>
</Point>
</Placemark>
<Placemark>
<n>LOGOS PREPARATORY SCHOOL</n>
<styleUrl>#Closed</styleUrl>
<description><![CDATA[<b><u>Address:</u></b> 13303 SW FWY, SUGAR LAND, TX 77478<br/><b><u>Type:</u></b> Private<br/><b><u>Enrollment:</u></b> 524]]></description>
<Point>
<coordinates>-95.594861,29.62518</coordinates>
</Point>
</Placemark>
<Placemark>
<n>PRIMROSE SCHOOL OF BEE CAVE</n>
<styleUrl>#Closed</styleUrl>
<description><![CDATA[<b><u>Address:</u></b> 3801 JUNIPER TRCE, AUSTIN, TX 78738<br/><b><u>Type:</u></b> Private<br/><b><u>Enrollment:</u></b> 11]]></description>
<Point>
<coordinates>-97.935401,30.30865</coordinates>
</Point>
</Placemark>
<Placemark>
<n>WALLER CHRISTIAN ACADEMY</n>
<styleUrl>#Closed</styleUrl>
<description><![CDATA[<b><u>Address:</u></b> 1208 PENICK RD, WALLER, TX 77484<br/><b><u>Type:</u></b> Private<br/><b><u>Enrollment:</u></b> 11]]></description>
<Point>
<coordinates>-95.927234,30.057958</coordinates>
</Point>
</Placemark>
<Placemark>
<n>FIRST CLASS CHILD DEVELOPMENT CENTER</n>
<styleUrl>#Closed</styleUrl>
<description><![CDATA[<b><u>Address:</u></b> 1250 CLEAR LAKE CITY BLVD, HOUSTON, TX 77062<br/><b><u>Type:</u></b> Private<br/><b><u>Enrollment:</u></b> 13]]></description>
<Point>
<coordinates>-95.151802,29.58203</coordinates>
</Point>
</Placemark>
<Placemark>
<n>ALLIANCE CHRISTIAN ACADEMY</n>
<styleUrl>#Closed</styleUrl>
<description><![CDATA[<b><u>Address:</u></b> 13105 HARMON RD, FORT WORTH, TX 76177<br/><b><u>Type:</u></b> Private<br/><b><u>Enrollment:</u></b> 202]]></description>
<Point>
<coordinates>-97.324671,32.93925</coordinates>
</Point>
</Placemark>
<Placemark>
<n>WILLIAMS COMMUNITY SCHOOL</n>
<styleUrl>#Closed</styleUrl>
<description><![CDATA[<b><u>Address:</u></b> 5209 DUVAL RD, AUSTIN, TX 78727<br/><b><u>Type:</u></b> Private<br/><b><u>Enrollment:</u></b> 50]]></description>
<Point>
<coordinates>-97.741711,30.41667</coordinates>
</Point>
</Placemark>
<Placemark>
<n>THE MONTESSORI ACADEMY OF ARLINGTON INC</n>
<styleUrl>#Closed</styleUrl>
<description><![CDATA[<b><u>Address:</u></b> 3428 W ARKANSAS LN, ARLINGTON, TX 76016<br/><b><u>Type:</u></b> Private<br/><b><u>Enrollment:</u></b> 100]]></description>
<Point>
<coordinates>-97.159821,32.70538</coordinates>
</Point>
</Placemark>
<Placemark>
<n>THE NOVUS ACADEMY</n>
<styleUrl>#Closed</styleUrl>
<description><![CDATA[<b><u>Address:</u></b> 3400 WILLIAM D. TATE AVE  #1000, GRAPEVINE, TX 76051<br/><b><u>Type:</u></b> Private<br/><b><u>Enrollment:</u></b> 51]]></description>
<Point>
<coordinates>-97.100661,32.90073</coordinates>
</Point>
</Placemark>
<Placemark>
<n>CY FAIR MONTESSORI SCHOOL</n>
<styleUrl>#Closed</styleUrl>
<description><![CDATA[<b><u>Address:</u></b> 11411 WINDFERN RD # 290, HOUSTON, TX 77064<br/><b><u>Type:</u></b> Private<br/><b><u>Enrollment:</u></b> 10]]></description>
<Point>
<coordinates>-95.5487,29.9331805</coordinates>
</Point>
</Placemark>
<Placemark>
<n>PRIMROSE SCHOOL OF SPRING KLEIN</n>
<styleUrl>#Closed</styleUrl>
<description><![CDATA[<b><u>Address:</u></b> 22003 BRIDGESTONE LN, SPRING, TX 77388<br/><b><u>Type:</u></b> Private<br/><b><u>Enrollment:</u></b> 17]]></description>
<Point>
<coordinates>-95.486431,30.0719</coordinates>
</Point>
</Placemark>
<Placemark>
<n>WEST MONTESSORI SCHOOL OF COPPERFIELD</n>
<styleUrl>#Closed</styleUrl>
<description><![CDATA[<b><u>Address:</u></b> 15810 LONGENBAUGH DR, HOUSTON, TX 77095<br/><b><u>Type:</u></b> Private<br/><b><u>Enrollment:</u></b> 10]]></description>
<Point>
<coordinates>-95.643791,29.89245</coordinates>
</Point>
</Placemark>
<Placemark>
<n>STAR MONTESSORI SCHOOL</n>
<styleUrl>#Closed</styleUrl>
<description><![CDATA[<b><u>Address:</u></b> 3868 SPACE CENTER BLVD, PASADENA, TX 77505<br/><b><u>Type:</u></b> Private<br/><b><u>Enrollment:</u></b> 13]]></description>
<Point>
<coordinates>-95.144231,29.65246</coordinates>
</Point>
</Placemark>
<Placemark>
<n>LUBBOCK CHRISTIAN SCHOOL</n>
<styleUrl>#Closed</styleUrl>
<description><![CDATA[<b><u>Address:</u></b> 2604 DOVER AVE, LUBBOCK, TX 79407<br/><b><u>Type:</u></b> Private<br/><b><u>Enrollment:</u></b> 311]]></description>
<Point>
<coordinates>-101.934551,33.570102</coordinates>
</Point>
</Placemark>
<Placemark>
<n>THE KINKAID SCHOOL - HEAD OF SCHOOL OFFICE</n>
<styleUrl>#Closed</styleUrl>
<description><![CDATA[<b><u>Address:</u></b> 201 KINKAID SCHOOL DR, HOUSTON, TX 77024<br/><b><u>Type:</u></b> Private<br/><b><u>Enrollment:</u></b> 1360]]></description>
<Point>
<coordinates>-95.510105,29.748921</coordinates>
</Point>
</Placemark>
<Placemark>
<n>ST JAMES THE APOSTLE SCHOOL</n>
<styleUrl>#Closed</styleUrl>
<description><![CDATA[<b><u>Address:</u></b> 907 W THEO AVE, SAN ANTONIO, TX 78225<br/><b><u>Type:</u></b> Private<br/><b><u>Enrollment:</u></b> 209]]></description>
<Point>
<coordinates>-98.519496,29.388585</coordinates>
</Point>
</Placemark>
<Placemark>
<n>ST JAMES CATHOLIC SCHOOL</n>
<styleUrl>#Closed</styleUrl>
<description><![CDATA[<b><u>Address:</u></b> 507 S CAMP ST, SEGUIN, TX 78155<br/><b><u>Type:</u></b> Private<br/><b><u>Enrollment:</u></b> 111]]></description>
<Point>
<coordinates>-97.964923,29.565416</coordinates>
</Point>
</Placemark>
<Placemark>
<n>ST PAUL CATHOLIC CLASSICAL SCHOOL</n>
<styleUrl>#Closed</styleUrl>
<description><![CDATA[<b><u>Address:</u></b> 720 S FLOYD RD, RICHARDSON, TX 75080<br/><b><u>Type:</u></b> Private<br/><b><u>Enrollment:</u></b> 102]]></description>
<Point>
<coordinates>-96.746011,32.94341</coordinates>
</Point>
</Placemark>
<Placemark>
<n>ST AGNES ACADEMY COLLEGE PREPARATORY</n>
<styleUrl>#Closed</styleUrl>
<description><![CDATA[<b><u>Address:</u></b> 9000 BELLAIRE BLVD, HOUSTON, TX 77036<br/><b><u>Type:</u></b> Private<br/><b><u>Enrollment:</u></b> 922]]></description>
<Point>
<coordinates>-95.542211,29.70534</coordinates>
</Point>
</Placemark>
<Placemark>
<n>REDEEMER LUTHERAN SCHOOL</n>
<styleUrl>#Closed</styleUrl>
<description><![CDATA[<b><u>Address:</u></b> 1500 W ANDERSON LN, AUSTIN, TX 78757<br/><b><u>Type:</u></b> Private<br/><b><u>Enrollment:</u></b> 399]]></description>
<Point>
<coordinates>-97.721431,30.35181</coordinates>
</Point>
</Placemark>
<Placemark>
<n>BAY AREA CHRISTIAN SCHOOL</n>
<styleUrl>#Closed</styleUrl>
<description><![CDATA[<b><u>Address:</u></b> 4800 W MAIN ST, LEAGUE CITY, TX 77573<br/><b><u>Type:</u></b> Private<br/><b><u>Enrollment:</u></b> 762]]></description>
<Point>
<coordinates>-95.147791,29.49257</coordinates>
</Point>
</Placemark>
<Placemark>
<n>CLEBURNE CHRISTIAN ACADEMY</n>
<styleUrl>#Closed</styleUrl>
<description><![CDATA[<b><u>Address:</u></b> 1410 GLENHAVEN DR, CLEBURNE, TX 76033<br/><b><u>Type:</u></b> Private<br/><b><u>Enrollment:</u></b> 95]]></description>
<Point>
<coordinates>-97.402311,32.32353</coordinates>
</Point>
</Placemark>
<Placemark>
<n>PARKVIEW CHRISTIAN ACADEMY</n>
<styleUrl>#Closed</styleUrl>
<description><![CDATA[<b><u>Address:</u></b> 1100 E LAKE SHORE DR UNIT C, WACO, TX 76708<br/><b><u>Type:</u></b> Private<br/><b><u>Enrollment:</u></b> 96]]></description>
<Point>
<coordinates>-97.148091,31.60793</coordinates>
</Point>
</Placemark>
<Placemark>
<n>CENTRAL CHRISTIAN ACADEMY</n>
<styleUrl>#Closed</styleUrl>
<description><![CDATA[<b><u>Address:</u></b> 2217 BINGLE RD, HOUSTON, TX 77055<br/><b><u>Type:</u></b> Private<br/><b><u>Enrollment:</u></b> 39]]></description>
<Point>
<coordinates>-95.501967,29.814695</coordinates>
</Point>
</Placemark>
<Placemark>
<n>BRAZOSPORT CHRISTIAN SCHOOL</n>
<styleUrl>#Closed</styleUrl>
<description><![CDATA[<b><u>Address:</u></b> 200B WILLOW DR, LAKE JACKSON, TX 77566<br/><b><u>Type:</u></b> Private<br/><b><u>Enrollment:</u></b> 218]]></description>
<Point>
<coordinates>-95.4259243,29.0450108</coordinates>
</Point>
</Placemark>
<Placemark>
<n>SAN JACINTO CHRISTIAN ACADEMY</n>
<styleUrl>#Closed</styleUrl>
<description><![CDATA[<b><u>Address:</u></b> 501 S CAROLINA ST, AMARILLO, TX 79106<br/><b><u>Type:</u></b> Private<br/><b><u>Enrollment:</u></b> 270]]></description>
<Point>
<coordinates>-101.874261,35.21173</coordinates>
</Point>
</Placemark>
<Placemark>
<n>FAITH WEST ACADEMY</n>
<styleUrl>#Closed</styleUrl>
<description><![CDATA[<b><u>Address:</u></b> 2225 PORTER RD, KATY, TX 77493<br/><b><u>Type:</u></b> Private<br/><b><u>Enrollment:</u></b> 302]]></description>
<Point>
<coordinates>-95.794561,29.80488</coordinates>
</Point>
</Placemark>
<Placemark>
<n>STILL CREEK CHRISTIAN ACADEMY</n>
<styleUrl>#Closed</styleUrl>
<description><![CDATA[<b><u>Address:</u></b> 6055 HEARNE RD, BRYAN, TX 77808<br/><b><u>Type:</u></b> Private<br/><b><u>Enrollment:</u></b> 35]]></description>
<Point>
<coordinates>-96.214391,30.78096</coordinates>
</Point>
</Placemark>
<Placemark>
<n>EAGLE CHRISTIAN ACADEMY</n>
<styleUrl>#Closed</styleUrl>
<description><![CDATA[<b><u>Address:</u></b> 6125 BOSQUE BLVD, WACO, TX 76710<br/><b><u>Type:</u></b> Private<br/><b><u>Enrollment:</u></b> 149]]></description>
<Point>
<coordinates>-97.200161,31.53041</coordinates>
</Point>
</Placemark>
<Placemark>
<n>LIVE OAK CLASSICAL SCHOOL</n>
<styleUrl>#Closed</styleUrl>
<description><![CDATA[<b><u>Address:</u></b> 400 S 4TH ST, WACO, TX 76706<br/><b><u>Type:</u></b> Private<br/><b><u>Enrollment:</u></b> 447]]></description>
<Point>
<coordinates>-97.127499,31.555032</coordinates>
</Point>
</Placemark>
<Placemark>
<n>PEBBLECREEK MONTESSORI</n>
<styleUrl>#Closed</styleUrl>
<description><![CDATA[<b><u>Address:</u></b> 600 OLD CUSTER RD, ALLEN, TX 75013<br/><b><u>Type:</u></b> Private<br/><b><u>Enrollment:</u></b> 34]]></description>
<Point>
<coordinates>-96.733877,33.088599</coordinates>
</Point>
</Placemark>
<Placemark>
<n>KINGWOOD MONTESSORI SCHOOL</n>
<styleUrl>#Closed</styleUrl>
<description><![CDATA[<b><u>Address:</u></b> 2510 MILLS BRANCH DR STE 50, KINGWOOD, TX 77345<br/><b><u>Type:</u></b> Private<br/><b><u>Enrollment:</u></b> 47]]></description>
<Point>
<coordinates>-95.170028,30.072425</coordinates>
</Point>
</Placemark>
<Placemark>
<n>VALOR PREPARATORY ACADEMY</n>
<styleUrl>#Closed</styleUrl>
<description><![CDATA[<b><u>Address:</u></b> 4600 SANGER AVE, WACO, TX 76710<br/><b><u>Type:</u></b> Private<br/><b><u>Enrollment:</u></b> 284]]></description>
<Point>
<coordinates>-97.176242,31.532133</coordinates>
</Point>
</Placemark>
<Placemark>
<n>FIRST COLONY MONTESSORI SOUTH</n>
<styleUrl>#Closed</styleUrl>
<description><![CDATA[<b><u>Address:</u></b> 2511 WILLIAMS TRCE BLVD, SUGAR LAND, TX 77479<br/><b><u>Type:</u></b> Private<br/><b><u>Enrollment:</u></b> 28]]></description>
<Point>
<coordinates>-95.604984,29.589814</coordinates>
</Point>
</Placemark>
<Placemark>
<n>JOHNSONS DAYCARE AND LEARNING CENTER</n>
<styleUrl>#Closed</styleUrl>
<description><![CDATA[<b><u>Address:</u></b> 2104 QUAIL CREEK RD, LAREDO, TX 78045<br/><b><u>Type:</u></b> Private<br/><b><u>Enrollment:</u></b> 20]]></description>
<Point>
<coordinates>-99.5134166,27.5889076</coordinates>
</Point>
</Placemark>
<Placemark>
<n>LAVALETTE INTERNATIONAL MONTESSORI INSTITUTE LLC</n>
<styleUrl>#Closed</styleUrl>
<description><![CDATA[<b><u>Address:</u></b> 302 S BRYAN RD, MISSION, TX 78572<br/><b><u>Type:</u></b> Private<br/><b><u>Enrollment:</u></b> 1]]></description>
<Point>
<coordinates>-98.311881,26.20203</coordinates>
</Point>
</Placemark>
<Placemark>
<n>MONA MONTESSORI ACADEMY</n>
<styleUrl>#Closed</styleUrl>
<description><![CDATA[<b><u>Address:</u></b> 1417-ISMAIL CENTRE CIR, CARROLLTON, TX 75006<br/><b><u>Type:</u></b> Private<br/><b><u>Enrollment:</u></b> 12]]></description>
<Point>
<coordinates>-96.9223965,32.9793161</coordinates>
</Point>
</Placemark>
<Placemark>
<n>UNITED KIDZ ACADEMY SAN ANTONIO</n>
<styleUrl>#Closed</styleUrl>
<description><![CDATA[<b><u>Address:</u></b> 1211 N ELLISON DR, SAN ANTONIO, TX 78251<br/><b><u>Type:</u></b> Private<br/><b><u>Enrollment:</u></b> 4]]></description>
<Point>
<coordinates>-98.690923,29.4449447</coordinates>
</Point>
</Placemark>
<Placemark>
<n>TKG ACADEMY</n>
<styleUrl>#Closed</styleUrl>
<description><![CDATA[<b><u>Address:</u></b> 5427 PHILIP AVE, DALLAS, TX 75223<br/><b><u>Type:</u></b> Private<br/><b><u>Enrollment:</u></b> 33]]></description>
<Point>
<coordinates>-96.749781,32.79348</coordinates>
</Point>
</Placemark>
<Placemark>
<n>MARINER MONTESSORI</n>
<styleUrl>#Closed</styleUrl>
<description><![CDATA[<b><u>Address:</u></b> 6018 FAIRDALE LN, HOUSTON, TX 77057<br/><b><u>Type:</u></b> Private<br/><b><u>Enrollment:</u></b> 17]]></description>
<Point>
<coordinates>-95.485887,29.733615</coordinates>
</Point>
</Placemark>
<Placemark>
<n>MONTESSORI CHILDREN'S HOUSE</n>
<styleUrl>#Closed</styleUrl>
<description><![CDATA[<b><u>Address:</u></b> 4911 GOLDEN QUAIL, SAN ANTONIO, TX 78240<br/><b><u>Type:</u></b> Private<br/><b><u>Enrollment:</u></b> 2]]></description>
<Point>
<coordinates>-98.58618,29.532294</coordinates>
</Point>
</Placemark>
<Placemark>
<n>GOOD SHEPHERD SCHOOL</n>
<styleUrl>#Closed</styleUrl>
<description><![CDATA[<b><u>Address:</u></b> 2525 OLD JACKSONVILLE RD, TYLER, TX 75701<br/><b><u>Type:</u></b> Private<br/><b><u>Enrollment:</u></b> 140]]></description>
<Point>
<coordinates>-95.308315,32.322657</coordinates>
</Point>
</Placemark>
<Placemark>
<n>BETHANY CHRISTIAN SCHOOL</n>
<styleUrl>#Closed</styleUrl>
<description><![CDATA[<b><u>Address:</u></b> 3300 W PARKER RD, PLANO, TX 75075<br/><b><u>Type:</u></b> Private<br/><b><u>Enrollment:</u></b> 68]]></description>
<Point>
<coordinates>-96.756751,33.04059</coordinates>
</Point>
</Placemark>
<Placemark>
<n>MONTESSORI CHILDREN'S HOUSE AND SCHOOL</n>
<styleUrl>#Closed</styleUrl>
<description><![CDATA[<b><u>Address:</u></b> 7335 ABRAMS RD, DALLAS, TX 75231<br/><b><u>Type:</u></b> Private<br/><b><u>Enrollment:</u></b> 83]]></description>
<Point>
<coordinates>-96.742241,32.87799</coordinates>
</Point>
</Placemark>
<Placemark>
<n>THE COVENANT PREPARATORY SCHOOL</n>
<styleUrl>#Closed</styleUrl>
<description><![CDATA[<b><u>Address:</u></b> 1711 HAMBLEN RD, KINGWOOD, TX 77339<br/><b><u>Type:</u></b> Private<br/><b><u>Enrollment:</u></b> 215]]></description>
<Point>
<coordinates>-95.228937,30.02857</coordinates>
</Point>
</Placemark>
<Placemark>
<n>SAN ANTONIO COUNTRY DAY MONTESSORI SCHOOL</n>
<styleUrl>#Closed</styleUrl>
<description><![CDATA[<b><u>Address:</u></b> 4194 JUNG RD, SAN ANTONIO, TX 78247<br/><b><u>Type:</u></b> Private<br/><b><u>Enrollment:</u></b> 45]]></description>
<Point>
<coordinates>-98.410911,29.57799</coordinates>
</Point>
</Placemark>
<Placemark>
<n>ST LUKE'S PRESCHOOL</n>
<styleUrl>#Closed</styleUrl>
<description><![CDATA[<b><u>Address:</u></b> 3708 45TH ST, LUBBOCK, TX 79413<br/><b><u>Type:</u></b> Private<br/><b><u>Enrollment:</u></b> 15]]></description>
<Point>
<coordinates>-101.895413,33.55362</coordinates>
</Point>
</Placemark>
<Placemark>
<n>VERITAS ACADEMY</n>
<styleUrl>#Closed</styleUrl>
<description><![CDATA[<b><u>Address:</u></b> 13401 ESCARPMENT BLVD, AUSTIN, TX 78739<br/><b><u>Type:</u></b> Private<br/><b><u>Enrollment:</u></b> 647]]></description>
<Point>
<coordinates>-97.915071,30.16332</coordinates>
</Point>
</Placemark>
<Placemark>
<n>CREME DE LA CREME - PLANO</n>
<styleUrl>#Closed</styleUrl>
<description><![CDATA[<b><u>Address:</u></b> 5516 W PLANO PKWY, PLANO, TX 75093<br/><b><u>Type:</u></b> Private<br/><b><u>Enrollment:</u></b> 22]]></description>
<Point>
<coordinates>-96.812021,33.01539</coordinates>
</Point>
</Placemark>
<Placemark>
<n>GREATER CALVARY ACADEMY</n>
<styleUrl>#Closed</styleUrl>
<description><![CDATA[<b><u>Address:</u></b> 6510 BERKMAN DR, AUSTIN, TX 78723<br/><b><u>Type:</u></b> Private<br/><b><u>Enrollment:</u></b> 7]]></description>
<Point>
<coordinates>-97.689931,30.31909</coordinates>
</Point>
</Placemark>
<Placemark>
<n>PRIMROSE SCHOOL AT VISTA RIDGE</n>
<styleUrl>#Closed</styleUrl>
<description><![CDATA[<b><u>Address:</u></b> 910 N VISTA RIDGE BLVD, CEDAR PARK, TX 78613<br/><b><u>Type:</u></b> Private<br/><b><u>Enrollment:</u></b> 2]]></description>
<Point>
<coordinates>-97.790331,30.53085</coordinates>
</Point>
</Placemark>
<Placemark>
<n>KING ARTHUR MONTESSORI ACADEMY</n>
<styleUrl>#Closed</styleUrl>
<description><![CDATA[<b><u>Address:</u></b> 4537 N JOSEY LN, CARROLLTON, TX 75010<br/><b><u>Type:</u></b> Private<br/><b><u>Enrollment:</u></b> 15]]></description>
<Point>
<coordinates>-96.884801,33.03411</coordinates>
</Point>
</Placemark>
<Placemark>
<n>THE TOWNE CREEK SCHOOL</n>
<styleUrl>#Closed</styleUrl>
<description><![CDATA[<b><u>Address:</u></b> 3311 WILLIAMSBURG LN, MISSOURI CITY, TX 77459<br/><b><u>Type:</u></b> Private<br/><b><u>Enrollment:</u></b> 13]]></description>
<Point>
<coordinates>-95.566108,29.5713246</coordinates>
</Point>
</Placemark>
<Placemark>
<n>HOUSTON QURAN ACADEMY</n>
<styleUrl>#Closed</styleUrl>
<description><![CDATA[<b><u>Address:</u></b> 1902 BAKER RD, HOUSTON, TX 77094<br/><b><u>Type:</u></b> Private<br/><b><u>Enrollment:</u></b> 268]]></description>
<Point>
<coordinates>-95.70359,29.760835</coordinates>
</Point>
</Placemark>
<Placemark>
<n>JUAN DIEGO ACADEMY</n>
<styleUrl>#Closed</styleUrl>
<description><![CDATA[<b><u>Address:</u></b> 5208 S FM 494, MISSION, TX 78572<br/><b><u>Type:</u></b> Private<br/><b><u>Enrollment:</u></b> 94]]></description>
<Point>
<coordinates>-98.326339,26.153775</coordinates>
</Point>
</Placemark>
<Placemark>
<n>VAL VERDE CHRISTIAN ACADEMY</n>
<styleUrl>#Closed</styleUrl>
<description><![CDATA[<b><u>Address:</u></b> 3900 CLEVELAND AVE, GROVES, TX 77619<br/><b><u>Type:</u></b> Private<br/><b><u>Enrollment:</u></b> 51]]></description>
<Point>
<coordinates>-93.913501,29.95063</coordinates>
</Point>
</Placemark>
<Placemark>
<n>EXCEL ADVENTIST ACADEMY</n>
<styleUrl>#Closed</styleUrl>
<description><![CDATA[<b><u>Address:</u></b> 7950 W FUQUA, MISSOURI CITY, TX 77459<br/><b><u>Type:</u></b> Private<br/><b><u>Enrollment:</u></b> 35]]></description>
<Point>
<coordinates>-95.506505,29.602056</coordinates>
</Point>
</Placemark>
<Placemark>
<n>WESTSIDE MONTESSORI SCHOOL</n>
<styleUrl>#Closed</styleUrl>
<description><![CDATA[<b><u>Address:</u></b> 13555 BRIAR FOREST DR, HOUSTON, TX 77077<br/><b><u>Type:</u></b> Private<br/><b><u>Enrollment:</u></b> 94]]></description>
<Point>
<coordinates>-95.628711,29.75501</coordinates>
</Point>
</Placemark>
<Placemark>
<n>ST STEPHEN'S EPISCOPAL SCHOOL</n>
<styleUrl>#Closed</styleUrl>
<description><![CDATA[<b><u>Address:</u></b> 1800 SUL ROSS ST, HOUSTON, TX 77098<br/><b><u>Type:</u></b> Private<br/><b><u>Enrollment:</u></b> 67]]></description>
<Point>
<coordinates>-95.404865,29.738106</coordinates>
</Point>
</Placemark>
<Placemark>
<n>ST MARY MAGDALENE SCHOOL</n>
<styleUrl>#Closed</styleUrl>
<description><![CDATA[<b><u>Address:</u></b> 530 FERGUSON ST, HUMBLE, TX 77338<br/><b><u>Type:</u></b> Private<br/><b><u>Enrollment:</u></b> 163]]></description>
<Point>
<coordinates>-95.256711,29.99124</coordinates>
</Point>
</Placemark>
<Placemark>
<n>HOUSTON ADVENTIST ACADMEY</n>
<styleUrl>#Closed</styleUrl>
<description><![CDATA[<b><u>Address:</u></b> 11735 GRANT RD, CYPRESS, TX 77429<br/><b><u>Type:</u></b> Private<br/><b><u>Enrollment:</u></b> 163]]></description>
<Point>
<coordinates>-95.60135,29.974636</coordinates>
</Point>
</Placemark>
<Placemark>
<n>HYDE PARK MONTESSORI</n>
<styleUrl>#Closed</styleUrl>
<description><![CDATA[<b><u>Address:</u></b> 4108 AVE H, AUSTIN, TX 78751<br/><b><u>Type:</u></b> Private<br/><b><u>Enrollment:</u></b> 4]]></description>
<Point>
<coordinates>-97.728211,30.30357</coordinates>
</Point>
</Placemark>
<Placemark>
<n>BRIGHT MINDS EARLY LEARNING CENTER</n>
<styleUrl>#Closed</styleUrl>
<description><![CDATA[<b><u>Address:</u></b> 2726 W ILLINOIS AVE, DALLAS, TX 75233<br/><b><u>Type:</u></b> Private<br/><b><u>Enrollment:</u></b> 4]]></description>
<Point>
<coordinates>-96.865041,32.71982</coordinates>
</Point>
</Placemark>
<Placemark>
<n>BETH YESHURUN DAY SCHOOL</n>
<styleUrl>#Closed</styleUrl>
<description><![CDATA[<b><u>Address:</u></b> 4525 BEECHNUT ST, HOUSTON, TX 77096<br/><b><u>Type:</u></b> Private<br/><b><u>Enrollment:</u></b> 186]]></description>
<Point>
<coordinates>-95.453621,29.68759</coordinates>
</Point>
</Placemark>
<Placemark>
<n>THE SCHOOL FOR YOUNG CHILDREN</n>
<styleUrl>#Closed</styleUrl>
<description><![CDATA[<b><u>Address:</u></b> 810 SUL ROSS ST, HOUSTON, TX 77006<br/><b><u>Type:</u></b> Private<br/><b><u>Enrollment:</u></b> 36]]></description>
<Point>
<coordinates>-95.389481,29.73815</coordinates>
</Point>
</Placemark>
<Placemark>
<n>THE SHLENKER SCHOOL</n>
<styleUrl>#Closed</styleUrl>
<description><![CDATA[<b><u>Address:</u></b> 5600 N BRAESWOOD BLVD STE A, HOUSTON, TX 77096<br/><b><u>Type:</u></b> Private<br/><b><u>Enrollment:</u></b> 197]]></description>
<Point>
<coordinates>-95.488202,29.67688</coordinates>
</Point>
</Placemark>
<Placemark>
<n>ST PAULS CHRISTIAN DAY SCHOOL</n>
<styleUrl>#Closed</styleUrl>
<description><![CDATA[<b><u>Address:</u></b> 305 W THIRD ST, BRENHAM, TX 77833<br/><b><u>Type:</u></b> Private<br/><b><u>Enrollment:</u></b> 134]]></description>
<Point>
<coordinates>-96.399481,30.16125</coordinates>
</Point>
</Placemark>
<Placemark>
<n>SECOND BAPTIST SCHOOL</n>
<styleUrl>#Closed</styleUrl>
<description><![CDATA[<b><u>Address:</u></b> 6410 WOODWAY DR, HOUSTON, TX 77057<br/><b><u>Type:</u></b> Private<br/><b><u>Enrollment:</u></b> 955]]></description>
<Point>
<coordinates>-95.498394,29.758108</coordinates>
</Point>
</Placemark>
<Placemark>
<n>SEMINOLE MENNONITE SCHOOL</n>
<styleUrl>#Closed</styleUrl>
<description><![CDATA[<b><u>Address:</u></b> 1500 SE 5TH ST, SEMINOLE, TX 79360<br/><b><u>Type:</u></b> Private<br/><b><u>Enrollment:</u></b> 297]]></description>
<Point>
<coordinates>-102.63879,32.70275</coordinates>
</Point>
</Placemark>
<Placemark>
<n>PARISH EPISCOPAL SCHOOL</n>
<styleUrl>#Closed</styleUrl>
<description><![CDATA[<b><u>Address:</u></b> 14115 HILLCREST RD, DALLAS, TX 75254<br/><b><u>Type:</u></b> Private<br/><b><u>Enrollment:</u></b> 1090]]></description>
<Point>
<coordinates>-96.786566,32.940684</coordinates>
</Point>
</Placemark>
<Placemark>
<n>THE IMANI SCHOOL</n>
<styleUrl>#Closed</styleUrl>
<description><![CDATA[<b><u>Address:</u></b> 12401 S POST OAK RD STE A, HOUSTON, TX 77045<br/><b><u>Type:</u></b> Private<br/><b><u>Enrollment:</u></b> 218]]></description>
<Point>
<coordinates>-95.462641,29.64643</coordinates>
</Point>
</Placemark>
<Placemark>
<n>ST JOSEPH CATHOLIC ACADEMY</n>
<styleUrl>#Closed</styleUrl>
<description><![CDATA[<b><u>Address:</u></b> 2901 E RANCIER AVE, KILLEEN, TX 76543<br/><b><u>Type:</u></b> Private<br/><b><u>Enrollment:</u></b> 198]]></description>
<Point>
<coordinates>-97.7014094,31.1204182</coordinates>
</Point>
</Placemark>
<Placemark>
<n>ST RITA CATHOLIC SCHOOL</n>
<styleUrl>#Closed</styleUrl>
<description><![CDATA[<b><u>Address:</u></b> 12525 INWOOD RD, DALLAS, TX 75244<br/><b><u>Type:</u></b> Private<br/><b><u>Enrollment:</u></b> 701]]></description>
<Point>
<coordinates>-96.81928,32.920282</coordinates>
</Point>
</Placemark>
<Placemark>
<n>HOLY TRINITY CATHOLIC SCHOOL</n>
<styleUrl>#Closed</styleUrl>
<description><![CDATA[<b><u>Address:</u></b> 3815 OAK LAWN AVE, DALLAS, TX 75219<br/><b><u>Type:</u></b> Private<br/><b><u>Enrollment:</u></b> 109]]></description>
<Point>
<coordinates>-96.803201,32.8154</coordinates>
</Point>
</Placemark>
<Placemark>
<n>HOLY FAMILY CATHOLIC SCHOOL</n>
<styleUrl>#Closed</styleUrl>
<description><![CDATA[<b><u>Address:</u></b> 2601 URSULINE AVE, GALVESTON, TX 77550<br/><b><u>Type:</u></b> Private<br/><b><u>Enrollment:</u></b> 51]]></description>
<Point>
<coordinates>-94.793394,29.29408</coordinates>
</Point>
</Placemark>
<Placemark>
<n>EPIPHANY MONTESSORI SCHOOL</n>
<styleUrl>#Closed</styleUrl>
<description><![CDATA[<b><u>Address:</u></b> 120 N 3RD ST, KINGSVILLE, TX 78363<br/><b><u>Type:</u></b> Private<br/><b><u>Enrollment:</u></b> 13]]></description>
<Point>
<coordinates>-97.871794,27.51744</coordinates>
</Point>
</Placemark>
<Placemark>
<n>ST RAPHAEL SCHOOL</n>
<styleUrl>#Closed</styleUrl>
<description><![CDATA[<b><u>Address:</u></b> 2310 WOODSIDE DR, EL PASO, TX 79925<br/><b><u>Type:</u></b> Private<br/><b><u>Enrollment:</u></b> 214]]></description>
<Point>
<coordinates>-106.344143,31.775084</coordinates>
</Point>
</Placemark>
<Placemark>
<n>BOULEVARD BAPTIST CHRISTIAN SCHOOL</n>
<styleUrl>#Closed</styleUrl>
<description><![CDATA[<b><u>Address:</u></b> 315 N BURLESON BLVD, BURLESON, TX 76028<br/><b><u>Type:</u></b> Private<br/><b><u>Enrollment:</u></b> 51]]></description>
<Point>
<coordinates>-97.317761,32.54706</coordinates>
</Point>
</Placemark>
<Placemark>
<n>LIBERTY CHRISTIAN SCHOOL</n>
<styleUrl>#Closed</styleUrl>
<description><![CDATA[<b><u>Address:</u></b> 1301 S US HIGHWAY 377, ARGYLE, TX 76226<br/><b><u>Type:</u></b> Private<br/><b><u>Enrollment:</u></b> 1004]]></description>
<Point>
<coordinates>-97.191178,33.083371</coordinates>
</Point>
</Placemark>
<Placemark>
<n>MOUNT HEBRON CHRISTIAN ACADEMY</n>
<styleUrl>#Closed</styleUrl>
<description><![CDATA[<b><u>Address:</u></b> 901 DAIRY RD, GARLAND, TX 75040<br/><b><u>Type:</u></b> Private<br/><b><u>Enrollment:</u></b> 22]]></description>
<Point>
<coordinates>-96.622481,32.90516</coordinates>
</Point>
</Placemark>
<Placemark>
<n>SPRING CREEK ACADEMY</n>
<styleUrl>#Closed</styleUrl>
<description><![CDATA[<b><u>Address:</u></b> 6000 CUSTER RD BLDG 5, PLANO, TX 75023<br/><b><u>Type:</u></b> Private<br/><b><u>Enrollment:</u></b> 117]]></description>
<Point>
<coordinates>-96.731516,33.056248</coordinates>
</Point>
</Placemark>
<Placemark>
<n>WYLIE PREPARATORY ACADEMY</n>
<styleUrl>#Closed</styleUrl>
<description><![CDATA[<b><u>Address:</u></b> 4110 SKYVIEW CT, WYLIE, TX 75098<br/><b><u>Type:</u></b> Private<br/><b><u>Enrollment:</u></b> 296]]></description>
<Point>
<coordinates>-96.491821,33.02669</coordinates>
</Point>
</Placemark>
<Placemark>
<n>COMMUNITY MONTESSORI SCHOOL</n>
<styleUrl>#Closed</styleUrl>
<description><![CDATA[<b><u>Address:</u></b> 500 PLEASANT VALLEY DR, GEORGETOWN, TX 78626<br/><b><u>Type:</u></b> Private<br/><b><u>Enrollment:</u></b> 115]]></description>
<Point>
<coordinates>-97.677451,30.61579</coordinates>
</Point>
</Placemark>
<Placemark>
<n>ESPRIT INTERNATIONAL SCHOOL</n>
<styleUrl>#Closed</styleUrl>
<description><![CDATA[<b><u>Address:</u></b> 4890 W PANTHER CREEK DR, THE WOODLANDS, TX 77381<br/><b><u>Type:</u></b> Private<br/><b><u>Enrollment:</u></b> 208]]></description>
<Point>
<coordinates>-95.500271,30.16723</coordinates>
</Point>
</Placemark>
<Placemark>
<n>ST FRANCIS SCHOOL</n>
<styleUrl>#Closed</styleUrl>
<description><![CDATA[<b><u>Address:</u></b> 300 E HUNTLAND DR, AUSTIN, TX 78752<br/><b><u>Type:</u></b> Private<br/><b><u>Enrollment:</u></b> 376]]></description>
<Point>
<coordinates>-97.710101,30.33123</coordinates>
</Point>
</Placemark>
<Placemark>
<n>FIRST FAITH PRESCHOOL AND KINDERGARTEN</n>
<styleUrl>#Closed</styleUrl>
<description><![CDATA[<b><u>Address:</u></b> 777 N WALNUT CREEK DR, MANSFIELD, TX 76063<br/><b><u>Type:</u></b> Private<br/><b><u>Enrollment:</u></b> 9]]></description>
<Point>
<coordinates>-97.134137,32.576302</coordinates>
</Point>
</Placemark>
<Placemark>
<n>THE FULTON SCHOOL</n>
<styleUrl>#Closed</styleUrl>
<description><![CDATA[<b><u>Address:</u></b> 1626 SMIRL DR, HEATH, TX 75032<br/><b><u>Type:</u></b> Private<br/><b><u>Enrollment:</u></b> 46]]></description>
<Point>
<coordinates>-96.472439,32.859914</coordinates>
</Point>
</Placemark>
<Placemark>
<n>ALL SAINTS EPISCOPAL SCHOOL LUBBOCK</n>
<styleUrl>#Closed</styleUrl>
<description><![CDATA[<b><u>Address:</u></b> 3222 103RD ST, LUBBOCK, TX 79423<br/><b><u>Type:</u></b> Private<br/><b><u>Enrollment:</u></b> 374]]></description>
<Point>
<coordinates>-101.883761,33.50164</coordinates>
</Point>
</Placemark>
<Placemark>
<n>SHADY OAK PRIMARY SCHOOL</n>
<styleUrl>#Closed</styleUrl>
<description><![CDATA[<b><u>Address:</u></b> 600 MAIN ST, RICHMOND, TX 77469<br/><b><u>Type:</u></b> Private<br/><b><u>Enrollment:</u></b> 46]]></description>
<Point>
<coordinates>-95.762431,29.57941</coordinates>
</Point>
</Placemark>
<Placemark>
<n>CAROLINE SCHOOL/EASTER SEALS CHILDRENS THERAPY</n>
<styleUrl>#Closed</styleUrl>
<description><![CDATA[<b><u>Address:</u></b> 4888 LOOP CENTRAL DR STE 200, HOUSTON, TX 77081<br/><b><u>Type:</u></b> Private<br/><b><u>Enrollment:</u></b> 20]]></description>
<Point>
<coordinates>-95.456921,29.72516</coordinates>
</Point>
</Placemark>
<Placemark>
<n>CUSTER ROAD CHRISTIAN DAY SCHOOL</n>
<styleUrl>#Closed</styleUrl>
<description><![CDATA[<b><u>Address:</u></b> 6601 CUSTER RD, PLANO, TX 75023<br/><b><u>Type:</u></b> Private<br/><b><u>Enrollment:</u></b> 58]]></description>
<Point>
<coordinates>-96.737531,33.0664</coordinates>
</Point>
</Placemark>
<Placemark>
<n>FIRST BAPTIST LEARNING CENTER</n>
<styleUrl>#Closed</styleUrl>
<description><![CDATA[<b><u>Address:</u></b> 1615 W LOUISIANA ST, MCKINNEY, TX 75069<br/><b><u>Type:</u></b> Private<br/><b><u>Enrollment:</u></b> 20]]></description>
<Point>
<coordinates>-96.631401,33.1978</coordinates>
</Point>
</Placemark>
<Placemark>
<n>PRESBYTERIAN CHILDRENS CENTER</n>
<styleUrl>#Closed</styleUrl>
<description><![CDATA[<b><u>Address:</u></b> 301 N CENTER ST, LONGVIEW, TX 75601<br/><b><u>Type:</u></b> Private<br/><b><u>Enrollment:</u></b> 6]]></description>
<Point>
<coordinates>-94.740061,32.49684</coordinates>
</Point>
</Placemark>
<Placemark>
<n>THE PREPARATORY SCHOOL OF DRIPPING SPRINGS</n>
<styleUrl>#Closed</styleUrl>
<description><![CDATA[<b><u>Address:</u></b> 12610 NUTTY BROWN RD, AUSTIN, TX 78737<br/><b><u>Type:</u></b> Private<br/><b><u>Enrollment:</u></b> 18]]></description>
<Point>
<coordinates>-97.9726229,30.2029826</coordinates>
</Point>
</Placemark>
<Placemark>
<n>UNIVERSITY PARK UMC WEEKDAY SCHOOL</n>
<styleUrl>#Closed</styleUrl>
<description><![CDATA[<b><u>Address:</u></b> 4024 CARUTH BLVD, DALLAS, TX 75225<br/><b><u>Type:</u></b> Private<br/><b><u>Enrollment:</u></b> 30]]></description>
<Point>
<coordinates>-96.803041,32.8592</coordinates>
</Point>
</Placemark>
<Placemark>
<n>PATHWAY CHRISTIAN PREP ACADEMY</n>
<styleUrl>#Closed</styleUrl>
<description><![CDATA[<b><u>Address:</u></b> 6160 WARREN PKWY STE 100, FRISCO, TX 75034<br/><b><u>Type:</u></b> Private<br/><b><u>Enrollment:</u></b> 69]]></description>
<Point>
<coordinates>-96.833322,33.10722</coordinates>
</Point>
</Placemark>
<Placemark>
<n>PRIMROSE SCHOOL AT WATERSIDE ESTATES</n>
<styleUrl>#Closed</styleUrl>
<description><![CDATA[<b><u>Address:</u></b> 1810 LEWISVILLE DR, RICHMOND, TX 77406<br/><b><u>Type:</u></b> Private<br/><b><u>Enrollment:</u></b> 9]]></description>
<Point>
<coordinates>-95.7341353,29.659047</coordinates>
</Point>
</Placemark>
<Placemark>
<n>GROWING SCHOLARS MONTESSORI SCHOOL</n>
<styleUrl>#Closed</styleUrl>
<description><![CDATA[<b><u>Address:</u></b> 13013 FRY RD, CYPRESS, TX 77433<br/><b><u>Type:</u></b> Private<br/><b><u>Enrollment:</u></b> 13]]></description>
<Point>
<coordinates>-95.7035717,29.9688153</coordinates>
</Point>
</Placemark>
<Placemark>
<n>PINNACLE MONTESSORI</n>
<styleUrl>#Closed</styleUrl>
<description><![CDATA[<b><u>Address:</u></b> 111 EXETER PL DR, SAN ANTONIO, TX 78253<br/><b><u>Type:</u></b> Private<br/><b><u>Enrollment:</u></b> 43]]></description>
<Point>
<coordinates>-98.732124,29.431467</coordinates>
</Point>
</Placemark>
<Placemark>
<n>SPANISH SCHOOLHOUSE</n>
<styleUrl>#Closed</styleUrl>
<description><![CDATA[<b><u>Address:</u></b> 26133 KUYKENDAHL RD, TOMBALL, TX 77375<br/><b><u>Type:</u></b> Private<br/><b><u>Enrollment:</u></b> 15]]></description>
<Point>
<coordinates>-95.5562224,30.141517</coordinates>
</Point>
</Placemark>
<Placemark>
<n>ACTON IMPRIMIS LAKE TRAVIS</n>
<styleUrl>#Closed</styleUrl>
<description><![CDATA[<b><u>Address:</u></b> 3001 RO DR, SPICEWOOD, TX 78669<br/><b><u>Type:</u></b> Private<br/><b><u>Enrollment:</u></b> 22]]></description>
<Point>
<coordinates>-98.039584,30.367251</coordinates>
</Point>
</Placemark>
<Placemark>
<n>BRIDGE PREPARATORY ACADEMY</n>
<styleUrl>#Closed</styleUrl>
<description><![CDATA[<b><u>Address:</u></b> 400 JACKSON ST, RICHMOND, TX 77469<br/><b><u>Type:</u></b> Private<br/><b><u>Enrollment:</u></b> 16]]></description>
<Point>
<coordinates>-95.761778,29.582298</coordinates>
</Point>
</Placemark>
<Placemark>
<n>VICTORY CHRISTIAN ACADEMY</n>
<styleUrl>#Closed</styleUrl>
<description><![CDATA[<b><u>Address:</u></b> 2322 S MAIN ST, PERRYTON, TX 79070<br/><b><u>Type:</u></b> Private<br/><b><u>Enrollment:</u></b> 15]]></description>
<Point>
<coordinates>-100.8037,36.377572</coordinates>
</Point>
</Placemark>
<Placemark>
<n>ALPINE MONTESSORI SCHOOL</n>
<styleUrl>#Closed</styleUrl>
<description><![CDATA[<b><u>Address:</u></b> 908 N 6TH ST, ALPINE, TX 79830<br/><b><u>Type:</u></b> Private<br/><b><u>Enrollment:</u></b> 38]]></description>
<Point>
<coordinates>-103.665271,30.36478</coordinates>
</Point>
</Placemark>
<Placemark>
<n>CHRISTIAN HERITAGE CLASSICAL SCHOOL</n>
<styleUrl>#Closed</styleUrl>
<description><![CDATA[<b><u>Address:</u></b> 2715 FM 1844, LONGVIEW, TX 75605<br/><b><u>Type:</u></b> Private<br/><b><u>Enrollment:</u></b> 251]]></description>
<Point>
<coordinates>-94.782141,32.58944</coordinates>
</Point>
</Placemark>
<Placemark>
<n>LIFEGATE CHRISTIAN SCHOOL</n>
<styleUrl>#Closed</styleUrl>
<description><![CDATA[<b><u>Address:</u></b> 395 LIFEGATE LN, SEGUIN, TX 78155<br/><b><u>Type:</u></b> Private<br/><b><u>Enrollment:</u></b> 132]]></description>
<Point>
<coordinates>-97.914075,29.53122</coordinates>
</Point>
</Placemark>
<Placemark>
<n>SOUTHCREST CHRISTIAN SCHOOL</n>
<styleUrl>#Closed</styleUrl>
<description><![CDATA[<b><u>Address:</u></b> 3801 S LOOP 289, LUBBOCK, TX 79423<br/><b><u>Type:</u></b> Private<br/><b><u>Enrollment:</u></b> 390]]></description>
<Point>
<coordinates>-101.897162,33.5278</coordinates>
</Point>
</Placemark>
<Placemark>
<n>SANTA CLARA OF ASSISI CATHOLIC ACADEMY</n>
<styleUrl>#Closed</styleUrl>
<description><![CDATA[<b><u>Address:</u></b> 321 CALUMET AVE STE B, DALLAS, TX 75211<br/><b><u>Type:</u></b> Private<br/><b><u>Enrollment:</u></b> 118]]></description>
<Point>
<coordinates>-96.89758,32.744203</coordinates>
</Point>
</Placemark>
<Placemark>
<n>THE CAMBRIDGE SCHOOL OF DALLAS</n>
<styleUrl>#Closed</styleUrl>
<description><![CDATA[<b><u>Address:</u></b> 9330 N CENTRAL EXPY, DALLAS, TX 75231<br/><b><u>Type:</u></b> Private<br/><b><u>Enrollment:</u></b> 96]]></description>
<Point>
<coordinates>-96.766645,32.874011</coordinates>
</Point>
</Placemark>
<Placemark>
<n>AESA PREP ACADEMY</n>
<styleUrl>#Closed</styleUrl>
<description><![CDATA[<b><u>Address:</u></b> 13730 HWY 290 W, AUSTIN, TX 78737<br/><b><u>Type:</u></b> Private<br/><b><u>Enrollment:</u></b> 146]]></description>
<Point>
<coordinates>-98.005558,30.198652</coordinates>
</Point>
</Placemark>
<Placemark>
<n>SNYDER CHRISTIAN SCHOOL</n>
<styleUrl>#Closed</styleUrl>
<description><![CDATA[<b><u>Address:</u></b> 2700 COLLEGE, SNYDER, TX 79550<br/><b><u>Type:</u></b> Private<br/><b><u>Enrollment:</u></b> 45]]></description>
<Point>
<coordinates>-100.917761,32.714654</coordinates>
</Point>
</Placemark>
<Placemark>
<n>CLOUD OF LIGHT CHRISTIAN ACADEMY</n>
<styleUrl>#Closed</styleUrl>
<description><![CDATA[<b><u>Address:</u></b> 16305 WESTHEIMER RD # 111, HOUSTON, TX 77082<br/><b><u>Type:</u></b> Private<br/><b><u>Enrollment:</u></b> 20]]></description>
<Point>
<coordinates>-95.672951,29.7183</coordinates>
</Point>
</Placemark>
<Placemark>
<n>CENTER FOR TEACHING AND LEARNING</n>
<styleUrl>#Closed</styleUrl>
<description><![CDATA[<b><u>Address:</u></b> 10431 HUFSMITH RD, TOMBALL, TX 77375<br/><b><u>Type:</u></b> Private<br/><b><u>Enrollment:</u></b> 63]]></description>
<Point>
<coordinates>-95.580539,30.124516</coordinates>
</Point>
</Placemark>
<Placemark>
<n>PROMISE ACADEMY</n>
<styleUrl>#Closed</styleUrl>
<description><![CDATA[<b><u>Address:</u></b> 504 W 32ND ST, TYLER, TX 75702<br/><b><u>Type:</u></b> Private<br/><b><u>Enrollment:</u></b> 68]]></description>
<Point>
<coordinates>-95.303881,32.37983</coordinates>
</Point>
</Placemark>
<Placemark>
<n>ST ANTHONY OF PADUA CATHOLIC SCHOOL</n>
<styleUrl>#Closed</styleUrl>
<description><![CDATA[<b><u>Address:</u></b> 410 E 13TH ST, DALHART, TX 79022<br/><b><u>Type:</u></b> Private<br/><b><u>Enrollment:</u></b> 55]]></description>
<Point>
<coordinates>-102.518381,36.05318</coordinates>
</Point>
</Placemark>
<Placemark>
<n>ST MARY'S CATHOLIC SCHOOL</n>
<styleUrl>#Closed</styleUrl>
<description><![CDATA[<b><u>Address:</u></b> 520 WASHBURN ST, TAYLOR, TX 76574<br/><b><u>Type:</u></b> Private<br/><b><u>Enrollment:</u></b> 219]]></description>
<Point>
<coordinates>-97.407291,30.57225</coordinates>
</Point>
</Placemark>
<Placemark>
<n>ST AUSTIN CATHOLIC SCHOOL</n>
<styleUrl>#Closed</styleUrl>
<description><![CDATA[<b><u>Address:</u></b> 800 HERNDON, AUSTIN, TX 78704<br/><b><u>Type:</u></b> Private<br/><b><u>Enrollment:</u></b> 178]]></description>
<Point>
<coordinates>-97.76312,30.240906</coordinates>
</Point>
</Placemark>
<Placemark>
<n>MARY HELP OF CHRISTIANS SCHOOL</n>
<styleUrl>#Closed</styleUrl>
<description><![CDATA[<b><u>Address:</u></b> 10 E DEL MAR BLVD, LAREDO, TX 78041<br/><b><u>Type:</u></b> Private<br/><b><u>Enrollment:</u></b> 344]]></description>
<Point>
<coordinates>-99.49423,27.568662</coordinates>
</Point>
</Placemark>
<Placemark>
<n>CASSATA HIGH SCHOOL</n>
<styleUrl>#Closed</styleUrl>
<description><![CDATA[<b><u>Address:</u></b> 1400 HEMPHILL ST, FORT WORTH, TX 76104<br/><b><u>Type:</u></b> Private<br/><b><u>Enrollment:</u></b> 113]]></description>
<Point>
<coordinates>-97.331851,32.72918</coordinates>
</Point>
</Placemark>
<Placemark>
<n>SAN MARCOS BAPTIST ACADEMY</n>
<styleUrl>#Closed</styleUrl>
<description><![CDATA[<b><u>Address:</u></b> 2801 RANCH RD 12, SAN MARCOS, TX 78666<br/><b><u>Type:</u></b> Private<br/><b><u>Enrollment:</u></b> 296]]></description>
<Point>
<coordinates>-97.999561,29.8999</coordinates>
</Point>
</Placemark>
<Placemark>
<n>WHITE ROCK MONTESSORI</n>
<styleUrl>#Closed</styleUrl>
<description><![CDATA[<b><u>Address:</u></b> 1601 OATES DR, DALLAS, TX 75228<br/><b><u>Type:</u></b> Private<br/><b><u>Enrollment:</u></b> 136]]></description>
<Point>
<coordinates>-96.687211,32.82258</coordinates>
</Point>
</Placemark>
<Placemark>
<n>TRINITY CHRISTIAN SCHOOL</n>
<styleUrl>#Closed</styleUrl>
<description><![CDATA[<b><u>Address:</u></b> 6701 UNIVERSITY AVE, LUBBOCK, TX 79413<br/><b><u>Type:</u></b> Private<br/><b><u>Enrollment:</u></b> 627]]></description>
<Point>
<coordinates>-101.868666,33.533329</coordinates>
</Point>
</Placemark>
<Placemark>
<n>HOLY FAMILY CATHOLIC SCHOOL</n>
<styleUrl>#Closed</styleUrl>
<description><![CDATA[<b><u>Address:</u></b> 9400 NEENAH AVE, AUSTIN, TX 78717<br/><b><u>Type:</u></b> Private<br/><b><u>Enrollment:</u></b> 613]]></description>
<Point>
<coordinates>-97.761171,30.48898</coordinates>
</Point>
</Placemark>
<Placemark>
<n>TORAH DAY SCHOOL OF DALLAS</n>
<styleUrl>#Closed</styleUrl>
<description><![CDATA[<b><u>Address:</u></b> 6921 FRANKFORD RD, DALLAS, TX 75252<br/><b><u>Type:</u></b> Private<br/><b><u>Enrollment:</u></b> 320]]></description>
<Point>
<coordinates>-96.783451,32.99891</coordinates>
</Point>
</Placemark>
<Placemark>
<n>THE WINSTON SCHOOL</n>
<styleUrl>#Closed</styleUrl>
<description><![CDATA[<b><u>Address:</u></b> 5707 ROYAL LN, DALLAS, TX 75229<br/><b><u>Type:</u></b> Private<br/><b><u>Enrollment:</u></b> 158]]></description>
<Point>
<coordinates>-96.810741,32.89561</coordinates>
</Point>
</Placemark>
<Placemark>
<n>GUADALUPE REGIONAL MIDDLE SCHOOL</n>
<styleUrl>#Closed</styleUrl>
<description><![CDATA[<b><u>Address:</u></b> 1214 LINCOLN ST, BROWNSVILLE, TX 78521<br/><b><u>Type:</u></b> Private<br/><b><u>Enrollment:</u></b> 58]]></description>
<Point>
<coordinates>-97.487016,25.909626</coordinates>
</Point>
</Placemark>
<Placemark>
<n>REDEEMER EPISCOPAL SCHOOL</n>
<styleUrl>#Closed</styleUrl>
<description><![CDATA[<b><u>Address:</u></b> 648 MADISON ST, EAGLE PASS, TX 78852<br/><b><u>Type:</u></b> Private<br/><b><u>Enrollment:</u></b> 64]]></description>
<Point>
<coordinates>-100.502801,28.71334</coordinates>
</Point>
</Placemark>
<Placemark>
<n>SANCTUARY ACADEMY OF THE REGIONAL BIBLE INSTITUTE</n>
<styleUrl>#Closed</styleUrl>
<description><![CDATA[<b><u>Address:</u></b> 508 VAN WEEK ST, EDINBURGH, TX 78539<br/><b><u>Type:</u></b> Private<br/><b><u>Enrollment:</u></b> 4]]></description>
<Point>
<coordinates>-98.156332,26.3063705</coordinates>
</Point>
</Placemark>
<Placemark>
<n>THE GOSPEL LIGHTHOUSE CHRISTIAN ACADEMY</n>
<styleUrl>#Closed</styleUrl>
<description><![CDATA[<b><u>Address:</u></b> 2000 W SAN ANTONIO ST, LOCKHART, TX 78644<br/><b><u>Type:</u></b> Private<br/><b><u>Enrollment:</u></b> 11]]></description>
<Point>
<coordinates>-97.706101,29.88271</coordinates>
</Point>
</Placemark>
<Placemark>
<n>MESORAH HIGH SCHOOL FOR GIRLS</n>
<styleUrl>#Closed</styleUrl>
<description><![CDATA[<b><u>Address:</u></b> 12712 PARK CENTRAL DR STE B190, DALLAS, TX 75251<br/><b><u>Type:</u></b> Private<br/><b><u>Enrollment:</u></b> 59]]></description>
<Point>
<coordinates>-96.776689,32.92131</coordinates>
</Point>
</Placemark>
<Placemark>
<n>ST MATTHEW CATHOLIC SCHOOL</n>
<styleUrl>#Closed</styleUrl>
<description><![CDATA[<b><u>Address:</u></b> 400 W SUNSET RD, EL PASO, TX 79922<br/><b><u>Type:</u></b> Private<br/><b><u>Enrollment:</u></b> 164]]></description>
<Point>
<coordinates>-106.581631,31.83084</coordinates>
</Point>
</Placemark>
<Placemark>
<n>MIRUS ACADEMY</n>
<styleUrl>#Closed</styleUrl>
<description><![CDATA[<b><u>Address:</u></b> 5561 THIRD ST, KATY, TX 77493<br/><b><u>Type:</u></b> Private<br/><b><u>Enrollment:</u></b> 32]]></description>
<Point>
<coordinates>-95.820401,29.787924</coordinates>
</Point>
</Placemark>
<Placemark>
<n>MESQUITE BAPTIST ACADEMY</n>
<styleUrl>#Closed</styleUrl>
<description><![CDATA[<b><u>Address:</u></b> 1212 S BELT LINE RD, MESQUITE, TX 75149<br/><b><u>Type:</u></b> Private<br/><b><u>Enrollment:</u></b> 54]]></description>
<Point>
<coordinates>-96.595281,32.752047</coordinates>
</Point>
</Placemark>
<Placemark>
<n>MUNDO MONTESSORI</n>
<styleUrl>#Closed</styleUrl>
<description><![CDATA[<b><u>Address:</u></b> 1701 PEACEFUL MEADOWS CT, LAREDO, TX 78041<br/><b><u>Type:</u></b> Private<br/><b><u>Enrollment:</u></b> 27]]></description>
<Point>
<coordinates>-99.4687362,27.5742099</coordinates>
</Point>
</Placemark>
<Placemark>
<n>SYCAMORE ACADEMY</n>
<styleUrl>#Closed</styleUrl>
<description><![CDATA[<b><u>Address:</u></b> 106 S OLD BETSY RD, KEENE, TX 76059<br/><b><u>Type:</u></b> Private<br/><b><u>Enrollment:</u></b> 159]]></description>
<Point>
<coordinates>-97.332051,32.39565</coordinates>
</Point>
</Placemark>
<Placemark>
<n>ALL SAINTS EPISCOPAL DAY SCHOOL AUSTIN</n>
<styleUrl>#Closed</styleUrl>
<description><![CDATA[<b><u>Address:</u></b> 209 W 27TH ST, AUSTIN, TX 78705<br/><b><u>Type:</u></b> Private<br/><b><u>Enrollment:</u></b> 8]]></description>
<Point>
<coordinates>-97.739511,30.29174</coordinates>
</Point>
</Placemark>
<Placemark>
<n>KEYSTONE SCHOOL</n>
<styleUrl>#Closed</styleUrl>
<description><![CDATA[<b><u>Address:</u></b> 119 E CRAIG PL, SAN ANTONIO, TX 78212<br/><b><u>Type:</u></b> Private<br/><b><u>Enrollment:</u></b> 443]]></description>
<Point>
<coordinates>-98.492911,29.45232</coordinates>
</Point>
</Placemark>
<Placemark>
<n>NOBIS PACEM</n>
<styleUrl>#Closed</styleUrl>
<description><![CDATA[<b><u>Address:</u></b> 17595 W BLANCO RD STE 201, SAN ANTONIO, TX 78232<br/><b><u>Type:</u></b> Private<br/><b><u>Enrollment:</u></b> 1420]]></description>
<Point>
<coordinates>-98.508307,29.602304</coordinates>
</Point>
</Placemark>
<Placemark>
<n>PROVIDENCE PREPARATORY SCHOOL</n>
<styleUrl>#Closed</styleUrl>
<description><![CDATA[<b><u>Address:</u></b> 506 N MAIN ST, BELTON, TX 76513<br/><b><u>Type:</u></b> Private<br/><b><u>Enrollment:</u></b> 353]]></description>
<Point>
<coordinates>-97.462411,31.06158</coordinates>
</Point>
</Placemark>
<Placemark>
<n>SHADY OAK CHRISTIAN SCHOOL</n>
<styleUrl>#Closed</styleUrl>
<description><![CDATA[<b><u>Address:</u></b> 503 MAIN ST, RICHMOND, TX 77469<br/><b><u>Type:</u></b> Private<br/><b><u>Enrollment:</u></b> 18]]></description>
<Point>
<coordinates>-95.761351,29.57926</coordinates>
</Point>
</Placemark>
<Placemark>
<n>DISCOVERY SCHOOL OF SAN ANTONIO, INC</n>
<styleUrl>#Closed</styleUrl>
<description><![CDATA[<b><u>Address:</u></b> 222 SALEM DR, SAN ANTONIO, TX 78201<br/><b><u>Type:</u></b> Private<br/><b><u>Enrollment:</u></b> 33]]></description>
<Point>
<coordinates>-98.527221,29.48582</coordinates>
</Point>
</Placemark>
<Placemark>
<n>UNIVERSITY UNITED METHODIST DAY SCHOOL</n>
<styleUrl>#Closed</styleUrl>
<description><![CDATA[<b><u>Address:</u></b> 5084 DE ZAVALA RD, SAN ANTONIO, TX 78249<br/><b><u>Type:</u></b> Private<br/><b><u>Enrollment:</u></b> 36]]></description>
<Point>
<coordinates>-98.584919,29.564715</coordinates>
</Point>
</Placemark>
<Placemark>
<n>GUIDEPOST MONESSORI AT KATY</n>
<styleUrl>#Closed</styleUrl>
<description><![CDATA[<b><u>Address:</u></b> 21418 KINGSLAND BLVD, KATY, TX 77450<br/><b><u>Type:</u></b> Private<br/><b><u>Enrollment:</u></b> 63]]></description>
<Point>
<coordinates>-95.742041,29.77579</coordinates>
</Point>
</Placemark>
<Placemark>
<n>CHRISTIAN HERITAGE SCHOOL</n>
<styleUrl>#Closed</styleUrl>
<description><![CDATA[<b><u>Address:</u></b> 961 COUNTY ROAD 1143, TYLER, TX 75704<br/><b><u>Type:</u></b> Private<br/><b><u>Enrollment:</u></b> 77]]></description>
<Point>
<coordinates>-95.3904203,32.3582042</coordinates>
</Point>
</Placemark>
<Placemark>
<n>ST AUGUSTINE HIGH SCHOOL</n>
<styleUrl>#Closed</styleUrl>
<description><![CDATA[<b><u>Address:</u></b> 1300 GALVESTON ST, LAREDO, TX 78040<br/><b><u>Type:</u></b> Private<br/><b><u>Enrollment:</u></b> 335]]></description>
<Point>
<coordinates>-99.48362,27.51165</coordinates>
</Point>
</Placemark>
<Placemark>
<n>ST PETER THE APOSTLE CATHOLIC CLASSICAL SCHOOL</n>
<styleUrl>#Closed</styleUrl>
<description><![CDATA[<b><u>Address:</u></b> 1201 S CHERRY LN, FORT WORTH, TX 76108<br/><b><u>Type:</u></b> Private<br/><b><u>Enrollment:</u></b> 83]]></description>
<Point>
<coordinates>-97.4512943,32.7472557</coordinates>
</Point>
</Placemark>
<Placemark>
<n>FAITH SCHOOL FOR YOUNG CHILDREN</n>
<styleUrl>#Closed</styleUrl>
<description><![CDATA[<b><u>Address:</u></b> 4600 FM 359 RD, RICHMOND, TX 77406<br/><b><u>Type:</u></b> Private<br/><b><u>Enrollment:</u></b> 8]]></description>
<Point>
<coordinates>-95.782397,29.628648</coordinates>
</Point>
</Placemark>
<Placemark>
<n>JOY PARK MONTESSORI EDUCATION CHILDREN'S HOUSE</n>
<styleUrl>#Closed</styleUrl>
<description><![CDATA[<b><u>Address:</u></b> 8863 ANDERSON MILL RD STE 120, AUSTIN, TX 78729<br/><b><u>Type:</u></b> Private<br/><b><u>Enrollment:</u></b> 2]]></description>
<Point>
<coordinates>-97.772985,30.453741</coordinates>
</Point>
</Placemark>
<Placemark>
<n>MONTESSORI AT THE COURTYARD</n>
<styleUrl>#Closed</styleUrl>
<description><![CDATA[<b><u>Address:</u></b> 2804 CENTRAL DR, BEDFORD, TX 76021<br/><b><u>Type:</u></b> Private<br/><b><u>Enrollment:</u></b> 5]]></description>
<Point>
<coordinates>-97.131519,32.849955</coordinates>
</Point>
</Placemark>
<Placemark>
<n>RESURRECTION LUTHERAN EARLY LEARNING CENTER</n>
<styleUrl>#Closed</styleUrl>
<description><![CDATA[<b><u>Address:</u></b> 1612 MEADOW EDGE LN, SPRING, TX 77388<br/><b><u>Type:</u></b> Private<br/><b><u>Enrollment:</u></b> 5]]></description>
<Point>
<coordinates>-95.438916,30.059514</coordinates>
</Point>
</Placemark>
<Placemark>
<n>BISHOP TK GORMAN CATHOLIC SCHOOL</n>
<styleUrl>#Closed</styleUrl>
<description><![CDATA[<b><u>Address:</u></b> 1405 E SE LOOP 323, TYLER, TX 75701<br/><b><u>Type:</u></b> Private<br/><b><u>Enrollment:</u></b> 219]]></description>
<Point>
<coordinates>-95.2850219,32.3043105</coordinates>
</Point>
</Placemark>
<Placemark>
<n>NORTHSIDE CHRISTIAN ACADEMY</n>
<styleUrl>#Closed</styleUrl>
<description><![CDATA[<b><u>Address:</u></b> 108 E ASH ST, CARTHAGE, TX 75633<br/><b><u>Type:</u></b> Private<br/><b><u>Enrollment:</u></b> 35]]></description>
<Point>
<coordinates>-94.3381081,32.1604284</coordinates>
</Point>
</Placemark>
<Placemark>
<n>FIRST BAPTIST SCHOOL</n>
<styleUrl>#Closed</styleUrl>
<description><![CDATA[<b><u>Address:</u></b> 501 W MUSTANG ST, CALDWELL, TX 77836<br/><b><u>Type:</u></b> Private<br/><b><u>Enrollment:</u></b> 84]]></description>
<Point>
<coordinates>-96.694662,30.528098</coordinates>
</Point>
</Placemark>
<Placemark>
<n>ROUND ROCK CHRISTIAN ACADEMY</n>
<styleUrl>#Closed</styleUrl>
<description><![CDATA[<b><u>Address:</u></b> 800 WESTWOOD DR, ROUND ROCK, TX 78681<br/><b><u>Type:</u></b> Private<br/><b><u>Enrollment:</u></b> 567]]></description>
<Point>
<coordinates>-97.692039,30.508956</coordinates>
</Point>
</Placemark>
<Placemark>
<n>YORKTOWN CHRISTIAN ACADEMY</n>
<styleUrl>#Closed</styleUrl>
<description><![CDATA[<b><u>Address:</u></b> 5025A YORKTOWN BLVD, CORPUS CHRISTI, TX 78413<br/><b><u>Type:</u></b> Private<br/><b><u>Enrollment:</u></b> 181]]></description>
<Point>
<coordinates>-97.406162,27.670717</coordinates>
</Point>
</Placemark>
<Placemark>
<n>WOODWAY CHRISTIAN SCHOOL</n>
<styleUrl>#Closed</styleUrl>
<description><![CDATA[<b><u>Address:</u></b> 13000 WOODWAY DR, WOODWAY, TX 76712<br/><b><u>Type:</u></b> Private<br/><b><u>Enrollment:</u></b> 151]]></description>
<Point>
<coordinates>-97.236171,31.48718</coordinates>
</Point>
</Placemark>
<Placemark>
<n>SHERWOOD FOREST MONTESSORI SCHOOL</n>
<styleUrl>#Closed</styleUrl>
<description><![CDATA[<b><u>Address:</u></b> 1331 SHERWOOD FOREST ST, HOUSTON, TX 77043<br/><b><u>Type:</u></b> Private<br/><b><u>Enrollment:</u></b> 38]]></description>
<Point>
<coordinates>-95.580371,29.7905</coordinates>
</Point>
</Placemark>
<Placemark>
<n>MONTESSORI SCHOOL OF DOWNTOWN</n>
<styleUrl>#Closed</styleUrl>
<description><![CDATA[<b><u>Address:</u></b> 15625 SPACE CENTER BLVD, HOUSTON, TX 77062<br/><b><u>Type:</u></b> Private<br/><b><u>Enrollment:</u></b> 13]]></description>
<Point>
<coordinates>-95.122701,29.57845</coordinates>
</Point>
</Placemark>
<Placemark>
<n>ATASCOCITA MONTESSORI SCHOOL</n>
<styleUrl>#Closed</styleUrl>
<description><![CDATA[<b><u>Address:</u></b> 19120 W LAKE HOUSTON PKWY, HUMBLE, TX 77346<br/><b><u>Type:</u></b> Private<br/><b><u>Enrollment:</u></b> 10]]></description>
<Point>
<coordinates>-95.161161,29.99558</coordinates>
</Point>
</Placemark>
<Placemark>
<n>THE JOHN COOPER SCHOOL</n>
<styleUrl>#Closed</styleUrl>
<description><![CDATA[<b><u>Address:</u></b> 1 JOHN COOPER DR, THE WOODLANDS, TX 77381<br/><b><u>Type:</u></b> Private<br/><b><u>Enrollment:</u></b> 1257]]></description>
<Point>
<coordinates>-95.525778,30.175707</coordinates>
</Point>
</Placemark>
<Placemark>
<n>PRESBYTERIAN SCHOOL</n>
<styleUrl>#Closed</styleUrl>
<description><![CDATA[<b><u>Address:</u></b> 40 OAKDALE ST, HOUSTON, TX 77006<br/><b><u>Type:</u></b> Private<br/><b><u>Enrollment:</u></b> 572]]></description>
<Point>
<coordinates>-95.389637,29.728422</coordinates>
</Point>
</Placemark>
<Placemark>
<n>LIFESTYLE CHRISTIAN SCHOOL</n>
<styleUrl>#Closed</styleUrl>
<description><![CDATA[<b><u>Address:</u></b> 3993 INTERSTATE 45 N, CONROE, TX 77304<br/><b><u>Type:</u></b> Private<br/><b><u>Enrollment:</u></b> 88]]></description>
<Point>
<coordinates>-95.487144,30.36452</coordinates>
</Point>
</Placemark>
<Placemark>
<n>PRIMROSE SCHOOL OF COLLEGE STATION</n>
<styleUrl>#Closed</styleUrl>
<description><![CDATA[<b><u>Address:</u></b> 1021 ARRINGTON RD, COLLEGE STATION, TX 77845<br/><b><u>Type:</u></b> Private<br/><b><u>Enrollment:</u></b> 5]]></description>
<Point>
<coordinates>-96.265711,30.5633</coordinates>
</Point>
</Placemark>
<Placemark>
<n>UR POWERS KIDS</n>
<styleUrl>#Closed</styleUrl>
<description><![CDATA[<b><u>Address:</u></b> 1350 MANUFACTURING ST STE 111, DALLAS, TX 75207<br/><b><u>Type:</u></b> Private<br/><b><u>Enrollment:</u></b> 41]]></description>
<Point>
<coordinates>-96.828151,32.79804</coordinates>
</Point>
</Placemark>
<Placemark>
<n>COVENANT PRESBYTERIAN DAY SCHOOL</n>
<styleUrl>#Closed</styleUrl>
<description><![CDATA[<b><u>Address:</u></b> 220 ROCK PRAIRIE RD, COLLEGE STATION, TX 77845<br/><b><u>Type:</u></b> Private<br/><b><u>Enrollment:</u></b> 14]]></description>
<Point>
<coordinates>-96.308271,30.57275</coordinates>
</Point>
</Placemark>
<Placemark>
<n>LUPINE LANE</n>
<styleUrl>#Closed</styleUrl>
<description><![CDATA[<b><u>Address:</u></b> 15201 CASCADE BLUFF, AUSTIN, TX 78738<br/><b><u>Type:</u></b> Private<br/><b><u>Enrollment:</u></b> 32]]></description>
<Point>
<coordinates>-97.980321,30.31983</coordinates>
</Point>
</Placemark>
<Placemark>
<n>METHODIST CHILDRENS PROGRAM</n>
<styleUrl>#Closed</styleUrl>
<description><![CDATA[<b><u>Address:</u></b> 2314 N GRAND BLVD, PEARLAND, TX 77581<br/><b><u>Type:</u></b> Private<br/><b><u>Enrollment:</u></b> 22]]></description>
<Point>
<coordinates>-95.284671,29.56543</coordinates>
</Point>
</Placemark>
<Placemark>
<n>MONTESSORI SCHOOL OF SUGAR LAND SIENNA</n>
<styleUrl>#Closed</styleUrl>
<description><![CDATA[<b><u>Address:</u></b> 8900 SIENNA RANCH RD, MISSOURI CITY, TX 77459<br/><b><u>Type:</u></b> Private<br/><b><u>Enrollment:</u></b> 7]]></description>
<Point>
<coordinates>-95.535599,29.512909</coordinates>
</Point>
</Placemark>
<Placemark>
<n>SPANISH SCHOOLHOUSE</n>
<styleUrl>#Closed</styleUrl>
<description><![CDATA[<b><u>Address:</u></b> 2944 S MASON RD STE L, KATY, TX 77450<br/><b><u>Type:</u></b> Private<br/><b><u>Enrollment:</u></b> 19]]></description>
<Point>
<coordinates>-95.752471,29.74172</coordinates>
</Point>
</Placemark>
<Placemark>
<n>THE PREP SCHOOL OF BEE CAVE</n>
<styleUrl>#Closed</styleUrl>
<description><![CDATA[<b><u>Address:</u></b> 14001 BEE CAVE PKWY, AUSTIN, TX 78738<br/><b><u>Type:</u></b> Private<br/><b><u>Enrollment:</u></b> 46]]></description>
<Point>
<coordinates>-97.963475,30.311126</coordinates>
</Point>
</Placemark>
<Placemark>
<n>LAKERIDGE LITTLERIDGE PRESCHOOL</n>
<styleUrl>#Closed</styleUrl>
<description><![CDATA[<b><u>Address:</u></b> 4701 82ND ST, LUBBOCK, TX 79424<br/><b><u>Type:</u></b> Private<br/><b><u>Enrollment:</u></b> 25]]></description>
<Point>
<coordinates>-101.9127304,33.5182861</coordinates>
</Point>
</Placemark>
<Placemark>
<n>GRACE SCHOOL</n>
<styleUrl>#Closed</styleUrl>
<description><![CDATA[<b><u>Address:</u></b> 10219 ELLA LEE LN, HOUSTON, TX 77042<br/><b><u>Type:</u></b> Private<br/><b><u>Enrollment:</u></b> 340]]></description>
<Point>
<coordinates>-95.5554812,29.7394095</coordinates>
</Point>
</Placemark>
<Placemark>
<n>ST LOUIS CATHOLIC SCHOOL</n>
<styleUrl>#Closed</styleUrl>
<description><![CDATA[<b><u>Address:</u></b> 607 MADRID ST, CASTROVILLE, TX 78009<br/><b><u>Type:</u></b> Private<br/><b><u>Enrollment:</u></b> 114]]></description>
<Point>
<coordinates>-98.880432,29.356419</coordinates>
</Point>
</Placemark>
<Placemark>
<n>KAUFMAN CHRISTIAN SCHOOL</n>
<styleUrl>#Closed</styleUrl>
<description><![CDATA[<b><u>Address:</u></b> 401 N SHANNON ST, KAUFMAN, TX 75142<br/><b><u>Type:</u></b> Private<br/><b><u>Enrollment:</u></b> 89]]></description>
<Point>
<coordinates>-96.314511,32.59401</coordinates>
</Point>
</Placemark>
<Placemark>
<n>VICTORIA CHRISTIAN SCHOOL</n>
<styleUrl>#Closed</styleUrl>
<description><![CDATA[<b><u>Address:</u></b> 3310 N BEN JORDAN ST, VICTORIA, TX 77901<br/><b><u>Type:</u></b> Private<br/><b><u>Enrollment:</u></b> 79]]></description>
<Point>
<coordinates>-96.983221,28.82266</coordinates>
</Point>
</Placemark>
<Placemark>
<n>CORNERSTONE CHRISTIAN SCHOOLS</n>
<styleUrl>#Closed</styleUrl>
<description><![CDATA[<b><u>Address:</u></b> 17702 NW MILITARY HWY, SAN ANTONIO, TX 78257<br/><b><u>Type:</u></b> Private<br/><b><u>Enrollment:</u></b> 1528]]></description>
<Point>
<coordinates>-98.566944,29.607107</coordinates>
</Point>
</Placemark>
<Placemark>
<n>FIRST PRESBYTERIAN PRESCHOOL</n>
<styleUrl>#Closed</styleUrl>
<description><![CDATA[<b><u>Address:</u></b> 1340 MURCHISON DR, EL PASO, TX 79902<br/><b><u>Type:</u></b> Private<br/><b><u>Enrollment:</u></b> 20]]></description>
<Point>
<coordinates>-106.484981,31.77755</coordinates>
</Point>
</Placemark>
<Placemark>
<n>CONROE ADVENTIST ACADEMY</n>
<styleUrl>#Closed</styleUrl>
<description><![CDATA[<b><u>Address:</u></b> 3601 S LOOP 336 E, CONROE, TX 77301<br/><b><u>Type:</u></b> Private<br/><b><u>Enrollment:</u></b> 70]]></description>
<Point>
<coordinates>-95.404736,30.2988116</coordinates>
</Point>
</Placemark>
<Placemark>
<n>FIRST BAPTIST CHRISTIAN ACADEMY</n>
<styleUrl>#Closed</styleUrl>
<description><![CDATA[<b><u>Address:</u></b> 7500 FAIRMONT PKWY, PASADENA, TX 77505<br/><b><u>Type:</u></b> Private<br/><b><u>Enrollment:</u></b> 482]]></description>
<Point>
<coordinates>-95.124141,29.64854</coordinates>
</Point>
</Placemark>
<Placemark>
<n>CITY SCHOOL OF TEXAS</n>
<styleUrl>#Closed</styleUrl>
<description><![CDATA[<b><u>Address:</u></b> 1844 TERI RD, AUSTIN, TX 78741<br/><b><u>Type:</u></b> Private<br/><b><u>Enrollment:</u></b> 88]]></description>
<Point>
<coordinates>-97.75475,30.204374</coordinates>
</Point>
</Placemark>
<Placemark>
<n>SPELL WELL MONTESSORI SCHOOL</n>
<styleUrl>#Closed</styleUrl>
<description><![CDATA[<b><u>Address:</u></b> 17512 W STRACK DR, SPRING, TX 77379<br/><b><u>Type:</u></b> Private<br/><b><u>Enrollment:</u></b> 62]]></description>
<Point>
<coordinates>-95.485781,30.02718</coordinates>
</Point>
</Placemark>
<Placemark>
<n>GOUDEAU ACCELERATED PREPARATORY ACADEMY</n>
<styleUrl>#Closed</styleUrl>
<description><![CDATA[<b><u>Address:</u></b> 11410 HALL RD, HOUSTON, TX 77089<br/><b><u>Type:</u></b> Private<br/><b><u>Enrollment:</u></b> 25]]></description>
<Point>
<coordinates>-95.228221,29.59586</coordinates>
</Point>
</Placemark>
<Placemark>
<n>OUR LADY OF LOURDES CATHOLIC SCHOOL</n>
<styleUrl>#Closed</styleUrl>
<description><![CDATA[<b><u>Address:</u></b> 10114 HWY 6, HITCHCOCK, TX 77563<br/><b><u>Type:</u></b> Private<br/><b><u>Enrollment:</u></b> 47]]></description>
<Point>
<coordinates>-95.050441,29.36131</coordinates>
</Point>
</Placemark>
<Placemark>
<n>ST PAUL LUTHERAN SCHOOL</n>
<styleUrl>#Closed</styleUrl>
<description><![CDATA[<b><u>Address:</u></b> 1800 W FWY, FORT WORTH, TX 76102<br/><b><u>Type:</u></b> Private<br/><b><u>Enrollment:</u></b> 188]]></description>
<Point>
<coordinates>-97.345481,32.74168</coordinates>
</Point>
</Placemark>
<Placemark>
<n>SCOFIELD CHRISTIAN SCHOOL</n>
<styleUrl>#Closed</styleUrl>
<description><![CDATA[<b><u>Address:</u></b> 7730 ABRAMS RD, DALLAS, TX 75231<br/><b><u>Type:</u></b> Private<br/><b><u>Enrollment:</u></b> 137]]></description>
<Point>
<coordinates>-96.740571,32.88806</coordinates>
</Point>
</Placemark>
<Placemark>
<n>HILL SCHOOL OF FORT WORTH</n>
<styleUrl>#Closed</styleUrl>
<description><![CDATA[<b><u>Address:</u></b> 4817 ODESSA AVE, FORT WORTH, TX 76133<br/><b><u>Type:</u></b> Private<br/><b><u>Enrollment:</u></b> 104]]></description>
<Point>
<coordinates>-97.362193,32.676521</coordinates>
</Point>
</Placemark>
<Placemark>
<n>NOTRE DAME SCHOOL</n>
<styleUrl>#Closed</styleUrl>
<description><![CDATA[<b><u>Address:</u></b> 2018 ALLEN ST, DALLAS, TX 75204<br/><b><u>Type:</u></b> Private<br/><b><u>Enrollment:</u></b> 132]]></description>
<Point>
<coordinates>-96.795151,32.79537</coordinates>
</Point>
</Placemark>
<Placemark>
<n>THE BROOK HILL SCHOOL</n>
<styleUrl>#Closed</styleUrl>
<description><![CDATA[<b><u>Address:</u></b> 1051 N HOUSTON ST, BULLARD, TX 75757<br/><b><u>Type:</u></b> Private<br/><b><u>Enrollment:</u></b> 716]]></description>
<Point>
<coordinates>-95.328541,32.14988</coordinates>
</Point>
</Placemark>
<Placemark>
<n>SIMONTON CHRISTIAN ACADEMY</n>
<styleUrl>#Closed</styleUrl>
<description><![CDATA[<b><u>Address:</u></b> 9703 FM 1489, SIMONTON, TX 77476<br/><b><u>Type:</u></b> Private<br/><b><u>Enrollment:</u></b> 42]]></description>
<Point>
<coordinates>-95.976523,29.674702</coordinates>
</Point>
</Placemark>
<Placemark>
<n>ST PAUL CHRISTIAN SCHOOL</n>
<styleUrl>#Closed</styleUrl>
<description><![CDATA[<b><u>Address:</u></b> 6565 INDEPENDENCE PKWY, PLANO, TX 75023<br/><b><u>Type:</u></b> Private<br/><b><u>Enrollment:</u></b> 4]]></description>
<Point>
<coordinates>-96.751031,33.06445</coordinates>
</Point>
</Placemark>
<Placemark>
<n>VANGUARD PREPARATORY SCHOOL</n>
<styleUrl>#Closed</styleUrl>
<description><![CDATA[<b><u>Address:</u></b> 4240 SIGMA RD, DALLAS, TX 75244<br/><b><u>Type:</u></b> Private<br/><b><u>Enrollment:</u></b> 90]]></description>
<Point>
<coordinates>-96.837257,32.936517</coordinates>
</Point>
</Placemark>
<Placemark>
<n>CASNER CHRISTIAN ACADEMY</n>
<styleUrl>#Closed</styleUrl>
<description><![CDATA[<b><u>Address:</u></b> 3838 STECK AVE, AUSTIN, TX 78759<br/><b><u>Type:</u></b> Private<br/><b><u>Enrollment:</u></b> 16]]></description>
<Point>
<coordinates>-97.7497005,30.3734789</coordinates>
</Point>
</Placemark>
<Placemark>
<n>LUCAS CHRISTIAN ACADEMY</n>
<styleUrl>#Closed</styleUrl>
<description><![CDATA[<b><u>Address:</u></b> 505 W LUCAS RD, LUCAS, TX 75002<br/><b><u>Type:</u></b> Private<br/><b><u>Enrollment:</u></b> 375]]></description>
<Point>
<coordinates>-96.583111,33.08341</coordinates>
</Point>
</Placemark>
<Placemark>
<n>HAWTHORNE MONTESSORI SCHOOL</n>
<styleUrl>#Closed</styleUrl>
<description><![CDATA[<b><u>Address:</u></b> 1414 KRAMER LN, AUSTIN, TX 78758<br/><b><u>Type:</u></b> Private<br/><b><u>Enrollment:</u></b> 6]]></description>
<Point>
<coordinates>-97.698691,30.38344</coordinates>
</Point>
</Placemark>
<Placemark>
<n>VICTORY BAPTIST ACADEMY</n>
<styleUrl>#Closed</styleUrl>
<description><![CDATA[<b><u>Address:</u></b> 1311 E BANKHEAD DR, WEATHERFORD, TX 76086<br/><b><u>Type:</u></b> Private<br/><b><u>Enrollment:</u></b> 193]]></description>
<Point>
<coordinates>-97.772421,32.75603</coordinates>
</Point>
</Placemark>
<Placemark>
<n>BONNE VIE SCHOOL</n>
<styleUrl>#Closed</styleUrl>
<description><![CDATA[<b><u>Address:</u></b> 4711 INGERSOLL ST, HOUSTON, TX 77027<br/><b><u>Type:</u></b> Private<br/><b><u>Enrollment:</u></b> 3]]></description>
<Point>
<coordinates>-95.456391,29.73151</coordinates>
</Point>
</Placemark>
<Placemark>
<n>ISLAMIC FAITH ACADEMY</n>
<styleUrl>#Closed</styleUrl>
<description><![CDATA[<b><u>Address:</u></b> 10645 HWY 64 E, TYLER, TX 75707<br/><b><u>Type:</u></b> Private<br/><b><u>Enrollment:</u></b> 30]]></description>
<Point>
<coordinates>-95.235207,32.330096</coordinates>
</Point>
</Placemark>
<Placemark>
<n>PRIMROSE SCHOOL OF SHADY HOLLOW</n>
<styleUrl>#Closed</styleUrl>
<description><![CDATA[<b><u>Address:</u></b> 12341 BRODIE LN, AUSTIN, TX 78748<br/><b><u>Type:</u></b> Private<br/><b><u>Enrollment:</u></b> 24]]></description>
<Point>
<coordinates>-97.854381,30.1491</coordinates>
</Point>
</Placemark>
<Placemark>
<n>ELIM CHRISTIAN SCHOOL</n>
<styleUrl>#Closed</styleUrl>
<description><![CDATA[<b><u>Address:</u></b> 5151 ADDICKS SATSUMA RD, HOUSTON, TX 77084<br/><b><u>Type:</u></b> Private<br/><b><u>Enrollment:</u></b> 11]]></description>
<Point>
<coordinates>-95.640564,29.852896</coordinates>
</Point>
</Placemark>
<Placemark>
<n>THE VINE SCHOOL</n>
<styleUrl>#Closed</styleUrl>
<description><![CDATA[<b><u>Address:</u></b> 603 E MESQUITE, VICTORIA, TX 77901<br/><b><u>Type:</u></b> Private<br/><b><u>Enrollment:</u></b> 50]]></description>
<Point>
<coordinates>-96.999419,28.823949</coordinates>
</Point>
</Placemark>
<Placemark>
<n>WESLEY PREP</n>
<styleUrl>#Closed</styleUrl>
<description><![CDATA[<b><u>Address:</u></b> 9200 INWOOD RD, DALLAS, TX 75220<br/><b><u>Type:</u></b> Private<br/><b><u>Enrollment:</u></b> 243]]></description>
<Point>
<coordinates>-96.821423,32.867166</coordinates>
</Point>
</Placemark>
<Placemark>
<n>KIDS R KIDS SUGAR LAND #25 TX</n>
<styleUrl>#Closed</styleUrl>
<description><![CDATA[<b><u>Address:</u></b> 11118 S HWY 6, SUGAR LAND, TX 77498<br/><b><u>Type:</u></b> Private<br/><b><u>Enrollment:</u></b> 6]]></description>
<Point>
<coordinates>-95.6514923,29.6536892</coordinates>
</Point>
</Placemark>
<Placemark>
<n>RADIANT STEM ACADEMY</n>
<styleUrl>#Closed</styleUrl>
<description><![CDATA[<b><u>Address:</u></b> 2001 W WALNUT HILL LN, IRVING, TX 75038<br/><b><u>Type:</u></b> Private<br/><b><u>Enrollment:</u></b> 242]]></description>
<Point>
<coordinates>-96.972161,32.8695</coordinates>
</Point>
</Placemark>



    
  </Document>
</kml>
