{
  "type": "FeatureCollection",
  "features": [
    {
      "type": "Feature",
      "geometry": {
        "type": "Point",
        "coordinates": [
          -96.779486,
          29.707484
        ]
      },
      "properties": {
        "description": "<b><u>Address:</u></b> 103 E N ST, WEIMAR, TX 78962<br/><b><u>Type:</u></b> Private<br/><b><u>Enrollment:</u></b> 75",
        "styleUrl": "#Open"
      }
    },
    {
      "type": "Feature",
      "geometry": {
        "type": "Point",
        "coordinates": [
          -96.364821,
          30.66383
        ]
      },
      "properties": {
        "description": "<b><u>Address:</u></b> 600 S COULTER DR, BRYAN, TX 77803<br/><b><u>Type:</u></b> Private<br/><b><u>Enrollment:</u></b> 299",
        "styleUrl": "#Open"
      }
    },
    {
      "type": "Feature",
      "geometry": {
        "type": "Point",
        "coordinates": [
          -97.674741,
          27.788961
        ]
      },
      "properties": {
        "description": "<b><u>Address:</u></b> 203 DUNNE AVE, ROBSTOWN, TX 78380<br/><b><u>Type:</u></b> Private<br/><b><u>Enrollment:</u></b> 107",
        "styleUrl": "#Open"
      }
    },
    {
      "type": "Feature",
      "geometry": {
        "type": "Point",
        "coordinates": [
          -98.070601,
          27.75563
        ]
      },
      "properties": {
        "description": "<b><u>Address:</u></b> 615 E 5TH ST, ALICE, TX 78332<br/><b><u>Type:</u></b> Private<br/><b><u>Enrollment:</u></b> 118",
        "styleUrl": "#Open"
      }
    },
    {
      "type": "Feature",
      "geometry": {
        "type": "Point",
        "coordinates": [
          -96.680141,
          32.7701
        ]
      },
      "properties": {
        "description": "<b><u>Address:</u></b> 8151 MILITARY PKWY, DALLAS, TX 75227<br/><b><u>Type:</u></b> Private<br/><b><u>Enrollment:</u></b> 276",
        "styleUrl": "#Open"
      }
    },
    {
      "type": "Feature",
      "geometry": {
        "type": "Point",
        "coordinates": [
          -97.147725,
          33.633186
        ]
      },
      "properties": {
        "description": "<b><u>Address:</u></b> 931 N WEAVER ST, GAINESVILLE, TX 76240<br/><b><u>Type:</u></b> Private<br/><b><u>Enrollment:</u></b> 99",
        "styleUrl": "#Open"
      }
    },
    {
      "type": "Feature",
      "geometry": {
        "type": "Point",
        "coordinates": [
          -96.940081,
          29.44233
        ]
      },
      "properties": {
        "description": "<b><u>Address:</u></b> 313 S TEXANA ST, HALLETTSVILLE, TX 77964<br/><b><u>Type:</u></b> Private<br/><b><u>Enrollment:</u></b> 248",
        "styleUrl": "#Open"
      }
    },
    {
      "type": "Feature",
      "geometry": {
        "type": "Point",
        "coordinates": [
          -97.116101,
          32.68553
        ]
      },
      "properties": {
        "description": "<b><u>Address:</u></b> 711 W ARBROOK BLVD, ARLINGTON, TX 76015<br/><b><u>Type:</u></b> Private<br/><b><u>Enrollment:</u></b> 120",
        "styleUrl": "#Open"
      }
    },
    {
      "type": "Feature",
      "geometry": {
        "type": "Point",
        "coordinates": [
          -97.102961,
          32.893953
        ]
      },
      "properties": {
        "description": "<b><u>Address:</u></b> 2300 HALL JOHNSON RD, GRAPEVINE, TX 76051<br/><b><u>Type:</u></b> Private<br/><b><u>Enrollment:</u></b> 12",
        "styleUrl": "#Open"
      }
    },
    {
      "type": "Feature",
      "geometry": {
        "type": "Point",
        "coordinates": [
          -97.184641,
          32.89023
        ]
      },
      "properties": {
        "description": "<b><u>Address:</u></b> 7900 PRECINCT LINE RD, COLLEYVILLE, TX 76034<br/><b><u>Type:</u></b> Private<br/><b><u>Enrollment:</u></b> 14",
        "styleUrl": "#Open"
      }
    },
    {
      "type": "Feature",
      "geometry": {
        "type": "Point",
        "coordinates": [
          -94.788691,
          30.06229
        ]
      },
      "properties": {
        "description": "<b><u>Address:</u></b> 617 TEXAS, LIBERTY, TX 77575<br/><b><u>Type:</u></b> Private<br/><b><u>Enrollment:</u></b> 22",
        "styleUrl": "#Open"
      }
    },
    {
      "type": "Feature",
      "geometry": {
        "type": "Point",
        "coordinates": [
          -101.471794,
          32.245966
        ]
      },
      "properties": {
        "description": "<b><u>Address:</u></b> 102 E 10TH ST, BIG SPRING, TX 79720<br/><b><u>Type:</u></b> Private<br/><b><u>Enrollment:</u></b> 66",
        "styleUrl": "#Open"
      }
    },
    {
      "type": "Feature",
      "geometry": {
        "type": "Point",
        "coordinates": [
          -95.626341,
          29.7043
        ]
      },
      "properties": {
        "description": "<b><u>Address:</u></b> 13618 BELLAIRE BLVD E3, HOUSTON, TX 77083<br/><b><u>Type:</u></b> Private<br/><b><u>Enrollment:</u></b> 74",
        "styleUrl": "#Open"
      }
    },
    {
      "type": "Feature",
      "geometry": {
        "type": "Point",
        "coordinates": [
          -95.60672,
          30.104816
        ]
      },
      "properties": {
        "description": "<b><u>Address:</u></b> 715 CARRELL ST, TOMBALL, TX 77375<br/><b><u>Type:</u></b> Private<br/><b><u>Enrollment:</u></b> 93",
        "styleUrl": "#Open"
      }
    },
    {
      "type": "Feature",
      "geometry": {
        "type": "Point",
        "coordinates": [
          -96.818771,
          32.86512
        ]
      },
      "properties": {
        "description": "<b><u>Address:</u></b> 5414 W NW HWY, DALLAS, TX 75220<br/><b><u>Type:</u></b> Private<br/><b><u>Enrollment:</u></b> 13",
        "styleUrl": "#Open"
      }
    },
    {
      "type": "Feature",
      "geometry": {
        "type": "Point",
        "coordinates": [
          -98.575571,
          29.51649
        ]
      },
      "properties": {
        "description": "<b><u>Address:</u></b> 8222 WURZBACH, SAN ANTONIO, TX 78229<br/><b><u>Type:</u></b> Private<br/><b><u>Enrollment:</u></b> 5",
        "styleUrl": "#Open"
      }
    },
    {
      "type": "Feature",
      "geometry": {
        "type": "Point",
        "coordinates": [
          -96.758881,
          32.98065
        ]
      },
      "properties": {
        "description": "<b><u>Address:</u></b> 1100 JONSSON BLVD, RICHARDSON, TX 75080<br/><b><u>Type:</u></b> Private<br/><b><u>Enrollment:</u></b> 4",
        "styleUrl": "#Open"
      }
    },
    {
      "type": "Feature",
      "geometry": {
        "type": "Point",
        "coordinates": [
          -97.167165,
          32.852537
        ]
      },
      "properties": {
        "description": "<b><u>Address:</u></b> 209 HARWOOD RD STE B, BEDFORD, TX 76021<br/><b><u>Type:</u></b> Private<br/><b><u>Enrollment:</u></b> 42",
        "styleUrl": "#Open"
      }
    },
    {
      "type": "Feature",
      "geometry": {
        "type": "Point",
        "coordinates": [
          -98.734051,
          29.79665
        ]
      },
      "properties": {
        "description": "<b><u>Address:</u></b> 410 N MAIN ST, BOERNE, TX 78006<br/><b><u>Type:</u></b> Private<br/><b><u>Enrollment:</u></b> 23",
        "styleUrl": "#Open"
      }
    },
    {
      "type": "Feature",
      "geometry": {
        "type": "Point",
        "coordinates": [
          -97.318151,
          30.12315
        ]
      },
      "properties": {
        "description": "<b><u>Address:</u></b> 2000 PECAN ST, BASTROP, TX 78602<br/><b><u>Type:</u></b> Private<br/><b><u>Enrollment:</u></b> 3",
        "styleUrl": "#Open"
      }
    },
    {
      "type": "Feature",
      "geometry": {
        "type": "Point",
        "coordinates": [
          -96.649993,
          33.17137
        ]
      },
      "properties": {
        "description": "<b><u>Address:</u></b> 2570 ELDORADO PKWY #120, MCKINNEY, TX 75070<br/><b><u>Type:</u></b> Private<br/><b><u>Enrollment:</u></b> 26",
        "styleUrl": "#Open"
      }
    },
    {
      "type": "Feature",
      "geometry": {
        "type": "Point",
        "coordinates": [
          -101.926372,
          33.518769
        ]
      },
      "properties": {
        "description": "<b><u>Address:</u></b> 5301 82ND ST, LUBBOCK, TX 79424<br/><b><u>Type:</u></b> Private<br/><b><u>Enrollment:</u></b> 17",
        "styleUrl": "#Open"
      }
    },
    {
      "type": "Feature",
      "geometry": {
        "type": "Point",
        "coordinates": [
          -98.430408,
          29.491499
        ]
      },
      "properties": {
        "description": "<b><u>Address:</u></b> 3427 NE PKWY, SAN ANTONIO, TX 78218<br/><b><u>Type:</u></b> Private<br/><b><u>Enrollment:</u></b> 27",
        "styleUrl": "#Open"
      }
    },
    {
      "type": "Feature",
      "geometry": {
        "type": "Point",
        "coordinates": [
          -96.836301,
          32.40661
        ]
      },
      "properties": {
        "description": "<b><u>Address:</u></b> 1109 BROWN ST, WAXAHACHIE, TX 75165<br/><b><u>Type:</u></b> Private<br/><b><u>Enrollment:</u></b> 63",
        "styleUrl": "#Open"
      }
    },
    {
      "type": "Feature",
      "geometry": {
        "type": "Point",
        "coordinates": [
          -97.360511,
          31.08778
        ]
      },
      "properties": {
        "description": "<b><u>Address:</u></b> 1302 S 27TH ST, TEMPLE, TX 76504<br/><b><u>Type:</u></b> Private<br/><b><u>Enrollment:</u></b> 34",
        "styleUrl": "#Open"
      }
    },
    {
      "type": "Feature",
      "geometry": {
        "type": "Point",
        "coordinates": [
          -95.845697,
          29.727237
        ]
      },
      "properties": {
        "description": "<b><u>Address:</u></b> 4515 FM 1463 RD, KATY, TX 77494<br/><b><u>Type:</u></b> Private<br/><b><u>Enrollment:</u></b> 12",
        "styleUrl": "#Open"
      }
    },
    {
      "type": "Feature",
      "geometry": {
        "type": "Point",
        "coordinates": [
          -97.853383,
          32.743519
        ]
      },
      "properties": {
        "description": "<b><u>Address:</u></b> 2300 RANGER HWY, WEATHERFORD, TX 76088<br/><b><u>Type:</u></b> Private<br/><b><u>Enrollment:</u></b> 339",
        "styleUrl": "#Open"
      }
    },
    {
      "type": "Feature",
      "geometry": {
        "type": "Point",
        "coordinates": [
          -95.013168,
          29.397988
        ]
      },
      "properties": {
        "description": "<b><u>Address:</u></b> 9111 EMMETT F LOWRY EXPY, TEXAS CITY, TX 77591<br/><b><u>Type:</u></b> Private<br/><b><u>Enrollment:</u></b> 11",
        "styleUrl": "#Open"
      }
    },
    {
      "type": "Feature",
      "geometry": {
        "type": "Point",
        "coordinates": [
          -95.624601,
          29.74373
        ]
      },
      "properties": {
        "description": "<b><u>Address:</u></b> 2150 ELDRIDGE PKWY, HOUSTON, TX 77077<br/><b><u>Type:</u></b> Private<br/><b><u>Enrollment:</u></b> 26",
        "styleUrl": "#Open"
      }
    },
    {
      "type": "Feature",
      "geometry": {
        "type": "Point",
        "coordinates": [
          -98.147771,
          29.70053
        ]
      },
      "properties": {
        "description": "<b><u>Address:</u></b> 1001 MISSION DR, NEW BRAUNFELS, TX 78130<br/><b><u>Type:</u></b> Private<br/><b><u>Enrollment:</u></b> 12",
        "styleUrl": "#Open"
      }
    },
    {
      "type": "Feature",
      "geometry": {
        "type": "Point",
        "coordinates": [
          -98.096693,
          29.729644
        ]
      },
      "properties": {
        "description": "<b><u>Address:</u></b> 2171 E COMMON ST, NEW BRAUNFELS, TX 78130<br/><b><u>Type:</u></b> Private<br/><b><u>Enrollment:</u></b> 181",
        "styleUrl": "#Open"
      }
    },
    {
      "type": "Feature",
      "geometry": {
        "type": "Point",
        "coordinates": [
          -98.502109,
          29.507806
        ]
      },
      "properties": {
        "description": "<b><u>Address:</u></b> 619 MOUNT SACRED HEART RD, SAN ANTONIO, TX 78216<br/><b><u>Type:</u></b> Private<br/><b><u>Enrollment:</u></b> 151",
        "styleUrl": "#Open"
      }
    },
    {
      "type": "Feature",
      "geometry": {
        "type": "Point",
        "coordinates": [
          -97.144252,
          29.290624
        ]
      },
      "properties": {
        "description": "<b><u>Address:</u></b> 310 ORTH ST, YOAKUM, TX 77995<br/><b><u>Type:</u></b> Private<br/><b><u>Enrollment:</u></b> 79",
        "styleUrl": "#Open"
      }
    },
    {
      "type": "Feature",
      "geometry": {
        "type": "Point",
        "coordinates": [
          -96.542534,
          29.70072
        ]
      },
      "properties": {
        "description": "<b><u>Address:</u></b> 635 BONHAM ST, COLUMBUS, TX 78934<br/><b><u>Type:</u></b> Private<br/><b><u>Enrollment:</u></b> 156",
        "styleUrl": "#Open"
      }
    },
    {
      "type": "Feature",
      "geometry": {
        "type": "Point",
        "coordinates": [
          -97.500359,
          25.918121
        ]
      },
      "properties": {
        "description": "<b><u>Address:</u></b> 101 SAINT JOSEPH DR, BROWNSVILLE, TX 78520<br/><b><u>Type:</u></b> Private<br/><b><u>Enrollment:</u></b> 401",
        "styleUrl": "#Open"
      }
    },
    {
      "type": "Feature",
      "geometry": {
        "type": "Point",
        "coordinates": [
          -96.665751,
          32.83411
        ]
      },
      "properties": {
        "description": "<b><u>Address:</u></b> 3030 GUS THOMASSON RD, DALLAS, TX 75228<br/><b><u>Type:</u></b> Private<br/><b><u>Enrollment:</u></b> 157",
        "styleUrl": "#Open"
      }
    },
    {
      "type": "Feature",
      "geometry": {
        "type": "Point",
        "coordinates": [
          -96.839861,
          32.8793
        ]
      },
      "properties": {
        "description": "<b><u>Address:</u></b> 4140 WALNUT HILL LN, DALLAS, TX 75229<br/><b><u>Type:</u></b> Private<br/><b><u>Enrollment:</u></b> 688",
        "styleUrl": "#Open"
      }
    },
    {
      "type": "Feature",
      "geometry": {
        "type": "Point",
        "coordinates": [
          -95.344441,
          29.75918
        ]
      },
      "properties": {
        "description": "<b><u>Address:</u></b> 2405 NAVIGATION BLVD, HOUSTON, TX 77003<br/><b><u>Type:</u></b> Private<br/><b><u>Enrollment:</u></b> 183",
        "styleUrl": "#Open"
      }
    },
    {
      "type": "Feature",
      "geometry": {
        "type": "Point",
        "coordinates": [
          -95.477371,
          29.704291
        ]
      },
      "properties": {
        "description": "<b><u>Address:</u></b> 6920 CHIMNEY ROCK RD, HOUSTON, TX 77081<br/><b><u>Type:</u></b> Private<br/><b><u>Enrollment:</u></b> 128",
        "styleUrl": "#Open"
      }
    },
    {
      "type": "Feature",
      "geometry": {
        "type": "Point",
        "coordinates": [
          -95.462711,
          29.82829
        ]
      },
      "properties": {
        "description": "<b><u>Address:</u></b> 4213 MANGUM RD, HOUSTON, TX 77092<br/><b><u>Type:</u></b> Private<br/><b><u>Enrollment:</u></b> 206",
        "styleUrl": "#Open"
      }
    },
    {
      "type": "Feature",
      "geometry": {
        "type": "Point",
        "coordinates": [
          -97.66579,
          26.226684
        ]
      },
      "properties": {
        "description": "<b><u>Address:</u></b> 320 IWO JIMA BLVD, HARLINGEN, TX 78550<br/><b><u>Type:</u></b> Private<br/><b><u>Enrollment:</u></b> 225",
        "styleUrl": "#Open"
      }
    },
    {
      "type": "Feature",
      "geometry": {
        "type": "Point",
        "coordinates": [
          -96.935271,
          30.1852
        ]
      },
      "properties": {
        "description": "<b><u>Address:</u></b> 382 N GRIMES ST, GIDDINGS, TX 78942<br/><b><u>Type:</u></b> Private<br/><b><u>Enrollment:</u></b> 137",
        "styleUrl": "#Open"
      }
    },
    {
      "type": "Feature",
      "geometry": {
        "type": "Point",
        "coordinates": [
          -96.315691,
          30.6715
        ]
      },
      "properties": {
        "description": "<b><u>Address:</u></b> 3201 BOONVILLE RD, BRYAN, TX 77802<br/><b><u>Type:</u></b> Private<br/><b><u>Enrollment:</u></b> 275",
        "styleUrl": "#Open"
      }
    },
    {
      "type": "Feature",
      "geometry": {
        "type": "Point",
        "coordinates": [
          -97.208636,
          32.778701
        ]
      },
      "properties": {
        "description": "<b><u>Address:</u></b> 6824 RANDOL MILL RD, FORT WORTH, TX 76120<br/><b><u>Type:</u></b> Private<br/><b><u>Enrollment:</u></b> 338",
        "styleUrl": "#Open"
      }
    },
    {
      "type": "Feature",
      "geometry": {
        "type": "Point",
        "coordinates": [
          -95.021961,
          29.81972
        ]
      },
      "properties": {
        "description": "<b><u>Address:</u></b> 2615 E WALLISVILLE RD, HIGHLANDS, TX 77562<br/><b><u>Type:</u></b> Private<br/><b><u>Enrollment:</u></b> 146",
        "styleUrl": "#Open"
      }
    },
    {
      "type": "Feature",
      "geometry": {
        "type": "Point",
        "coordinates": [
          -95.445511,
          30.018736
        ]
      },
      "properties": {
        "description": "<b><u>Address:</u></b> 17123 RED OAK DR, HOUSTON, TX 77090<br/><b><u>Type:</u></b> Private<br/><b><u>Enrollment:</u></b> 71",
        "styleUrl": "#Open"
      }
    },
    {
      "type": "Feature",
      "geometry": {
        "type": "Point",
        "coordinates": [
          -97.427731,
          32.8826
        ]
      },
      "properties": {
        "description": "<b><u>Address:</u></b> 7050 LAKE COUNTRY DR, FORT WORTH, TX 76179<br/><b><u>Type:</u></b> Private<br/><b><u>Enrollment:</u></b> 437",
        "styleUrl": "#Open"
      }
    },
    {
      "type": "Feature",
      "geometry": {
        "type": "Point",
        "coordinates": [
          -97.406361,
          32.69217
        ]
      },
      "properties": {
        "description": "<b><u>Address:</u></b> 4200 COUNTRY DAY LN, FORT WORTH, TX 76109<br/><b><u>Type:</u></b> Private<br/><b><u>Enrollment:</u></b> 1097",
        "styleUrl": "#Open"
      }
    },
    {
      "type": "Feature",
      "geometry": {
        "type": "Point",
        "coordinates": [
          -96.824711,
          32.90773
        ]
      },
      "properties": {
        "description": "<b><u>Address:</u></b> 11600 WELCH RD, DALLAS, TX 75229<br/><b><u>Type:</u></b> Private<br/><b><u>Enrollment:</u></b> 1079",
        "styleUrl": "#Open"
      }
    },
    {
      "type": "Feature",
      "geometry": {
        "type": "Point",
        "coordinates": [
          -97.360511,
          31.08778
        ]
      },
      "properties": {
        "description": "<b><u>Address:</u></b> 1302 S 27TH ST, TEMPLE, TX 76504<br/><b><u>Type:</u></b> Private<br/><b><u>Enrollment:</u></b> 23",
        "styleUrl": "#Open"
      }
    },
    {
      "type": "Feature",
      "geometry": {
        "type": "Point",
        "coordinates": [
          -94.129716,
          30.101171
        ]
      },
      "properties": {
        "description": "<b><u>Address:</u></b> 2510 N 11TH ST C, BEAUMONT, TX 77703<br/><b><u>Type:</u></b> Private<br/><b><u>Enrollment:</u></b> 2",
        "styleUrl": "#Open"
      }
    },
    {
      "type": "Feature",
      "geometry": {
        "type": "Point",
        "coordinates": [
          -96.670679,
          32.535031
        ]
      },
      "properties": {
        "description": "<b><u>Address:</u></b> 425 W 6TH ST, FERRIS, TX 75125<br/><b><u>Type:</u></b> Private<br/><b><u>Enrollment:</u></b> 25",
        "styleUrl": "#Open"
      }
    },
    {
      "type": "Feature",
      "geometry": {
        "type": "Point",
        "coordinates": [
          -95.36677,
          29.551358
        ]
      },
      "properties": {
        "description": "<b><u>Address:</u></b> 2525 COUNTY ROAD 90, PEARLAND, TX 77584<br/><b><u>Type:</u></b> Private<br/><b><u>Enrollment:</u></b> 32",
        "styleUrl": "#Open"
      }
    },
    {
      "type": "Feature",
      "geometry": {
        "type": "Point",
        "coordinates": [
          -95.73086,
          29.760856
        ]
      },
      "properties": {
        "description": "<b><u>Address:</u></b> 20910 HIGHLAND KNOLLS DR, KATY, TX 77450<br/><b><u>Type:</u></b> Private<br/><b><u>Enrollment:</u></b> 271",
        "styleUrl": "#Open"
      }
    },
    {
      "type": "Feature",
      "geometry": {
        "type": "Point",
        "coordinates": [
          -95.107471,
          29.48655
        ]
      },
      "properties": {
        "description": "<b><u>Address:</u></b> 1601 W LEAGUE CITY PKWY, LEAGUE CITY, TX 77573<br/><b><u>Type:</u></b> Private<br/><b><u>Enrollment:</u></b> 7",
        "styleUrl": "#Open"
      }
    },
    {
      "type": "Feature",
      "geometry": {
        "type": "Point",
        "coordinates": [
          -97.187704,
          32.921077
        ]
      },
      "properties": {
        "description": "<b><u>Address:</u></b> 8811 DAVIS BLVD, KELLER, TX 76248<br/><b><u>Type:</u></b> Private<br/><b><u>Enrollment:</u></b> 13",
        "styleUrl": "#Open"
      }
    },
    {
      "type": "Feature",
      "geometry": {
        "type": "Point",
        "coordinates": [
          -96.269143,
          29.191648
        ]
      },
      "properties": {
        "description": "<b><u>Address:</u></b> 304 OSCAR ST, EL CAMPO, TX 77437<br/><b><u>Type:</u></b> Private<br/><b><u>Enrollment:</u></b> 30",
        "styleUrl": "#Open"
      }
    },
    {
      "type": "Feature",
      "geometry": {
        "type": "Point",
        "coordinates": [
          -97.035484,
          33.021444
        ]
      },
      "properties": {
        "description": "<b><u>Address:</u></b> 1471 W CORPORATE DR, LEWISVILLE, TX 75067<br/><b><u>Type:</u></b> Private<br/><b><u>Enrollment:</u></b> 25",
        "styleUrl": "#Open"
      }
    },
    {
      "type": "Feature",
      "geometry": {
        "type": "Point",
        "coordinates": [
          -95.468329,
          30.172659
        ]
      },
      "properties": {
        "description": "<b><u>Address:</u></b> 1720 HUGHES LANDING BLVD, SPRING, TX 77380<br/><b><u>Type:</u></b> Private<br/><b><u>Enrollment:</u></b> 8",
        "styleUrl": "#Open"
      }
    },
    {
      "type": "Feature",
      "geometry": {
        "type": "Point",
        "coordinates": [
          -96.699492,
          33.099048
        ]
      },
      "properties": {
        "description": "<b><u>Address:</u></b> 110 S ALMA DR, ALLEN, TX 75013<br/><b><u>Type:</u></b> Private<br/><b><u>Enrollment:</u></b> 15",
        "styleUrl": "#Open"
      }
    },
    {
      "type": "Feature",
      "geometry": {
        "type": "Point",
        "coordinates": [
          -94.731812,
          31.3524
        ]
      },
      "properties": {
        "description": "<b><u>Address:</u></b> 1204 CAIN ST, LUFKIN, TX 75904<br/><b><u>Type:</u></b> Private<br/><b><u>Enrollment:</u></b> 22",
        "styleUrl": "#Open"
      }
    },
    {
      "type": "Feature",
      "geometry": {
        "type": "Point",
        "coordinates": [
          -95.720754,
          29.540876
        ]
      },
      "properties": {
        "description": "<b><u>Address:</u></b> 5419 FM 762, RICHMOND, TX 77469<br/><b><u>Type:</u></b> Private<br/><b><u>Enrollment:</u></b> 44",
        "styleUrl": "#Open"
      }
    },
    {
      "type": "Feature",
      "geometry": {
        "type": "Point",
        "coordinates": [
          -97.462308,
          31.0622
        ]
      },
      "properties": {
        "description": "<b><u>Address:</u></b> 506 N MAIN ST, BELTON, TX 76513<br/><b><u>Type:</u></b> Private<br/><b><u>Enrollment:</u></b> 351",
        "styleUrl": "#Open"
      }
    },
    {
      "type": "Feature",
      "geometry": {
        "type": "Point",
        "coordinates": [
          -95.572231,
          29.8126
        ]
      },
      "properties": {
        "description": "<b><u>Address:</u></b> 11001 HAMMERLY BLVD, HOUSTON, TX 77043<br/><b><u>Type:</u></b> Private<br/><b><u>Enrollment:</u></b> 88",
        "styleUrl": "#Open"
      }
    },
    {
      "type": "Feature",
      "geometry": {
        "type": "Point",
        "coordinates": [
          -101.74221,
          34.174649
        ]
      },
      "properties": {
        "description": "<b><u>Address:</u></b> 310 S ENNIS ST, PLAINVIEW, TX 79072<br/><b><u>Type:</u></b> Private<br/><b><u>Enrollment:</u></b> 87",
        "styleUrl": "#Open"
      }
    },
    {
      "type": "Feature",
      "geometry": {
        "type": "Point",
        "coordinates": [
          -97.335421,
          32.58016
        ]
      },
      "properties": {
        "description": "<b><u>Address:</u></b> 2001 E MAIN ST, CROWLEY, TX 76036<br/><b><u>Type:</u></b> Private<br/><b><u>Enrollment:</u></b> 222",
        "styleUrl": "#Open"
      }
    },
    {
      "type": "Feature",
      "geometry": {
        "type": "Point",
        "coordinates": [
          -98.318591,
          29.59392
        ]
      },
      "properties": {
        "description": "<b><u>Address:</u></b> 16765 LOOKOUT RD, SELMA, TX 78154<br/><b><u>Type:</u></b> Private<br/><b><u>Enrollment:</u></b> 143",
        "styleUrl": "#Open"
      }
    },
    {
      "type": "Feature",
      "geometry": {
        "type": "Point",
        "coordinates": [
          -96.799911,
          32.84472
        ]
      },
      "properties": {
        "description": "<b><u>Address:</u></b> 3821 UNIVERSITY BLVD, DALLAS, TX 75205<br/><b><u>Type:</u></b> Private<br/><b><u>Enrollment:</u></b> 37",
        "styleUrl": "#Open"
      }
    },
    {
      "type": "Feature",
      "geometry": {
        "type": "Point",
        "coordinates": [
          -98.267201,
          32.18906
        ]
      },
      "properties": {
        "description": "<b><u>Address:</u></b> 1120 COUNTY ROAD 351, STEPHENVILLE, TX 76401<br/><b><u>Type:</u></b> Private<br/><b><u>Enrollment:</u></b> 36",
        "styleUrl": "#Open"
      }
    },
    {
      "type": "Feature",
      "geometry": {
        "type": "Point",
        "coordinates": [
          -98.898871,
          30.26195
        ]
      },
      "properties": {
        "description": "<b><u>Address:</u></b> 310 SMOKEHOUSE RD, FREDERICKSBURG, TX 78624<br/><b><u>Type:</u></b> Private<br/><b><u>Enrollment:</u></b> 151",
        "styleUrl": "#Open"
      }
    },
    {
      "type": "Feature",
      "geometry": {
        "type": "Point",
        "coordinates": [
          -97.250085,
          32.936553
        ]
      },
      "properties": {
        "description": "<b><u>Address:</u></b> 225 KELLER PKWY, KELLER, TX 76248<br/><b><u>Type:</u></b> Private<br/><b><u>Enrollment:</u></b> 237",
        "styleUrl": "#Open"
      }
    },
    {
      "type": "Feature",
      "geometry": {
        "type": "Point",
        "coordinates": [
          -96.627072,
          28.611404
        ]
      },
      "properties": {
        "description": "<b><u>Address:</u></b> 301 S SAN ANTONIO ST, PORT LAVACA, TX 77979<br/><b><u>Type:</u></b> Private<br/><b><u>Enrollment:</u></b> 109",
        "styleUrl": "#Open"
      }
    },
    {
      "type": "Feature",
      "geometry": {
        "type": "Point",
        "coordinates": [
          -97.759801,
          30.33451
        ]
      },
      "properties": {
        "description": "<b><u>Address:</u></b> 5206 BALCONES DR, AUSTIN, TX 78731<br/><b><u>Type:</u></b> Private<br/><b><u>Enrollment:</u></b> 170",
        "styleUrl": "#Open"
      }
    },
    {
      "type": "Feature",
      "geometry": {
        "type": "Point",
        "coordinates": [
          -97.210811,
          32.77544
        ]
      },
      "properties": {
        "description": "<b><u>Address:</u></b> 6815 MANHATTAN BLVD # 107, FORT WORTH, TX 76120<br/><b><u>Type:</u></b> Private<br/><b><u>Enrollment:</u></b> 22",
        "styleUrl": "#Open"
      }
    },
    {
      "type": "Feature",
      "geometry": {
        "type": "Point",
        "coordinates": [
          -98.227711,
          29.64456
        ]
      },
      "properties": {
        "description": "<b><u>Address:</u></b> 6720 FM 482, NEW BRAUNFELS, TX 78132<br/><b><u>Type:</u></b> Private<br/><b><u>Enrollment:</u></b> 205",
        "styleUrl": "#Open"
      }
    },
    {
      "type": "Feature",
      "geometry": {
        "type": "Point",
        "coordinates": [
          -95.510841,
          29.48333
        ]
      },
      "properties": {
        "description": "<b><u>Address:</u></b> 770 WATERS LAKE BLVD, MISSOURI CITY, TX 77459<br/><b><u>Type:</u></b> Private<br/><b><u>Enrollment:</u></b> 169",
        "styleUrl": "#Open"
      }
    },
    {
      "type": "Feature",
      "geometry": {
        "type": "Point",
        "coordinates": [
          -96.858095,
          32.678277
        ]
      },
      "properties": {
        "description": "<b><u>Address:</u></b> 5787 S HAMPTON RD STE 115, DALLAS, TX 75232<br/><b><u>Type:</u></b> Private<br/><b><u>Enrollment:</u></b> 55",
        "styleUrl": "#Open"
      }
    },
    {
      "type": "Feature",
      "geometry": {
        "type": "Point",
        "coordinates": [
          -95.519371,
          29.83189
        ]
      },
      "properties": {
        "description": "<b><u>Address:</u></b> 4209 GALWAY LN, HOUSTON, TX 77080<br/><b><u>Type:</u></b> Private<br/><b><u>Enrollment:</u></b> 25",
        "styleUrl": "#Open"
      }
    },
    {
      "type": "Feature",
      "geometry": {
        "type": "Point",
        "coordinates": [
          -98.645204,
          29.494665
        ]
      },
      "properties": {
        "description": "<b><u>Address:</u></b> 8511 HEATH CIR DR, SAN ANTONIO, TX 78250<br/><b><u>Type:</u></b> Private<br/><b><u>Enrollment:</u></b> 134",
        "styleUrl": "#Open"
      }
    },
    {
      "type": "Feature",
      "geometry": {
        "type": "Point",
        "coordinates": [
          -96.842541,
          33.02048
        ]
      },
      "properties": {
        "description": "<b><u>Address:</u></b> 4004 MIDWAY RD, CARROLLTON, TX 75007<br/><b><u>Type:</u></b> Private<br/><b><u>Enrollment:</u></b> 513",
        "styleUrl": "#Open"
      }
    },
    {
      "type": "Feature",
      "geometry": {
        "type": "Point",
        "coordinates": [
          -95.605721,
          29.99599
        ]
      },
      "properties": {
        "description": "<b><u>Address:</u></b> 12127 MALCOMSON RD, HOUSTON, TX 77070<br/><b><u>Type:</u></b> Private<br/><b><u>Enrollment:</u></b> 27",
        "styleUrl": "#Open"
      }
    },
    {
      "type": "Feature",
      "geometry": {
        "type": "Point",
        "coordinates": [
          -96.893619,
          33.126625
        ]
      },
      "properties": {
        "description": "<b><u>Address:</u></b> 333 W LEBANON, FRISCO, TX 75036<br/><b><u>Type:</u></b> Private<br/><b><u>Enrollment:</u></b> 17",
        "styleUrl": "#Open"
      }
    },
    {
      "type": "Feature",
      "geometry": {
        "type": "Point",
        "coordinates": [
          -94.853647,
          30.703564
        ]
      },
      "properties": {
        "description": "<b><u>Address:</u></b> 5250 US HIGHWAY 190 E, LIVINGSTON, TX 77351<br/><b><u>Type:</u></b> Private<br/><b><u>Enrollment:</u></b> 36",
        "styleUrl": "#Open"
      }
    },
    {
      "type": "Feature",
      "geometry": {
        "type": "Point",
        "coordinates": [
          -95.610281,
          30.08698
        ]
      },
      "properties": {
        "description": "<b><u>Address:</u></b> 1119 S CHERRY ST, TOMBALL, TX 77375<br/><b><u>Type:</u></b> Private<br/><b><u>Enrollment:</u></b> 74",
        "styleUrl": "#Open"
      }
    },
    {
      "type": "Feature",
      "geometry": {
        "type": "Point",
        "coordinates": [
          -95.464261,
          30.16848
        ]
      },
      "properties": {
        "description": "<b><u>Address:</u></b> 1000 EVERGREEN CIR, THE WOODLANDS, TX 77380<br/><b><u>Type:</u></b> Private<br/><b><u>Enrollment:</u></b> 8",
        "styleUrl": "#Open"
      }
    },
    {
      "type": "Feature",
      "geometry": {
        "type": "Point",
        "coordinates": [
          -95.213931,
          30.05544
        ]
      },
      "properties": {
        "description": "<b><u>Address:</u></b> 2929 WOODLAND HILLS DR, KINGWOOD, TX 77339<br/><b><u>Type:</u></b> Private<br/><b><u>Enrollment:</u></b> 30",
        "styleUrl": "#Open"
      }
    },
    {
      "type": "Feature",
      "geometry": {
        "type": "Point",
        "coordinates": [
          -97.756321,
          30.37357
        ]
      },
      "properties": {
        "description": "<b><u>Address:</u></b> 8134 MESA DR, AUSTIN, TX 78759<br/><b><u>Type:</u></b> Private<br/><b><u>Enrollment:</u></b> 16",
        "styleUrl": "#Open"
      }
    },
    {
      "type": "Feature",
      "geometry": {
        "type": "Point",
        "coordinates": [
          -98.486038,
          29.435374
        ]
      },
      "properties": {
        "description": "<b><u>Address:</u></b> 1215 N SAINT MARYS ST, SAN ANTONIO, TX 78215<br/><b><u>Type:</u></b> Private<br/><b><u>Enrollment:</u></b> 236",
        "styleUrl": "#Open"
      }
    },
    {
      "type": "Feature",
      "geometry": {
        "type": "Point",
        "coordinates": [
          -97.165684,
          31.560068
        ]
      },
      "properties": {
        "description": "<b><u>Address:</u></b> 2102 N 23RD ST, WACO, TX 76708<br/><b><u>Type:</u></b> Private<br/><b><u>Enrollment:</u></b> 316",
        "styleUrl": "#Open"
      }
    },
    {
      "type": "Feature",
      "geometry": {
        "type": "Point",
        "coordinates": [
          -97.501961,
          25.931336
        ]
      },
      "properties": {
        "description": "<b><u>Address:</u></b> 1300 E LOS EBANOS BLVD, BROWNSVILLE, TX 78520<br/><b><u>Type:</u></b> Private<br/><b><u>Enrollment:</u></b> 312",
        "styleUrl": "#Open"
      }
    },
    {
      "type": "Feature",
      "geometry": {
        "type": "Point",
        "coordinates": [
          -96.709761,
          32.8781
        ]
      },
      "properties": {
        "description": "<b><u>Address:</u></b> 9635 FERNDALE RD, DALLAS, TX 75238<br/><b><u>Type:</u></b> Private<br/><b><u>Enrollment:</u></b> 360",
        "styleUrl": "#Open"
      }
    },
    {
      "type": "Feature",
      "geometry": {
        "type": "Point",
        "coordinates": [
          -100.475239,
          31.436892
        ]
      },
      "properties": {
        "description": "<b><u>Address:</u></b> 2315 A AND M AVE, SAN ANGELO, TX 76904<br/><b><u>Type:</u></b> Private<br/><b><u>Enrollment:</u></b> 87",
        "styleUrl": "#Open"
      }
    },
    {
      "type": "Feature",
      "geometry": {
        "type": "Point",
        "coordinates": [
          -94.145206,
          30.106306
        ]
      },
      "properties": {
        "description": "<b><u>Address:</u></b> 4108 DELAWARE ST, BEAUMONT, TX 77706<br/><b><u>Type:</u></b> Private<br/><b><u>Enrollment:</u></b> 280",
        "styleUrl": "#Open"
      }
    },
    {
      "type": "Feature",
      "geometry": {
        "type": "Point",
        "coordinates": [
          -95.499371,
          30.04444
        ]
      },
      "properties": {
        "description": "<b><u>Address:</u></b> 18926 KLEIN CHURCH RD, SPRING, TX 77379<br/><b><u>Type:</u></b> Private<br/><b><u>Enrollment:</u></b> 437",
        "styleUrl": "#Open"
      }
    },
    {
      "type": "Feature",
      "geometry": {
        "type": "Point",
        "coordinates": [
          -97.599751,
          30.7435
        ]
      },
      "properties": {
        "description": "<b><u>Address:</u></b> 6101 FM 1105, GEORGETOWN, TX 78626<br/><b><u>Type:</u></b> Private<br/><b><u>Enrollment:</u></b> 206",
        "styleUrl": "#Open"
      }
    },
    {
      "type": "Feature",
      "geometry": {
        "type": "Point",
        "coordinates": [
          -97.142055,
          32.722121
        ]
      },
      "properties": {
        "description": "<b><u>Address:</u></b> 2201 W PARK ROW DR, ARLINGTON, TX 76013<br/><b><u>Type:</u></b> Private<br/><b><u>Enrollment:</u></b> 473",
        "styleUrl": "#Open"
      }
    },
    {
      "type": "Feature",
      "geometry": {
        "type": "Point",
        "coordinates": [
          -97.442341,
          29.50319
        ]
      },
      "properties": {
        "description": "<b><u>Address:</u></b> 1214 SAINT LOUIS ST, GONZALES, TX 78629<br/><b><u>Type:</u></b> Private<br/><b><u>Enrollment:</u></b> 18",
        "styleUrl": "#Open"
      }
    },
    {
      "type": "Feature",
      "geometry": {
        "type": "Point",
        "coordinates": [
          -101.857695,
          35.173439
        ]
      },
      "properties": {
        "description": "<b><u>Address:</u></b> 3806 S BOWIE ST, AMARILLO, TX 79110<br/><b><u>Type:</u></b> Private<br/><b><u>Enrollment:</u></b> 21",
        "styleUrl": "#Open"
      }
    },
    {
      "type": "Feature",
      "geometry": {
        "type": "Point",
        "coordinates": [
          -97.121851,
          32.7509
        ]
      },
      "properties": {
        "description": "<b><u>Address:</u></b> 1105 W RANDOL MILL RD, ARLINGTON, TX 76012<br/><b><u>Type:</u></b> Private<br/><b><u>Enrollment:</u></b> 6",
        "styleUrl": "#Open"
      }
    },
    {
      "type": "Feature",
      "geometry": {
        "type": "Point",
        "coordinates": [
          -97.330855,
          32.545117
        ]
      },
      "properties": {
        "description": "<b><u>Address:</u></b> 325 NW RENFRO ST, BURLESON, TX 76028<br/><b><u>Type:</u></b> Private<br/><b><u>Enrollment:</u></b> 12",
        "styleUrl": "#Open"
      }
    },
    {
      "type": "Feature",
      "geometry": {
        "type": "Point",
        "coordinates": [
          -95.741381,
          29.69892
        ]
      },
      "properties": {
        "description": "<b><u>Address:</u></b> 20625 LAKEMONT BEND LN, RICHMOND, TX 77407<br/><b><u>Type:</u></b> Private<br/><b><u>Enrollment:</u></b> 97",
        "styleUrl": "#Open"
      }
    },
    {
      "type": "Feature",
      "geometry": {
        "type": "Point",
        "coordinates": [
          -95.698751,
          30.36495
        ]
      },
      "properties": {
        "description": "<b><u>Address:</u></b> 12681 FM 149 RD, MONTGOMERY, TX 77316<br/><b><u>Type:</u></b> Private<br/><b><u>Enrollment:</u></b> 81",
        "styleUrl": "#Open"
      }
    },
    {
      "type": "Feature",
      "geometry": {
        "type": "Point",
        "coordinates": [
          -96.654721,
          33.10701
        ]
      },
      "properties": {
        "description": "<b><u>Address:</u></b> 700 RIVERCREST BLVD, ALLEN, TX 75002<br/><b><u>Type:</u></b> Private<br/><b><u>Enrollment:</u></b> 55",
        "styleUrl": "#Open"
      }
    },
    {
      "type": "Feature",
      "geometry": {
        "type": "Point",
        "coordinates": [
          -95.599311,
          29.66006
        ]
      },
      "properties": {
        "description": "<b><u>Address:</u></b> 11000 DAIRY ASHFORD RD, SUGAR LAND, TX 77478<br/><b><u>Type:</u></b> Private<br/><b><u>Enrollment:</u></b> 31",
        "styleUrl": "#Open"
      }
    },
    {
      "type": "Feature",
      "geometry": {
        "type": "Point",
        "coordinates": [
          -97.694891,
          30.28359
        ]
      },
      "properties": {
        "description": "<b><u>Address:</u></b> 3701 E MLK BLVD # B, AUSTIN, TX 78721<br/><b><u>Type:</u></b> Private<br/><b><u>Enrollment:</u></b> 8",
        "styleUrl": "#Open"
      }
    },
    {
      "type": "Feature",
      "geometry": {
        "type": "Point",
        "coordinates": [
          -101.921631,
          33.58473
        ]
      },
      "properties": {
        "description": "<b><u>Address:</u></b> 1215 SLIDE RD, LUBBOCK, TX 79416<br/><b><u>Type:</u></b> Private<br/><b><u>Enrollment:</u></b> 22",
        "styleUrl": "#Open"
      }
    },
    {
      "type": "Feature",
      "geometry": {
        "type": "Point",
        "coordinates": [
          -96.827288,
          33.131801
        ]
      },
      "properties": {
        "description": "<b><u>Address:</u></b> 6555 DALLAS PKWY, FRISCO, TX 75034<br/><b><u>Type:</u></b> Private<br/><b><u>Enrollment:</u></b> 10",
        "styleUrl": "#Open"
      }
    },
    {
      "type": "Feature",
      "geometry": {
        "type": "Point",
        "coordinates": [
          -97.862552,
          30.538349
        ]
      },
      "properties": {
        "description": "<b><u>Address:</u></b> 1781 OSAGE DR, LEANDER, TX 78641<br/><b><u>Type:</u></b> Private<br/><b><u>Enrollment:</u></b> 13",
        "styleUrl": "#Open"
      }
    },
    {
      "type": "Feature",
      "geometry": {
        "type": "Point",
        "coordinates": [
          -97.327741,
          30.10413
        ]
      },
      "properties": {
        "description": "<b><u>Address:</u></b> 202 HWY 71 W, BASTROP, TX 78602<br/><b><u>Type:</u></b> Private<br/><b><u>Enrollment:</u></b> 42",
        "styleUrl": "#Open"
      }
    },
    {
      "type": "Feature",
      "geometry": {
        "type": "Point",
        "coordinates": [
          -97.15628,
          28.723792
        ]
      },
      "properties": {
        "description": "<b><u>Address:</u></b> 120 DAVID WADE, VICTORIA, TX 77902<br/><b><u>Type:</u></b> Private<br/><b><u>Enrollment:</u></b> 1",
        "styleUrl": "#Open"
      }
    },
    {
      "type": "Feature",
      "geometry": {
        "type": "Point",
        "coordinates": [
          -96.733167,
          33.023293
        ]
      },
      "properties": {
        "description": "<b><u>Address:</u></b> 1740 CUSTER RD, PLANO, TX 75075<br/><b><u>Type:</u></b> Private<br/><b><u>Enrollment:</u></b> 12",
        "styleUrl": "#Open"
      }
    },
    {
      "type": "Feature",
      "geometry": {
        "type": "Point",
        "coordinates": [
          -95.747923,
          29.665473
        ]
      },
      "properties": {
        "description": "<b><u>Address:</u></b> 21024 W BELLFORT, RICHMOND, TX 77406<br/><b><u>Type:</u></b> Private<br/><b><u>Enrollment:</u></b> 11",
        "styleUrl": "#Open"
      }
    },
    {
      "type": "Feature",
      "geometry": {
        "type": "Point",
        "coordinates": [
          -98.514069,
          29.540751
        ]
      },
      "properties": {
        "description": "<b><u>Address:</u></b> 11102 W AVE, SAN ANTONIO, TX 78213<br/><b><u>Type:</u></b> Private<br/><b><u>Enrollment:</u></b> 22",
        "styleUrl": "#Open"
      }
    },
    {
      "type": "Feature",
      "geometry": {
        "type": "Point",
        "coordinates": [
          -95.432341,
          29.816525
        ]
      },
      "properties": {
        "description": "<b><u>Address:</u></b> 1901 W 34TH ST, HOUSTON, TX 77018<br/><b><u>Type:</u></b> Private<br/><b><u>Enrollment:</u></b> 18",
        "styleUrl": "#Open"
      }
    },
    {
      "type": "Feature",
      "geometry": {
        "type": "Point",
        "coordinates": [
          -98.171307,
          29.719395
        ]
      },
      "properties": {
        "description": "<b><u>Address:</u></b> 241 HUNTERS VLG, NEW BRAUNFELS, TX 78132<br/><b><u>Type:</u></b> Private<br/><b><u>Enrollment:</u></b> 8",
        "styleUrl": "#Open"
      }
    },
    {
      "type": "Feature",
      "geometry": {
        "type": "Point",
        "coordinates": [
          -106.503269,
          31.802176
        ]
      },
      "properties": {
        "description": "<b><u>Address:</u></b> 4408 N STANTON ST, EL PASO, TX 79902<br/><b><u>Type:</u></b> Private<br/><b><u>Enrollment:</u></b> 106",
        "styleUrl": "#Open"
      }
    },
    {
      "type": "Feature",
      "geometry": {
        "type": "Point",
        "coordinates": [
          -95.180274,
          29.593188
        ]
      },
      "properties": {
        "description": "<b><u>Address:</u></b> 730 FM 1959 RD, HOUSTON, TX 77034<br/><b><u>Type:</u></b> Private<br/><b><u>Enrollment:</u></b> 68",
        "styleUrl": "#Open"
      }
    },
    {
      "type": "Feature",
      "geometry": {
        "type": "Point",
        "coordinates": [
          -95.404788,
          30.298725
        ]
      },
      "properties": {
        "description": "<b><u>Address:</u></b> 3601 S LOOP 336 E, CONROE, TX 77301<br/><b><u>Type:</u></b> Private<br/><b><u>Enrollment:</u></b> 67",
        "styleUrl": "#Open"
      }
    },
    {
      "type": "Feature",
      "geometry": {
        "type": "Point",
        "coordinates": [
          -98.484264,
          29.611143
        ]
      },
      "properties": {
        "description": "<b><u>Address:</u></b> 227 N LOOP 1604 E, SAN ANTONIO, TX 78232<br/><b><u>Type:</u></b> Private<br/><b><u>Enrollment:</u></b> 10",
        "styleUrl": "#Open"
      }
    },
    {
      "type": "Feature",
      "geometry": {
        "type": "Point",
        "coordinates": [
          -99.758839,
          32.442996
        ]
      },
      "properties": {
        "description": "<b><u>Address:</u></b> 718 BARROW ST, ABILENE, TX 79605<br/><b><u>Type:</u></b> Private<br/><b><u>Enrollment:</u></b> 30",
        "styleUrl": "#Open"
      }
    },
    {
      "type": "Feature",
      "geometry": {
        "type": "Point",
        "coordinates": [
          -97.145612,
          33.055645
        ]
      },
      "properties": {
        "description": "<b><u>Address:</u></b> 7400 HAWK RD, FLOWER MOUND, TX 75022<br/><b><u>Type:</u></b> Private<br/><b><u>Enrollment:</u></b> 20",
        "styleUrl": "#Open"
      }
    },
    {
      "type": "Feature",
      "geometry": {
        "type": "Point",
        "coordinates": [
          -98.497421,
          33.87656
        ]
      },
      "properties": {
        "description": "<b><u>Address:</u></b> 1615 MIDWESTERN PKWY, WICHITA FALLS, TX 76302<br/><b><u>Type:</u></b> Private<br/><b><u>Enrollment:</u></b> 197",
        "styleUrl": "#Open"
      }
    },
    {
      "type": "Feature",
      "geometry": {
        "type": "Point",
        "coordinates": [
          -97.755011,
          30.35751
        ]
      },
      "properties": {
        "description": "<b><u>Address:</u></b> 7300 HART LN, AUSTIN, TX 78731<br/><b><u>Type:</u></b> Private<br/><b><u>Enrollment:</u></b> 128",
        "styleUrl": "#Open"
      }
    },
    {
      "type": "Feature",
      "geometry": {
        "type": "Point",
        "coordinates": [
          -97.941131,
          29.58856
        ]
      },
      "properties": {
        "description": "<b><u>Address:</u></b> 1456 E KINGSBURY ST, SEGUIN, TX 78155<br/><b><u>Type:</u></b> Private<br/><b><u>Enrollment:</u></b> 17",
        "styleUrl": "#Open"
      }
    },
    {
      "type": "Feature",
      "geometry": {
        "type": "Point",
        "coordinates": [
          -99.496071,
          27.56764
        ]
      },
      "properties": {
        "description": "<b><u>Address:</u></b> 7019 W VILLAGE BLVD # 3208, LAREDO, TX 78041<br/><b><u>Type:</u></b> Private<br/><b><u>Enrollment:</u></b> 50",
        "styleUrl": "#Open"
      }
    },
    {
      "type": "Feature",
      "geometry": {
        "type": "Point",
        "coordinates": [
          -106.523491,
          31.83878
        ]
      },
      "properties": {
        "description": "<b><u>Address:</u></b> 524 THUNDERBIRD DR, EL PASO, TX 79912<br/><b><u>Type:</u></b> Private<br/><b><u>Enrollment:</u></b> 44",
        "styleUrl": "#Open"
      }
    },
    {
      "type": "Feature",
      "geometry": {
        "type": "Point",
        "coordinates": [
          -96.331981,
          30.5816
        ]
      },
      "properties": {
        "description": "<b><u>Address:</u></b> 1500 QUAIL RUN, COLLEGE STATION, TX 77845<br/><b><u>Type:</u></b> Private<br/><b><u>Enrollment:</u></b> 36",
        "styleUrl": "#Open"
      }
    },
    {
      "type": "Feature",
      "geometry": {
        "type": "Point",
        "coordinates": [
          -95.431831,
          29.67502
        ]
      },
      "properties": {
        "description": "<b><u>Address:</u></b> 9821 TIMBERSIDE DR, HOUSTON, TX 77025<br/><b><u>Type:</u></b> Private<br/><b><u>Enrollment:</u></b> 190",
        "styleUrl": "#Open"
      }
    },
    {
      "type": "Feature",
      "geometry": {
        "type": "Point",
        "coordinates": [
          -95.445531,
          29.80879
        ]
      },
      "properties": {
        "description": "<b><u>Address:</u></b> 3721 DACOMA ST, HOUSTON, TX 77092<br/><b><u>Type:</u></b> Private<br/><b><u>Enrollment:</u></b> 72",
        "styleUrl": "#Open"
      }
    },
    {
      "type": "Feature",
      "geometry": {
        "type": "Point",
        "coordinates": [
          -95.495668,
          29.691146
        ]
      },
      "properties": {
        "description": "<b><u>Address:</u></b> 5812 MAPLE ST, HOUSTON, TX 77074<br/><b><u>Type:</u></b> Private<br/><b><u>Enrollment:</u></b> 38",
        "styleUrl": "#Open"
      }
    },
    {
      "type": "Feature",
      "geometry": {
        "type": "Point",
        "coordinates": [
          -95.455131,
          30.010543
        ]
      },
      "properties": {
        "description": "<b><u>Address:</u></b> 1711 CYPRESS CREEK PKWY, HOUSTON, TX 77090<br/><b><u>Type:</u></b> Private<br/><b><u>Enrollment:</u></b> 2",
        "styleUrl": "#Open"
      }
    },
    {
      "type": "Feature",
      "geometry": {
        "type": "Point",
        "coordinates": [
          -99.138027,
          30.04494
        ]
      },
      "properties": {
        "description": "<b><u>Address:</u></b> 907 MAIN ST, KERRVILLE, TX 78028<br/><b><u>Type:</u></b> Private<br/><b><u>Enrollment:</u></b> 115",
        "styleUrl": "#Open"
      }
    },
    {
      "type": "Feature",
      "geometry": {
        "type": "Point",
        "coordinates": [
          -98.309061,
          29.58519
        ]
      },
      "properties": {
        "description": "<b><u>Address:</u></b> 16075 N EVANS RD, SELMA, TX 78154<br/><b><u>Type:</u></b> Private<br/><b><u>Enrollment:</u></b> 248",
        "styleUrl": "#Open"
      }
    },
    {
      "type": "Feature",
      "geometry": {
        "type": "Point",
        "coordinates": [
          -106.405461,
          31.90065
        ]
      },
      "properties": {
        "description": "<b><u>Address:</u></b> 10000 PHEASANT RD, EL PASO, TX 79924<br/><b><u>Type:</u></b> Private<br/><b><u>Enrollment:</u></b> 127",
        "styleUrl": "#Open"
      }
    },
    {
      "type": "Feature",
      "geometry": {
        "type": "Point",
        "coordinates": [
          -97.416861,
          32.73672
        ]
      },
      "properties": {
        "description": "<b><u>Address:</u></b> 6146 PERSHING AVE, FORT WORTH, TX 76107<br/><b><u>Type:</u></b> Private<br/><b><u>Enrollment:</u></b> 93",
        "styleUrl": "#Open"
      }
    },
    {
      "type": "Feature",
      "geometry": {
        "type": "Point",
        "coordinates": [
          -95.058764,
          29.913149
        ]
      },
      "properties": {
        "description": "<b><u>Address:</u></b> 907 RUNNEBURG RD, CROSBY, TX 77532<br/><b><u>Type:</u></b> Private<br/><b><u>Enrollment:</u></b> 103",
        "styleUrl": "#Open"
      }
    },
    {
      "type": "Feature",
      "geometry": {
        "type": "Point",
        "coordinates": [
          -102.096811,
          31.99556
        ]
      },
      "properties": {
        "description": "<b><u>Address:</u></b> 2000 W TEXAS AVE, MIDLAND, TX 79701<br/><b><u>Type:</u></b> Private<br/><b><u>Enrollment:</u></b> 374",
        "styleUrl": "#Open"
      }
    },
    {
      "type": "Feature",
      "geometry": {
        "type": "Point",
        "coordinates": [
          -94.046758,
          33.477715
        ]
      },
      "properties": {
        "description": "<b><u>Address:</u></b> 5501 N STATE LINE AVE, TEXARKANA, TX 75503<br/><b><u>Type:</u></b> Private<br/><b><u>Enrollment:</u></b> 115",
        "styleUrl": "#Open"
      }
    },
    {
      "type": "Feature",
      "geometry": {
        "type": "Point",
        "coordinates": [
          -96.799911,
          32.84472
        ]
      },
      "properties": {
        "description": "<b><u>Address:</u></b> 3821 UNIVERSITY BLVD, DALLAS, TX 75205<br/><b><u>Type:</u></b> Private<br/><b><u>Enrollment:</u></b> 22",
        "styleUrl": "#Open"
      }
    },
    {
      "type": "Feature",
      "geometry": {
        "type": "Point",
        "coordinates": [
          -102.354271,
          31.87174
        ]
      },
      "properties": {
        "description": "<b><u>Address:</u></b> 2000 DORAN DR, ODESSA, TX 79761<br/><b><u>Type:</u></b> Private<br/><b><u>Enrollment:</u></b> 108",
        "styleUrl": "#Open"
      }
    },
    {
      "type": "Feature",
      "geometry": {
        "type": "Point",
        "coordinates": [
          -96.717131,
          32.8866
        ]
      },
      "properties": {
        "description": "<b><u>Address:</u></b> 9807 CHURCH RD, DALLAS, TX 75238<br/><b><u>Type:</u></b> Private<br/><b><u>Enrollment:</u></b> 82",
        "styleUrl": "#Open"
      }
    },
    {
      "type": "Feature",
      "geometry": {
        "type": "Point",
        "coordinates": [
          -96.791704,
          32.729115
        ]
      },
      "properties": {
        "description": "<b><u>Address:</u></b> 1600 BONNIE VIEW RD, DALLAS, TX 75203<br/><b><u>Type:</u></b> Private<br/><b><u>Enrollment:</u></b> 25",
        "styleUrl": "#Open"
      }
    },
    {
      "type": "Feature",
      "geometry": {
        "type": "Point",
        "coordinates": [
          -97.173901,
          32.67059
        ]
      },
      "properties": {
        "description": "<b><u>Address:</u></b> 4611 KELLY ELLIOTT RD, ARLINGTON, TX 76017<br/><b><u>Type:</u></b> Private<br/><b><u>Enrollment:</u></b> 281",
        "styleUrl": "#Open"
      }
    },
    {
      "type": "Feature",
      "geometry": {
        "type": "Point",
        "coordinates": [
          -99.136009,
          30.044565
        ]
      },
      "properties": {
        "description": "<b><u>Address:</u></b> 321 SAINT PETER ST, KERRVILLE, TX 78028<br/><b><u>Type:</u></b> Private<br/><b><u>Enrollment:</u></b> 16",
        "styleUrl": "#Open"
      }
    },
    {
      "type": "Feature",
      "geometry": {
        "type": "Point",
        "coordinates": [
          -95.561341,
          29.81978
        ]
      },
      "properties": {
        "description": "<b><u>Address:</u></b> 2700 W SAM HOUSTON PKWY N, HOUSTON, TX 77043<br/><b><u>Type:</u></b> Private<br/><b><u>Enrollment:</u></b> 476",
        "styleUrl": "#Open"
      }
    },
    {
      "type": "Feature",
      "geometry": {
        "type": "Point",
        "coordinates": [
          -97.646951,
          30.63677
        ]
      },
      "properties": {
        "description": "<b><u>Address:</u></b> 2700 E UNIVERSITY AVE, GEORGETOWN, TX 78626<br/><b><u>Type:</u></b> Private<br/><b><u>Enrollment:</u></b> 161",
        "styleUrl": "#Open"
      }
    },
    {
      "type": "Feature",
      "geometry": {
        "type": "Point",
        "coordinates": [
          -95.771572,
          29.800866
        ]
      },
      "properties": {
        "description": "<b><u>Address:</u></b> 1800 W GRAND PKWY N, KATY, TX 77449<br/><b><u>Type:</u></b> Private<br/><b><u>Enrollment:</u></b> 408",
        "styleUrl": "#Open"
      }
    },
    {
      "type": "Feature",
      "geometry": {
        "type": "Point",
        "coordinates": [
          -95.464211,
          29.86807
        ]
      },
      "properties": {
        "description": "<b><u>Address:</u></b> 7330 VOGEL RD, HOUSTON, TX 77088<br/><b><u>Type:</u></b> Private<br/><b><u>Enrollment:</u></b> 59",
        "styleUrl": "#Open"
      }
    },
    {
      "type": "Feature",
      "geometry": {
        "type": "Point",
        "coordinates": [
          -97.128691,
          32.70997
        ]
      },
      "properties": {
        "description": "<b><u>Address:</u></b> 2011 S FIELDER RD, ARLINGTON, TX 76013<br/><b><u>Type:</u></b> Private<br/><b><u>Enrollment:</u></b> 24",
        "styleUrl": "#Open"
      }
    },
    {
      "type": "Feature",
      "geometry": {
        "type": "Point",
        "coordinates": [
          -95.17109,
          30.007432
        ]
      },
      "properties": {
        "description": "<b><u>Address:</u></b> 20027 W LAKE HOUSTON PKWY, KINGWOOD, TX 77346<br/><b><u>Type:</u></b> Private<br/><b><u>Enrollment:</u></b> 13",
        "styleUrl": "#Open"
      }
    },
    {
      "type": "Feature",
      "geometry": {
        "type": "Point",
        "coordinates": [
          -106.316228,
          31.712046
        ]
      },
      "properties": {
        "description": "<b><u>Address:</u></b> 8800 CRISTO VIENE DR, EL PASO, TX 79907<br/><b><u>Type:</u></b> Private<br/><b><u>Enrollment:</u></b> 21",
        "styleUrl": "#Open"
      }
    },
    {
      "type": "Feature",
      "geometry": {
        "type": "Point",
        "coordinates": [
          -95.143781,
          29.63215
        ]
      },
      "properties": {
        "description": "<b><u>Address:</u></b> 5354 SPACE CENTER BLVD, PASADENA, TX 77505<br/><b><u>Type:</u></b> Private<br/><b><u>Enrollment:</u></b> 4",
        "styleUrl": "#Open"
      }
    },
    {
      "type": "Feature",
      "geometry": {
        "type": "Point",
        "coordinates": [
          -96.367191,
          30.15634
        ]
      },
      "properties": {
        "description": "<b><u>Address:</u></b> 2111 S BLUE BELL RD, BRENHAM, TX 77833<br/><b><u>Type:</u></b> Private<br/><b><u>Enrollment:</u></b> 41",
        "styleUrl": "#Open"
      }
    },
    {
      "type": "Feature",
      "geometry": {
        "type": "Point",
        "coordinates": [
          -99.787821,
          29.21446
        ]
      },
      "properties": {
        "description": "<b><u>Address:</u></b> 400 N GETTY ST, UVALDE, TX 78801<br/><b><u>Type:</u></b> Private<br/><b><u>Enrollment:</u></b> 97",
        "styleUrl": "#Open"
      }
    },
    {
      "type": "Feature",
      "geometry": {
        "type": "Point",
        "coordinates": [
          -97.999377,
          30.194675
        ]
      },
      "properties": {
        "description": "<b><u>Address:</u></b> 13832 SAWYER RANCH RD, DRIPPING SPRINGS, TX 78620<br/><b><u>Type:</u></b> Private<br/><b><u>Enrollment:</u></b> 18",
        "styleUrl": "#Open"
      }
    },
    {
      "type": "Feature",
      "geometry": {
        "type": "Point",
        "coordinates": [
          -96.627251,
          33.11435
        ]
      },
      "properties": {
        "description": "<b><u>Address:</u></b> 1604 E EXCHANGE PKWY, ALLEN, TX 75002<br/><b><u>Type:</u></b> Private<br/><b><u>Enrollment:</u></b> 10",
        "styleUrl": "#Open"
      }
    },
    {
      "type": "Feature",
      "geometry": {
        "type": "Point",
        "coordinates": [
          -95.608241,
          29.60134
        ]
      },
      "properties": {
        "description": "<b><u>Address:</u></b> 1730 WILLIAMS TRCE BLVD STE H, SUGAR LAND, TX 77478<br/><b><u>Type:</u></b> Private<br/><b><u>Enrollment:</u></b> 10",
        "styleUrl": "#Open"
      }
    },
    {
      "type": "Feature",
      "geometry": {
        "type": "Point",
        "coordinates": [
          -97.717401,
          30.421494
        ]
      },
      "properties": {
        "description": "<b><u>Address:</u></b> 3909 ADELPHI LN, AUSTIN, TX 78727<br/><b><u>Type:</u></b> Private<br/><b><u>Enrollment:</u></b> 10",
        "styleUrl": "#Open"
      }
    },
    {
      "type": "Feature",
      "geometry": {
        "type": "Point",
        "coordinates": [
          -95.605362,
          29.740176
        ]
      },
      "properties": {
        "description": "<b><u>Address:</u></b> 2301 S DAIRY ASHFORD RD STE A, HOUSTON, TX 77077<br/><b><u>Type:</u></b> Private<br/><b><u>Enrollment:</u></b> 8",
        "styleUrl": "#Open"
      }
    },
    {
      "type": "Feature",
      "geometry": {
        "type": "Point",
        "coordinates": [
          -97.714719,
          30.323259
        ]
      },
      "properties": {
        "description": "<b><u>Address:</u></b> 5815 AIRPORT BLVD, AUSTIN, TX 78752<br/><b><u>Type:</u></b> Private<br/><b><u>Enrollment:</u></b> 52",
        "styleUrl": "#Open"
      }
    },
    {
      "type": "Feature",
      "geometry": {
        "type": "Point",
        "coordinates": [
          -96.333091,
          30.60987
        ]
      },
      "properties": {
        "description": "<b><u>Address:</u></b> 906 GEORGE BUSH DR, COLLEGE STATION, TX 77840<br/><b><u>Type:</u></b> Private<br/><b><u>Enrollment:</u></b> 25",
        "styleUrl": "#Open"
      }
    },
    {
      "type": "Feature",
      "geometry": {
        "type": "Point",
        "coordinates": [
          -98.611912,
          29.811472
        ]
      },
      "properties": {
        "description": "<b><u>Address:</u></b> 50 STONE WALL DR, BOERNE, TX 78006<br/><b><u>Type:</u></b> Private<br/><b><u>Enrollment:</u></b> 53",
        "styleUrl": "#Open"
      }
    },
    {
      "type": "Feature",
      "geometry": {
        "type": "Point",
        "coordinates": [
          -98.645675,
          29.587644
        ]
      },
      "properties": {
        "description": "<b><u>Address:</u></b> 15415 RED ROBIN RD, SAN ANTONIO, TX 78255<br/><b><u>Type:</u></b> Private<br/><b><u>Enrollment:</u></b> 302",
        "styleUrl": "#Open"
      }
    },
    {
      "type": "Feature",
      "geometry": {
        "type": "Point",
        "coordinates": [
          -97.155941,
          32.90602
        ]
      },
      "properties": {
        "description": "<b><u>Address:</u></b> 6605 PLEASANT RUN RD, COLLEYVILLE, TX 76034<br/><b><u>Type:</u></b> Private<br/><b><u>Enrollment:</u></b> 88",
        "styleUrl": "#Open"
      }
    },
    {
      "type": "Feature",
      "geometry": {
        "type": "Point",
        "coordinates": [
          -95.58764,
          29.951977
        ]
      },
      "properties": {
        "description": "<b><u>Address:</u></b> 11123 CYPRESS N HOUSTON RD, HOUSTON, TX 77065<br/><b><u>Type:</u></b> Private<br/><b><u>Enrollment:</u></b> 687",
        "styleUrl": "#Open"
      }
    },
    {
      "type": "Feature",
      "geometry": {
        "type": "Point",
        "coordinates": [
          -95.462184,
          30.30804
        ]
      },
      "properties": {
        "description": "<b><u>Address:</u></b> 615 MCDADE ST, CONROE, TX 77301<br/><b><u>Type:</u></b> Private<br/><b><u>Enrollment:</u></b> 209",
        "styleUrl": "#Open"
      }
    },
    {
      "type": "Feature",
      "geometry": {
        "type": "Point",
        "coordinates": [
          -96.967141,
          32.83844
        ]
      },
      "properties": {
        "description": "<b><u>Address:</u></b> 1615 W AIRPORT FWY, IRVING, TX 75062<br/><b><u>Type:</u></b> Private<br/><b><u>Enrollment:</u></b> 10",
        "styleUrl": "#Open"
      }
    },
    {
      "type": "Feature",
      "geometry": {
        "type": "Point",
        "coordinates": [
          -97.888831,
          30.51487
        ]
      },
      "properties": {
        "description": "<b><u>Address:</u></b> 17317 FM 1431, LEANDER, TX 78641<br/><b><u>Type:</u></b> Private<br/><b><u>Enrollment:</u></b> 35",
        "styleUrl": "#Open"
      }
    },
    {
      "type": "Feature",
      "geometry": {
        "type": "Point",
        "coordinates": [
          -95.571108,
          29.562944
        ]
      },
      "properties": {
        "description": "<b><u>Address:</u></b> 20211 S UNIVERSITY BLVD, MISSOURI CITY, TX 77459<br/><b><u>Type:</u></b> Private<br/><b><u>Enrollment:</u></b> 15",
        "styleUrl": "#Open"
      }
    },
    {
      "type": "Feature",
      "geometry": {
        "type": "Point",
        "coordinates": [
          -95.409171,
          29.76779
        ]
      },
      "properties": {
        "description": "<b><u>Address:</u></b> 600 SHEPHERD DR, HOUSTON, TX 77007<br/><b><u>Type:</u></b> Private<br/><b><u>Enrollment:</u></b> 203",
        "styleUrl": "#Open"
      }
    },
    {
      "type": "Feature",
      "geometry": {
        "type": "Point",
        "coordinates": [
          -95.410961,
          29.07239
        ]
      },
      "properties": {
        "description": "<b><u>Address:</u></b> 2400 BRAZOSPORT BLVD N, LAKE JACKSON, TX 77566<br/><b><u>Type:</u></b> Private<br/><b><u>Enrollment:</u></b> 46",
        "styleUrl": "#Open"
      }
    },
    {
      "type": "Feature",
      "geometry": {
        "type": "Point",
        "coordinates": [
          -97.848571,
          30.24726
        ]
      },
      "properties": {
        "description": "<b><u>Address:</u></b> 5901 SW PKWY, AUSTIN, TX 78735<br/><b><u>Type:</u></b> Private<br/><b><u>Enrollment:</u></b> 412",
        "styleUrl": "#Open"
      }
    },
    {
      "type": "Feature",
      "geometry": {
        "type": "Point",
        "coordinates": [
          -95.622351,
          29.76016
        ]
      },
      "properties": {
        "description": "<b><u>Address:</u></b> 13260 FORKLAND DR, HOUSTON, TX 77077<br/><b><u>Type:</u></b> Private<br/><b><u>Enrollment:</u></b> 6",
        "styleUrl": "#Open"
      }
    },
    {
      "type": "Feature",
      "geometry": {
        "type": "Point",
        "coordinates": [
          -95.280021,
          32.33198
        ]
      },
      "properties": {
        "description": "<b><u>Address:</u></b> 1709 E 5TH ST, TYLER, TX 75701<br/><b><u>Type:</u></b> Private<br/><b><u>Enrollment:</u></b> 15",
        "styleUrl": "#Open"
      }
    },
    {
      "type": "Feature",
      "geometry": {
        "type": "Point",
        "coordinates": [
          -95.400177,
          29.550154
        ]
      },
      "properties": {
        "description": "<b><u>Address:</u></b> 3220 KIRBY DR STE 160, PEARLAND, TX 77584<br/><b><u>Type:</u></b> Private<br/><b><u>Enrollment:</u></b> 13",
        "styleUrl": "#Open"
      }
    },
    {
      "type": "Feature",
      "geometry": {
        "type": "Point",
        "coordinates": [
          -96.696281,
          32.97405
        ]
      },
      "properties": {
        "description": "<b><u>Address:</u></b> 1504 E CAMPBELL RD, RICHARDSON, TX 75081<br/><b><u>Type:</u></b> Private<br/><b><u>Enrollment:</u></b> 6",
        "styleUrl": "#Open"
      }
    },
    {
      "type": "Feature",
      "geometry": {
        "type": "Point",
        "coordinates": [
          -97.315051,
          32.73573
        ]
      },
      "properties": {
        "description": "<b><u>Address:</u></b> 1007 E TERRELL AVE, FORT WORTH, TX 76104<br/><b><u>Type:</u></b> Private<br/><b><u>Enrollment:</u></b> 206",
        "styleUrl": "#Open"
      }
    },
    {
      "type": "Feature",
      "geometry": {
        "type": "Point",
        "coordinates": [
          -96.831986,
          33.063693
        ]
      },
      "properties": {
        "description": "<b><u>Address:</u></b> 6700 COMMUNICATIONS PKWY, PLANO, TX 75093<br/><b><u>Type:</u></b> Private<br/><b><u>Enrollment:</u></b> 12",
        "styleUrl": "#Open"
      }
    },
    {
      "type": "Feature",
      "geometry": {
        "type": "Point",
        "coordinates": [
          -96.679114,
          32.7913
        ]
      },
      "properties": {
        "description": "<b><u>Address:</u></b> 7894 SAMUELL BLVD, DALLAS, TX 75228<br/><b><u>Type:</u></b> Private<br/><b><u>Enrollment:</u></b> 271",
        "styleUrl": "#Open"
      }
    },
    {
      "type": "Feature",
      "geometry": {
        "type": "Point",
        "coordinates": [
          -101.859781,
          35.17099
        ]
      },
      "properties": {
        "description": "<b><u>Address:</u></b> 4110 S BONHAM ST, AMARILLO, TX 79110<br/><b><u>Type:</u></b> Private<br/><b><u>Enrollment:</u></b> 114",
        "styleUrl": "#Open"
      }
    },
    {
      "type": "Feature",
      "geometry": {
        "type": "Point",
        "coordinates": [
          -106.494681,
          31.76841
        ]
      },
      "properties": {
        "description": "<b><u>Address:</u></b> 220 E CLIFF DR, EL PASO, TX 79902<br/><b><u>Type:</u></b> Private<br/><b><u>Enrollment:</u></b> 54",
        "styleUrl": "#Open"
      }
    },
    {
      "type": "Feature",
      "geometry": {
        "type": "Point",
        "coordinates": [
          -97.551641,
          27.82819
        ]
      },
      "properties": {
        "description": "<b><u>Address:</u></b> 9550 LEOPARD ST, CORPUS CHRISTI, TX 78410<br/><b><u>Type:</u></b> Private<br/><b><u>Enrollment:</u></b> 161",
        "styleUrl": "#Open"
      }
    },
    {
      "type": "Feature",
      "geometry": {
        "type": "Point",
        "coordinates": [
          -97.91286,
          30.231811
        ]
      },
      "properties": {
        "description": "<b><u>Address:</u></b> 8700 S VIEW RD, AUSTIN, TX 78737<br/><b><u>Type:</u></b> Private<br/><b><u>Enrollment:</u></b> 331",
        "styleUrl": "#Open"
      }
    },
    {
      "type": "Feature",
      "geometry": {
        "type": "Point",
        "coordinates": [
          -97.260831,
          32.72533
        ]
      },
      "properties": {
        "description": "<b><u>Address:</u></b> 4215 AVE M, FORT WORTH, TX 76123<br/><b><u>Type:</u></b> Private<br/><b><u>Enrollment:</u></b> 23",
        "styleUrl": "#Open"
      }
    },
    {
      "type": "Feature",
      "geometry": {
        "type": "Point",
        "coordinates": [
          -98.182701,
          31.06408
        ]
      },
      "properties": {
        "description": "<b><u>Address:</u></b> 402 S KEY AVE, LAMPASAS, TX 76550<br/><b><u>Type:</u></b> Private<br/><b><u>Enrollment:</u></b> 8",
        "styleUrl": "#Open"
      }
    },
    {
      "type": "Feature",
      "geometry": {
        "type": "Point",
        "coordinates": [
          -94.180482,
          30.34693
        ]
      },
      "properties": {
        "description": "<b><u>Address:</u></b> 350 HWY 96 S, SILSBEE, TX 77656<br/><b><u>Type:</u></b> Private<br/><b><u>Enrollment:</u></b> 144",
        "styleUrl": "#Open"
      }
    },
    {
      "type": "Feature",
      "geometry": {
        "type": "Point",
        "coordinates": [
          -95.549671,
          29.78967
        ]
      },
      "properties": {
        "description": "<b><u>Address:</u></b> 1209 CONRAD SAUER DR, HOUSTON, TX 77043<br/><b><u>Type:</u></b> Private<br/><b><u>Enrollment:</u></b> 143",
        "styleUrl": "#Open"
      }
    },
    {
      "type": "Feature",
      "geometry": {
        "type": "Point",
        "coordinates": [
          -96.801731,
          32.917706
        ]
      },
      "properties": {
        "description": "<b><u>Address:</u></b> 6039 CHURCHILL WAY, DALLAS, TX 75230<br/><b><u>Type:</u></b> Private<br/><b><u>Enrollment:</u></b> 213",
        "styleUrl": "#Open"
      }
    },
    {
      "type": "Feature",
      "geometry": {
        "type": "Point",
        "coordinates": [
          -101.857621,
          33.5483
        ]
      },
      "properties": {
        "description": "<b><u>Address:</u></b> 1901 50TH ST STE C2, LUBBOCK, TX 79412<br/><b><u>Type:</u></b> Private<br/><b><u>Enrollment:</u></b> 110",
        "styleUrl": "#Open"
      }
    },
    {
      "type": "Feature",
      "geometry": {
        "type": "Point",
        "coordinates": [
          -94.129371,
          30.086018
        ]
      },
      "properties": {
        "description": "<b><u>Address:</u></b> 2678 CALDER AVE STE B, BEAUMONT, TX 77702<br/><b><u>Type:</u></b> Private<br/><b><u>Enrollment:</u></b> 110",
        "styleUrl": "#Open"
      }
    },
    {
      "type": "Feature",
      "geometry": {
        "type": "Point",
        "coordinates": [
          -106.234661,
          31.6502
        ]
      },
      "properties": {
        "description": "<b><u>Address:</u></b> 11840 GTWY BLVD E, EL PASO, TX 79927<br/><b><u>Type:</u></b> Private<br/><b><u>Enrollment:</u></b> 39",
        "styleUrl": "#Open"
      }
    },
    {
      "type": "Feature",
      "geometry": {
        "type": "Point",
        "coordinates": [
          -97.816451,
          30.28771
        ]
      },
      "properties": {
        "description": "<b><u>Address:</u></b> 4701 BEE CAVES RD STE 101, AUSTIN, TX 78746<br/><b><u>Type:</u></b> Private<br/><b><u>Enrollment:</u></b> 82",
        "styleUrl": "#Open"
      }
    },
    {
      "type": "Feature",
      "geometry": {
        "type": "Point",
        "coordinates": [
          -106.374921,
          31.77674
        ]
      },
      "properties": {
        "description": "<b><u>Address:</u></b> 1201 HAWKINS BLVD, EL PASO, TX 79925<br/><b><u>Type:</u></b> Private<br/><b><u>Enrollment:</u></b> 392",
        "styleUrl": "#Open"
      }
    },
    {
      "type": "Feature",
      "geometry": {
        "type": "Point",
        "coordinates": [
          -96.727721,
          32.9956
        ]
      },
      "properties": {
        "description": "<b><u>Address:</u></b> 2800 CUSTER PKWY, RICHARDSON, TX 75080<br/><b><u>Type:</u></b> Private<br/><b><u>Enrollment:</u></b> 264",
        "styleUrl": "#Open"
      }
    },
    {
      "type": "Feature",
      "geometry": {
        "type": "Point",
        "coordinates": [
          -95.619011,
          29.99594
        ]
      },
      "properties": {
        "description": "<b><u>Address:</u></b> 12839 LOUETTA RD, CYPRESS, TX 77429<br/><b><u>Type:</u></b> Private<br/><b><u>Enrollment:</u></b> 56",
        "styleUrl": "#Open"
      }
    },
    {
      "type": "Feature",
      "geometry": {
        "type": "Point",
        "coordinates": [
          -95.583531,
          29.78083
        ]
      },
      "properties": {
        "description": "<b><u>Address:</u></b> 901 YORKCHESTER DR, HOUSTON, TX 77079<br/><b><u>Type:</u></b> Private<br/><b><u>Enrollment:</u></b> 448",
        "styleUrl": "#Open"
      }
    },
    {
      "type": "Feature",
      "geometry": {
        "type": "Point",
        "coordinates": [
          -95.398287,
          29.723446
        ]
      },
      "properties": {
        "description": "<b><u>Address:</u></b> 1500 SUNSET BLVD, HOUSTON, TX 77005<br/><b><u>Type:</u></b> Private<br/><b><u>Enrollment:</u></b> 12",
        "styleUrl": "#Open"
      }
    },
    {
      "type": "Feature",
      "geometry": {
        "type": "Point",
        "coordinates": [
          -98.421471,
          29.362332
        ]
      },
      "properties": {
        "description": "<b><u>Address:</u></b> 3814 NASH BLVD, SAN ANTONIO, TX 78223<br/><b><u>Type:</u></b> Private<br/><b><u>Enrollment:</u></b> 121",
        "styleUrl": "#Open"
      }
    },
    {
      "type": "Feature",
      "geometry": {
        "type": "Point",
        "coordinates": [
          -96.991611,
          28.82327
        ]
      },
      "properties": {
        "description": "<b><u>Address:</u></b> 1311 E MESQUITE LN, VICTORIA, TX 77901<br/><b><u>Type:</u></b> Private<br/><b><u>Enrollment:</u></b> 401",
        "styleUrl": "#Open"
      }
    },
    {
      "type": "Feature",
      "geometry": {
        "type": "Point",
        "coordinates": [
          -97.348336,
          31.087287
        ]
      },
      "properties": {
        "description": "<b><u>Address:</u></b> 1019 S 7TH ST, TEMPLE, TX 76504<br/><b><u>Type:</u></b> Private<br/><b><u>Enrollment:</u></b> 145",
        "styleUrl": "#Open"
      }
    },
    {
      "type": "Feature",
      "geometry": {
        "type": "Point",
        "coordinates": [
          -94.736971,
          32.53524
        ]
      },
      "properties": {
        "description": "<b><u>Address:</u></b> 405 HOLLYBROOK DR, LONGVIEW, TX 75605<br/><b><u>Type:</u></b> Private<br/><b><u>Enrollment:</u></b> 157",
        "styleUrl": "#Open"
      }
    },
    {
      "type": "Feature",
      "geometry": {
        "type": "Point",
        "coordinates": [
          -106.482391,
          31.755318
        ]
      },
      "properties": {
        "description": "<b><u>Address:</u></b> 517 S FLORENCE ST, EL PASO, TX 79901<br/><b><u>Type:</u></b> Private<br/><b><u>Enrollment:</u></b> 250",
        "styleUrl": "#Open"
      }
    },
    {
      "type": "Feature",
      "geometry": {
        "type": "Point",
        "coordinates": [
          -94.752633,
          31.32056
        ]
      },
      "properties": {
        "description": "<b><u>Address:</u></b> 1115 S JOHN REDDITT DR, LUFKIN, TX 75904<br/><b><u>Type:</u></b> Private<br/><b><u>Enrollment:</u></b> 111",
        "styleUrl": "#Open"
      }
    },
    {
      "type": "Feature",
      "geometry": {
        "type": "Point",
        "coordinates": [
          -97.971581,
          29.90108
        ]
      },
      "properties": {
        "description": "<b><u>Address:</u></b> 302 COUNTRY ESTATES DR, SAN MARCOS, TX 78666<br/><b><u>Type:</u></b> Private<br/><b><u>Enrollment:</u></b> 46",
        "styleUrl": "#Open"
      }
    },
    {
      "type": "Feature",
      "geometry": {
        "type": "Point",
        "coordinates": [
          -97.28164,
          32.5463
        ]
      },
      "properties": {
        "description": "<b><u>Address:</u></b> 1635 FOX LN, BURLESON, TX 76028<br/><b><u>Type:</u></b> Private<br/><b><u>Enrollment:</u></b> 73",
        "styleUrl": "#Open"
      }
    },
    {
      "type": "Feature",
      "geometry": {
        "type": "Point",
        "coordinates": [
          -95.500081,
          29.74192
        ]
      },
      "properties": {
        "description": "<b><u>Address:</u></b> 2313 S VOSS RD, HOUSTON, TX 77057<br/><b><u>Type:</u></b> Private<br/><b><u>Enrollment:</u></b> 321",
        "styleUrl": "#Open"
      }
    },
    {
      "type": "Feature",
      "geometry": {
        "type": "Point",
        "coordinates": [
          -97.010701,
          32.84318
        ]
      },
      "properties": {
        "description": "<b><u>Address:</u></b> 2555 ESTERS RD, IRVING, TX 75062<br/><b><u>Type:</u></b> Private<br/><b><u>Enrollment:</u></b> 552",
        "styleUrl": "#Open"
      }
    },
    {
      "type": "Feature",
      "geometry": {
        "type": "Point",
        "coordinates": [
          -97.424521,
          32.33251
        ]
      },
      "properties": {
        "description": "<b><u>Address:</u></b> 111 MEADOW VIEW DR, CLEBURNE, TX 76033<br/><b><u>Type:</u></b> Private<br/><b><u>Enrollment:</u></b> 37",
        "styleUrl": "#Open"
      }
    },
    {
      "type": "Feature",
      "geometry": {
        "type": "Point",
        "coordinates": [
          -97.154921,
          32.70797
        ]
      },
      "properties": {
        "description": "<b><u>Address:</u></b> 2111 ROOSEVELT DR, DALWORTHINGTON GARDENS, TX 76013<br/><b><u>Type:</u></b> Private<br/><b><u>Enrollment:</u></b> 84",
        "styleUrl": "#Open"
      }
    },
    {
      "type": "Feature",
      "geometry": {
        "type": "Point",
        "coordinates": [
          -95.585285,
          29.578008
        ]
      },
      "properties": {
        "description": "<b><u>Address:</u></b> 4605 AUSTIN PKWY, SUGAR LAND, TX 77479<br/><b><u>Type:</u></b> Private<br/><b><u>Enrollment:</u></b> 12",
        "styleUrl": "#Open"
      }
    },
    {
      "type": "Feature",
      "geometry": {
        "type": "Point",
        "coordinates": [
          -98.475728,
          29.4664
        ]
      },
      "properties": {
        "description": "<b><u>Address:</u></b> 727 E HILDEBRAND AVE, SAN ANTONIO, TX 78212<br/><b><u>Type:</u></b> Private<br/><b><u>Enrollment:</u></b> 370",
        "styleUrl": "#Open"
      }
    },
    {
      "type": "Feature",
      "geometry": {
        "type": "Point",
        "coordinates": [
          -98.544629,
          29.498943
        ]
      },
      "properties": {
        "description": "<b><u>Address:</u></b> 700 DEWHURST RD, SAN ANTONIO, TX 78213<br/><b><u>Type:</u></b> Private<br/><b><u>Enrollment:</u></b> 173",
        "styleUrl": "#Open"
      }
    },
    {
      "type": "Feature",
      "geometry": {
        "type": "Point",
        "coordinates": [
          -98.461349,
          29.473845
        ]
      },
      "properties": {
        "description": "<b><u>Address:</u></b> 112 MARCIA PL, SAN ANTONIO, TX 78209<br/><b><u>Type:</u></b> Private<br/><b><u>Enrollment:</u></b> 120",
        "styleUrl": "#Open"
      }
    },
    {
      "type": "Feature",
      "geometry": {
        "type": "Point",
        "coordinates": [
          -101.849021,
          35.202435
        ]
      },
      "properties": {
        "description": "<b><u>Address:</u></b> 1200 S WASHINGTON ST, AMARILLO, TX 79102<br/><b><u>Type:</u></b> Private<br/><b><u>Enrollment:</u></b> 88",
        "styleUrl": "#Open"
      }
    },
    {
      "type": "Feature",
      "geometry": {
        "type": "Point",
        "coordinates": [
          -94.130176,
          30.08465
        ]
      },
      "properties": {
        "description": "<b><u>Address:</u></b> 375 N 11TH ST, BEAUMONT, TX 77702<br/><b><u>Type:</u></b> Private<br/><b><u>Enrollment:</u></b> 511",
        "styleUrl": "#Open"
      }
    },
    {
      "type": "Feature",
      "geometry": {
        "type": "Point",
        "coordinates": [
          -97.690258,
          26.210811
        ]
      },
      "properties": {
        "description": "<b><u>Address:</u></b> 1815 N 7TH ST, HARLINGEN, TX 78550<br/><b><u>Type:</u></b> Private<br/><b><u>Enrollment:</u></b> 140",
        "styleUrl": "#Open"
      }
    },
    {
      "type": "Feature",
      "geometry": {
        "type": "Point",
        "coordinates": [
          -95.456095,
          29.71423
        ]
      },
      "properties": {
        "description": "<b><u>Address:</u></b> 4600 BISSONNET ST, BELLAIRE, TX 77401<br/><b><u>Type:</u></b> Private<br/><b><u>Enrollment:</u></b> 355",
        "styleUrl": "#Open"
      }
    },
    {
      "type": "Feature",
      "geometry": {
        "type": "Point",
        "coordinates": [
          -95.457913,
          29.714246
        ]
      },
      "properties": {
        "description": "<b><u>Address:</u></b> 4650 BISSONNET ST, BELLAIRE, TX 77401<br/><b><u>Type:</u></b> Private<br/><b><u>Enrollment:</u></b> 797",
        "styleUrl": "#Open"
      }
    },
    {
      "type": "Feature",
      "geometry": {
        "type": "Point",
        "coordinates": [
          -97.492101,
          32.73106
        ]
      },
      "properties": {
        "description": "<b><u>Address:</u></b> 9700 SAINTS CIR, FORT WORTH, TX 76108<br/><b><u>Type:</u></b> Private<br/><b><u>Enrollment:</u></b> 995",
        "styleUrl": "#Open"
      }
    },
    {
      "type": "Feature",
      "geometry": {
        "type": "Point",
        "coordinates": [
          -98.190481,
          26.25809
        ]
      },
      "properties": {
        "description": "<b><u>Address:</u></b> 1711 W ALBERTA RD, EDINBURG, TX 78539<br/><b><u>Type:</u></b> Private<br/><b><u>Enrollment:</u></b> 76",
        "styleUrl": "#Open"
      }
    },
    {
      "type": "Feature",
      "geometry": {
        "type": "Point",
        "coordinates": [
          -102.115991,
          32.0076
        ]
      },
      "properties": {
        "description": "<b><u>Address:</u></b> 3000 W GOLF COURSE RD, MIDLAND, TX 79701<br/><b><u>Type:</u></b> Private<br/><b><u>Enrollment:</u></b> 8",
        "styleUrl": "#Open"
      }
    },
    {
      "type": "Feature",
      "geometry": {
        "type": "Point",
        "coordinates": [
          -101.933541,
          33.53709
        ]
      },
      "properties": {
        "description": "<b><u>Address:</u></b> 6110 CHICAGO AVE, LUBBOCK, TX 79464<br/><b><u>Type:</u></b> Private<br/><b><u>Enrollment:</u></b> 258",
        "styleUrl": "#Open"
      }
    },
    {
      "type": "Feature",
      "geometry": {
        "type": "Point",
        "coordinates": [
          -98.590962,
          33.103001
        ]
      },
      "properties": {
        "description": "<b><u>Address:</u></b> 735 OAK ST, GRAHAM, TX 76450<br/><b><u>Type:</u></b> Private<br/><b><u>Enrollment:</u></b> 112",
        "styleUrl": "#Open"
      }
    },
    {
      "type": "Feature",
      "geometry": {
        "type": "Point",
        "coordinates": [
          -100.435309,
          31.393295
        ]
      },
      "properties": {
        "description": "<b><u>Address:</u></b> 518 COUNTRY CLUB RD, SAN ANGELO, TX 76904<br/><b><u>Type:</u></b> Private<br/><b><u>Enrollment:</u></b> 106",
        "styleUrl": "#Open"
      }
    },
    {
      "type": "Feature",
      "geometry": {
        "type": "Point",
        "coordinates": [
          -96.972701,
          32.97446
        ]
      },
      "properties": {
        "description": "<b><u>Address:</u></b> 653 PKWY BLVD, COPPELL, TX 75019<br/><b><u>Type:</u></b> Private<br/><b><u>Enrollment:</u></b> 16",
        "styleUrl": "#Open"
      }
    },
    {
      "type": "Feature",
      "geometry": {
        "type": "Point",
        "coordinates": [
          -98.566944,
          29.607107
        ]
      },
      "properties": {
        "description": "<b><u>Address:</u></b> 17702 NW MILITARY HWY, SAN ANTONIO, TX 78230<br/><b><u>Type:</u></b> Private<br/><b><u>Enrollment:</u></b> 1548",
        "styleUrl": "#Open"
      }
    },
    {
      "type": "Feature",
      "geometry": {
        "type": "Point",
        "coordinates": [
          -96.928984,
          32.848238
        ]
      },
      "properties": {
        "description": "<b><u>Address:</u></b> 1451 E NORTHGATE DR, IRVING, TX 75062<br/><b><u>Type:</u></b> Private<br/><b><u>Enrollment:</u></b> 277",
        "styleUrl": "#Open"
      }
    },
    {
      "type": "Feature",
      "geometry": {
        "type": "Point",
        "coordinates": [
          -98.469051,
          29.45867
        ]
      },
      "properties": {
        "description": "<b><u>Address:</u></b> 3501 BROADWAY ST, SAN ANTONIO, TX 78209<br/><b><u>Type:</u></b> Private<br/><b><u>Enrollment:</u></b> 18",
        "styleUrl": "#Open"
      }
    },
    {
      "type": "Feature",
      "geometry": {
        "type": "Point",
        "coordinates": [
          -98.536621,
          29.58257
        ]
      },
      "properties": {
        "description": "<b><u>Address:</u></b> 15310 HUEBNER RD # 116, SAN ANTONIO, TX 78248<br/><b><u>Type:</u></b> Private<br/><b><u>Enrollment:</u></b> 95",
        "styleUrl": "#Open"
      }
    },
    {
      "type": "Feature",
      "geometry": {
        "type": "Point",
        "coordinates": [
          -97.701391,
          30.31553
        ]
      },
      "properties": {
        "description": "<b><u>Address:</u></b> 5701 CAMERON RD, AUSTIN, TX 78723<br/><b><u>Type:</u></b> Private<br/><b><u>Enrollment:</u></b> 55",
        "styleUrl": "#Open"
      }
    },
    {
      "type": "Feature",
      "geometry": {
        "type": "Point",
        "coordinates": [
          -96.647585,
          32.911965
        ]
      },
      "properties": {
        "description": "<b><u>Address:</u></b> 214 S GARLAND AVE, GARLAND, TX 75040<br/><b><u>Type:</u></b> Private<br/><b><u>Enrollment:</u></b> 186",
        "styleUrl": "#Open"
      }
    },
    {
      "type": "Feature",
      "geometry": {
        "type": "Point",
        "coordinates": [
          -95.661419,
          29.789694
        ]
      },
      "properties": {
        "description": "<b><u>Address:</u></b> 15950 PARK ROW, HOUSTON, TX 77084<br/><b><u>Type:</u></b> Private<br/><b><u>Enrollment:</u></b> 88",
        "styleUrl": "#Open"
      }
    },
    {
      "type": "Feature",
      "geometry": {
        "type": "Point",
        "coordinates": [
          -106.40601,
          31.902498
        ]
      },
      "properties": {
        "description": "<b><u>Address:</u></b> 10080 DYER ST, EL PASO, TX 79924<br/><b><u>Type:</u></b> Private<br/><b><u>Enrollment:</u></b> 19",
        "styleUrl": "#Open"
      }
    },
    {
      "type": "Feature",
      "geometry": {
        "type": "Point",
        "coordinates": [
          -95.56546,
          29.573647
        ]
      },
      "properties": {
        "description": "<b><u>Address:</u></b> 3811 RAOUL WALLENBERG LN, MISSOURI CITY, TX 77459<br/><b><u>Type:</u></b> Private<br/><b><u>Enrollment:</u></b> 9",
        "styleUrl": "#Open"
      }
    },
    {
      "type": "Feature",
      "geometry": {
        "type": "Point",
        "coordinates": [
          -96.700576,
          32.984028
        ]
      },
      "properties": {
        "description": "<b><u>Address:</u></b> 2425 N PLANO RD, RICHARDSON, TX 75081<br/><b><u>Type:</u></b> Private<br/><b><u>Enrollment:</u></b> 20",
        "styleUrl": "#Open"
      }
    },
    {
      "type": "Feature",
      "geometry": {
        "type": "Point",
        "coordinates": [
          -97.125709,
          32.011184
        ]
      },
      "properties": {
        "description": "<b><u>Address:</u></b> 300 E FRANKLIN, HILLSBORO, TX 76645<br/><b><u>Type:</u></b> Private<br/><b><u>Enrollment:</u></b> 14",
        "styleUrl": "#Open"
      }
    },
    {
      "type": "Feature",
      "geometry": {
        "type": "Point",
        "coordinates": [
          -95.438431,
          29.70669
        ]
      },
      "properties": {
        "description": "<b><u>Address:</u></b> 3816 BELLAIRE BLVD, HOUSTON, TX 77025<br/><b><u>Type:</u></b> Private<br/><b><u>Enrollment:</u></b> 378",
        "styleUrl": "#Open"
      }
    },
    {
      "type": "Feature",
      "geometry": {
        "type": "Point",
        "coordinates": [
          -96.650392,
          33.624124
        ]
      },
      "properties": {
        "description": "<b><u>Address:</u></b> 3500 W HOUSTON ST, SHERMAN, TX 75092<br/><b><u>Type:</u></b> Private<br/><b><u>Enrollment:</u></b> 241",
        "styleUrl": "#Open"
      }
    },
    {
      "type": "Feature",
      "geometry": {
        "type": "Point",
        "coordinates": [
          -98.119021,
          26.20173
        ]
      },
      "properties": {
        "description": "<b><u>Address:</u></b> 932 N ALAMO RD, ALAMO, TX 78516<br/><b><u>Type:</u></b> Private<br/><b><u>Enrollment:</u></b> 38",
        "styleUrl": "#Open"
      }
    },
    {
      "type": "Feature",
      "geometry": {
        "type": "Point",
        "coordinates": [
          -97.143711,
          32.89134
        ]
      },
      "properties": {
        "description": "<b><u>Address:</u></b> 1513 HALL JOHNSON RD, COLLEYVILLE, TX 76034<br/><b><u>Type:</u></b> Private<br/><b><u>Enrollment:</u></b> 54",
        "styleUrl": "#Open"
      }
    },
    {
      "type": "Feature",
      "geometry": {
        "type": "Point",
        "coordinates": [
          -96.77999,
          32.925789
        ]
      },
      "properties": {
        "description": "<b><u>Address:</u></b> 7300 VALLEY VIEW LN, DALLAS, TX 75240<br/><b><u>Type:</u></b> Private<br/><b><u>Enrollment:</u></b> 670",
        "styleUrl": "#Open"
      }
    },
    {
      "type": "Feature",
      "geometry": {
        "type": "Point",
        "coordinates": [
          -97.159461,
          32.67342
        ]
      },
      "properties": {
        "description": "<b><u>Address:</u></b> 3300 W INTERSTATE 20, ARLINGTON, TX 76017<br/><b><u>Type:</u></b> Private<br/><b><u>Enrollment:</u></b> 503",
        "styleUrl": "#Open"
      }
    },
    {
      "type": "Feature",
      "geometry": {
        "type": "Point",
        "coordinates": [
          -97.181696,
          32.764581
        ]
      },
      "properties": {
        "description": "<b><u>Address:</u></b> 7950 JOHN T WHITE RD, FORT WORTH, TX 76120<br/><b><u>Type:</u></b> Private<br/><b><u>Enrollment:</u></b> 83",
        "styleUrl": "#Open"
      }
    },
    {
      "type": "Feature",
      "geometry": {
        "type": "Point",
        "coordinates": [
          -95.708761,
          29.04176
        ]
      },
      "properties": {
        "description": "<b><u>Address:</u></b> 904 TEXAS AVE, SWEENY, TX 77480<br/><b><u>Type:</u></b> Private<br/><b><u>Enrollment:</u></b> 30",
        "styleUrl": "#Open"
      }
    },
    {
      "type": "Feature",
      "geometry": {
        "type": "Point",
        "coordinates": [
          -97.386577,
          27.736137
        ]
      },
      "properties": {
        "description": "<b><u>Address:</u></b> 3875 S STAPLES ST, CORPUS CHRISTI, TX 78411<br/><b><u>Type:</u></b> Private<br/><b><u>Enrollment:</u></b> 264",
        "styleUrl": "#Open"
      }
    },
    {
      "type": "Feature",
      "geometry": {
        "type": "Point",
        "coordinates": [
          -97.253901,
          32.91134
        ]
      },
      "properties": {
        "description": "<b><u>Address:</u></b> 1308 WHITLEY RD, KELLER, TX 76248<br/><b><u>Type:</u></b> Private<br/><b><u>Enrollment:</u></b> 68",
        "styleUrl": "#Open"
      }
    },
    {
      "type": "Feature",
      "geometry": {
        "type": "Point",
        "coordinates": [
          -95.209848,
          30.064624
        ]
      },
      "properties": {
        "description": "<b><u>Address:</u></b> 2411 OAK SHORES DR, KINGWOOD, TX 77339<br/><b><u>Type:</u></b> Private<br/><b><u>Enrollment:</u></b> 360",
        "styleUrl": "#Open"
      }
    },
    {
      "type": "Feature",
      "geometry": {
        "type": "Point",
        "coordinates": [
          -96.801801,
          33.11295
        ]
      },
      "properties": {
        "description": "<b><u>Address:</u></b> 4115 OHIO DR, FRISCO, TX 75035<br/><b><u>Type:</u></b> Private<br/><b><u>Enrollment:</u></b> 14",
        "styleUrl": "#Open"
      }
    },
    {
      "type": "Feature",
      "geometry": {
        "type": "Point",
        "coordinates": [
          -95.632005,
          29.628859
        ]
      },
      "properties": {
        "description": "<b><u>Address:</u></b> 705 ST THERESA BLVD, SUGAR LAND, TX 77498<br/><b><u>Type:</u></b> Private<br/><b><u>Enrollment:</u></b> 202",
        "styleUrl": "#Open"
      }
    },
    {
      "type": "Feature",
      "geometry": {
        "type": "Point",
        "coordinates": [
          -97.092361,
          33.072631
        ]
      },
      "properties": {
        "description": "<b><u>Address:</u></b> 4010 JUSTIN RD, FLOWER MOUND, TX 75077<br/><b><u>Type:</u></b> Private<br/><b><u>Enrollment:</u></b> 43",
        "styleUrl": "#Open"
      }
    },
    {
      "type": "Feature",
      "geometry": {
        "type": "Point",
        "coordinates": [
          -97.683362,
          29.818014
        ]
      },
      "properties": {
        "description": "<b><u>Address:</u></b> 610 WESTWOOD RD, LOCKHART, TX 78644<br/><b><u>Type:</u></b> Private<br/><b><u>Enrollment:</u></b> 40",
        "styleUrl": "#Open"
      }
    },
    {
      "type": "Feature",
      "geometry": {
        "type": "Point",
        "coordinates": [
          -94.794774,
          29.30016
        ]
      },
      "properties": {
        "description": "<b><u>Address:</u></b> 2503 SEALY ST, GALVESTON, TX 77550<br/><b><u>Type:</u></b> Private<br/><b><u>Enrollment:</u></b> 30",
        "styleUrl": "#Open"
      }
    },
    {
      "type": "Feature",
      "geometry": {
        "type": "Point",
        "coordinates": [
          -101.886691,
          33.51743
        ]
      },
      "properties": {
        "description": "<b><u>Address:</u></b> 8315 INDIANA AVE, LUBBOCK, TX 79423<br/><b><u>Type:</u></b> Private<br/><b><u>Enrollment:</u></b> 43",
        "styleUrl": "#Open"
      }
    },
    {
      "type": "Feature",
      "geometry": {
        "type": "Point",
        "coordinates": [
          -98.736801,
          29.78361
        ]
      },
      "properties": {
        "description": "<b><u>Address:</u></b> 631 S SCHOOL ST, BOERNE, TX 78006<br/><b><u>Type:</u></b> Private<br/><b><u>Enrollment:</u></b> 145",
        "styleUrl": "#Open"
      }
    },
    {
      "type": "Feature",
      "geometry": {
        "type": "Point",
        "coordinates": [
          -95.018316,
          29.380968
        ]
      },
      "properties": {
        "description": "<b><u>Address:</u></b> 5130 HALLAM RD, LAMARQUE, TX 77568<br/><b><u>Type:</u></b> Private<br/><b><u>Enrollment:</u></b> 92",
        "styleUrl": "#Open"
      }
    },
    {
      "type": "Feature",
      "geometry": {
        "type": "Point",
        "coordinates": [
          -97.892621,
          30.36917
        ]
      },
      "properties": {
        "description": "<b><u>Address:</u></b> 2900 N QUINLAN PARK RD STE 400, AUSTIN, TX 78732<br/><b><u>Type:</u></b> Private<br/><b><u>Enrollment:</u></b> 11",
        "styleUrl": "#Open"
      }
    },
    {
      "type": "Feature",
      "geometry": {
        "type": "Point",
        "coordinates": [
          -96.829201,
          32.85153
        ]
      },
      "properties": {
        "description": "<b><u>Address:</u></b> 4705 W LOVERS LN, DALLAS, TX 75209<br/><b><u>Type:</u></b> Private<br/><b><u>Enrollment:</u></b> 6",
        "styleUrl": "#Open"
      }
    },
    {
      "type": "Feature",
      "geometry": {
        "type": "Point",
        "coordinates": [
          -102.685187,
          32.683709
        ]
      },
      "properties": {
        "description": "<b><u>Address:</u></b> 390 COUNTY ROAD 303 H, SEMINOLE, TX 79360<br/><b><u>Type:</u></b> Private<br/><b><u>Enrollment:</u></b> 124",
        "styleUrl": "#Open"
      }
    },
    {
      "type": "Feature",
      "geometry": {
        "type": "Point",
        "coordinates": [
          -95.44024,
          29.915223
        ]
      },
      "properties": {
        "description": "<b><u>Address:</u></b> 1122 W RD, HOUSTON, TX 77038<br/><b><u>Type:</u></b> Private<br/><b><u>Enrollment:</u></b> 39",
        "styleUrl": "#Open"
      }
    },
    {
      "type": "Feature",
      "geometry": {
        "type": "Point",
        "coordinates": [
          -98.464501,
          29.46145
        ]
      },
      "properties": {
        "description": "<b><u>Address:</u></b> 217 PERSHING AVE, SAN ANTONIO, TX 78209<br/><b><u>Type:</u></b> Private<br/><b><u>Enrollment:</u></b> 73",
        "styleUrl": "#Open"
      }
    },
    {
      "type": "Feature",
      "geometry": {
        "type": "Point",
        "coordinates": [
          -97.731871,
          30.30222
        ]
      },
      "properties": {
        "description": "<b><u>Address:</u></b> 3901 SPEEDWAY DR, AUSTIN, TX 78751<br/><b><u>Type:</u></b> Private<br/><b><u>Enrollment:</u></b> 739",
        "styleUrl": "#Open"
      }
    },
    {
      "type": "Feature",
      "geometry": {
        "type": "Point",
        "coordinates": [
          -96.943351,
          32.84369
        ]
      },
      "properties": {
        "description": "<b><u>Address:</u></b> 2700 WARREN CIR, IRVING, TX 75062<br/><b><u>Type:</u></b> Private<br/><b><u>Enrollment:</u></b> 59",
        "styleUrl": "#Open"
      }
    },
    {
      "type": "Feature",
      "geometry": {
        "type": "Point",
        "coordinates": [
          -98.288586,
          29.373216
        ]
      },
      "properties": {
        "description": "<b><u>Address:</u></b> 5212 FM 1628, ADKINS, TX 78101<br/><b><u>Type:</u></b> Private<br/><b><u>Enrollment:</u></b> 71",
        "styleUrl": "#Open"
      }
    },
    {
      "type": "Feature",
      "geometry": {
        "type": "Point",
        "coordinates": [
          -97.379311,
          32.67791
        ]
      },
      "properties": {
        "description": "<b><u>Address:</u></b> 4833 SELKIRK DR, FORT WORTH, TX 76109<br/><b><u>Type:</u></b> Private<br/><b><u>Enrollment:</u></b> 77",
        "styleUrl": "#Open"
      }
    },
    {
      "type": "Feature",
      "geometry": {
        "type": "Point",
        "coordinates": [
          -95.247785,
          31.964094
        ]
      },
      "properties": {
        "description": "<b><u>Address:</u></b> 210 PHILIP ST, JACKSONVILLE, TX 75766<br/><b><u>Type:</u></b> Private<br/><b><u>Enrollment:</u></b> 5",
        "styleUrl": "#Open"
      }
    },
    {
      "type": "Feature",
      "geometry": {
        "type": "Point",
        "coordinates": [
          -96.476648,
          32.859971
        ]
      },
      "properties": {
        "description": "<b><u>Address:</u></b> 1524 SMIRL DR, ROCKWALL, TX 75032<br/><b><u>Type:</u></b> Private<br/><b><u>Enrollment:</u></b> 13",
        "styleUrl": "#Open"
      }
    },
    {
      "type": "Feature",
      "geometry": {
        "type": "Point",
        "coordinates": [
          -95.48808,
          30.375333
        ]
      },
      "properties": {
        "description": "<b><u>Address:</u></b> 4503 INTERSTATE 45 N, CONROE, TX 77304<br/><b><u>Type:</u></b> Private<br/><b><u>Enrollment:</u></b> 392",
        "styleUrl": "#Open"
      }
    },
    {
      "type": "Feature",
      "geometry": {
        "type": "Point",
        "coordinates": [
          -95.592251,
          29.77061
        ]
      },
      "properties": {
        "description": "<b><u>Address:</u></b> 14120 MEMORIAL DR, HOUSTON, TX 77079<br/><b><u>Type:</u></b> Private<br/><b><u>Enrollment:</u></b> 104",
        "styleUrl": "#Open"
      }
    },
    {
      "type": "Feature",
      "geometry": {
        "type": "Point",
        "coordinates": [
          -99.316949,
          34.156431
        ]
      },
      "properties": {
        "description": "<b><u>Address:</u></b> 4405 HOSPITAL DR, VERNON, TX 76384<br/><b><u>Type:</u></b> Private<br/><b><u>Enrollment:</u></b> 6",
        "styleUrl": "#Open"
      }
    },
    {
      "type": "Feature",
      "geometry": {
        "type": "Point",
        "coordinates": [
          -95.443139,
          29.744282
        ]
      },
      "properties": {
        "description": "<b><u>Address:</u></b> 2300 WILLOWICK RD, HOUSTON, TX 77027<br/><b><u>Type:</u></b> Private<br/><b><u>Enrollment:</u></b> 778",
        "styleUrl": "#Open"
      }
    },
    {
      "type": "Feature",
      "geometry": {
        "type": "Point",
        "coordinates": [
          -97.684891,
          26.190922
        ]
      },
      "properties": {
        "description": "<b><u>Address:</u></b> 1015 E HARRISON AVE, HARLINGEN, TX 78550<br/><b><u>Type:</u></b> Private<br/><b><u>Enrollment:</u></b> 72",
        "styleUrl": "#Open"
      }
    },
    {
      "type": "Feature",
      "geometry": {
        "type": "Point",
        "coordinates": [
          -95.441134,
          29.674878
        ]
      },
      "properties": {
        "description": "<b><u>Address:</u></b> 4005 CHEENA DR, HOUSTON, TX 77025<br/><b><u>Type:</u></b> Private<br/><b><u>Enrollment:</u></b> 135",
        "styleUrl": "#Open"
      }
    },
    {
      "type": "Feature",
      "geometry": {
        "type": "Point",
        "coordinates": [
          -95.428496,
          29.704806
        ]
      },
      "properties": {
        "description": "<b><u>Address:</u></b> 6802 BUFFALO SPEEDWAY, HOUSTON, TX 77025<br/><b><u>Type:</u></b> Private<br/><b><u>Enrollment:</u></b> 470",
        "styleUrl": "#Open"
      }
    },
    {
      "type": "Feature",
      "geometry": {
        "type": "Point",
        "coordinates": [
          -96.988001,
          30.11411
        ]
      },
      "properties": {
        "description": "<b><u>Address:</u></b> 1578 COUNTY ROAD 211, GIDDINGS, TX 78942<br/><b><u>Type:</u></b> Private<br/><b><u>Enrollment:</u></b> 72",
        "styleUrl": "#Open"
      }
    },
    {
      "type": "Feature",
      "geometry": {
        "type": "Point",
        "coordinates": [
          -97.745886,
          28.403847
        ]
      },
      "properties": {
        "description": "<b><u>Address:</u></b> 105 N ADAMS ST, BEEVILLE, TX 78102<br/><b><u>Type:</u></b> Private<br/><b><u>Enrollment:</u></b> 52",
        "styleUrl": "#Open"
      }
    },
    {
      "type": "Feature",
      "geometry": {
        "type": "Point",
        "coordinates": [
          -97.865216,
          27.448805
        ]
      },
      "properties": {
        "description": "<b><u>Address:</u></b> 223 N FM 772, KINGSVILLE, TX 78364<br/><b><u>Type:</u></b> Private<br/><b><u>Enrollment:</u></b> 86",
        "styleUrl": "#Open"
      }
    },
    {
      "type": "Feature",
      "geometry": {
        "type": "Point",
        "coordinates": [
          -96.729881,
          32.87928
        ]
      },
      "properties": {
        "description": "<b><u>Address:</u></b> 9727 WHITE ROCK TRL, DALLAS, TX 75238<br/><b><u>Type:</u></b> Private<br/><b><u>Enrollment:</u></b> 49",
        "styleUrl": "#Open"
      }
    },
    {
      "type": "Feature",
      "geometry": {
        "type": "Point",
        "coordinates": [
          -94.966411,
          29.78495
        ]
      },
      "properties": {
        "description": "<b><u>Address:</u></b> 5555 N MAIN ST, BAYTOWN, TX 77521<br/><b><u>Type:</u></b> Private<br/><b><u>Enrollment:</u></b> 228",
        "styleUrl": "#Open"
      }
    },
    {
      "type": "Feature",
      "geometry": {
        "type": "Point",
        "coordinates": [
          -97.154861,
          32.86647
        ]
      },
      "properties": {
        "description": "<b><u>Address:</u></b> 901 CHEEK SPARGER RD, COLLEYVILLE, TX 76034<br/><b><u>Type:</u></b> Private<br/><b><u>Enrollment:</u></b> 504",
        "styleUrl": "#Open"
      }
    },
    {
      "type": "Feature",
      "geometry": {
        "type": "Point",
        "coordinates": [
          -95.539851,
          30.699457
        ]
      },
      "properties": {
        "description": "<b><u>Address:</u></b> 2817 OLD HOUSTON RD, HUNTSVILLE, TX 77340<br/><b><u>Type:</u></b> Private<br/><b><u>Enrollment:</u></b> 5",
        "styleUrl": "#Open"
      }
    },
    {
      "type": "Feature",
      "geometry": {
        "type": "Point",
        "coordinates": [
          -95.375369,
          29.865639
        ]
      },
      "properties": {
        "description": "<b><u>Address:</u></b> 215 RITTENHOUSE ST, HOUSTON, TX 77076<br/><b><u>Type:</u></b> Private<br/><b><u>Enrollment:</u></b> 6",
        "styleUrl": "#Open"
      }
    },
    {
      "type": "Feature",
      "geometry": {
        "type": "Point",
        "coordinates": [
          -96.744199,
          33.09042
        ]
      },
      "properties": {
        "description": "<b><u>Address:</u></b> 2412 LOFTSMOOR LN, PLANO, TX 75025<br/><b><u>Type:</u></b> Private<br/><b><u>Enrollment:</u></b> 5",
        "styleUrl": "#Open"
      }
    },
    {
      "type": "Feature",
      "geometry": {
        "type": "Point",
        "coordinates": [
          -95.243661,
          30.087
        ]
      },
      "properties": {
        "description": "<b><u>Address:</u></b> 21519 W WALLIS DR, PORTER, TX 77365<br/><b><u>Type:</u></b> Private<br/><b><u>Enrollment:</u></b> 82",
        "styleUrl": "#Open"
      }
    },
    {
      "type": "Feature",
      "geometry": {
        "type": "Point",
        "coordinates": [
          -95.139985,
          29.578057
        ]
      },
      "properties": {
        "description": "<b><u>Address:</u></b> 1051 PINELOCH STE 900, HOUSTON, TX 77062<br/><b><u>Type:</u></b> Private<br/><b><u>Enrollment:</u></b> 26",
        "styleUrl": "#Open"
      }
    },
    {
      "type": "Feature",
      "geometry": {
        "type": "Point",
        "coordinates": [
          -99.510081,
          27.53575
        ]
      },
      "properties": {
        "description": "<b><u>Address:</u></b> 4020 SANTA MARIA AVE, LAREDO, TX 78041<br/><b><u>Type:</u></b> Private<br/><b><u>Enrollment:</u></b> 100",
        "styleUrl": "#Open"
      }
    },
    {
      "type": "Feature",
      "geometry": {
        "type": "Point",
        "coordinates": [
          -94.738772,
          32.493048
        ]
      },
      "properties": {
        "description": "<b><u>Address:</u></b> 209 E S ST, LONGVIEW, TX 75601<br/><b><u>Type:</u></b> Private<br/><b><u>Enrollment:</u></b> 10",
        "styleUrl": "#Open"
      }
    },
    {
      "type": "Feature",
      "geometry": {
        "type": "Point",
        "coordinates": [
          -97.405661,
          32.629354
        ]
      },
      "properties": {
        "description": "<b><u>Address:</u></b> 5330 COLUMBUS TRL, FORT WORTH, TX 76123<br/><b><u>Type:</u></b> Private<br/><b><u>Enrollment:</u></b> 8",
        "styleUrl": "#Open"
      }
    },
    {
      "type": "Feature",
      "geometry": {
        "type": "Point",
        "coordinates": [
          -97.840269,
          30.558135
        ]
      },
      "properties": {
        "description": "<b><u>Address:</u></b> 1730 UNION ST, LEANDER, TX 78641<br/><b><u>Type:</u></b> Private<br/><b><u>Enrollment:</u></b> 24",
        "styleUrl": "#Open"
      }
    },
    {
      "type": "Feature",
      "geometry": {
        "type": "Point",
        "coordinates": [
          -97.046541,
          28.032696
        ]
      },
      "properties": {
        "description": "<b><u>Address:</u></b> 1422 E CEDAR, ROCKPORT, TX 78382<br/><b><u>Type:</u></b> Private<br/><b><u>Enrollment:</u></b> 36",
        "styleUrl": "#Open"
      }
    },
    {
      "type": "Feature",
      "geometry": {
        "type": "Point",
        "coordinates": [
          -97.146891,
          31.54636
        ]
      },
      "properties": {
        "description": "<b><u>Address:</u></b> 1920 COLUMBUS AVE, WACO, TX 76701<br/><b><u>Type:</u></b> Private<br/><b><u>Enrollment:</u></b> 152",
        "styleUrl": "#Open"
      }
    },
    {
      "type": "Feature",
      "geometry": {
        "type": "Point",
        "coordinates": [
          -98.617871,
          29.40331
        ]
      },
      "properties": {
        "description": "<b><u>Address:</u></b> 6622 W US HIGHWAY 90, SAN ANTONIO, TX 78227<br/><b><u>Type:</u></b> Private<br/><b><u>Enrollment:</u></b> 56",
        "styleUrl": "#Open"
      }
    },
    {
      "type": "Feature",
      "geometry": {
        "type": "Point",
        "coordinates": [
          -98.554911,
          29.53925
        ]
      },
      "properties": {
        "description": "<b><u>Address:</u></b> 10703 WURZBACH RD, SAN ANTONIO, TX 78230<br/><b><u>Type:</u></b> Private<br/><b><u>Enrollment:</u></b> 586",
        "styleUrl": "#Open"
      }
    },
    {
      "type": "Feature",
      "geometry": {
        "type": "Point",
        "coordinates": [
          -95.538381,
          30.18313
        ]
      },
      "properties": {
        "description": "<b><u>Address:</u></b> 6909 LAKE WOODLANDS DR, THE WOODLANDS, TX 77382<br/><b><u>Type:</u></b> Private<br/><b><u>Enrollment:</u></b> 11",
        "styleUrl": "#Open"
      }
    },
    {
      "type": "Feature",
      "geometry": {
        "type": "Point",
        "coordinates": [
          -95.508111,
          30.13969
        ]
      },
      "properties": {
        "description": "<b><u>Address:</u></b> 5655 CREEKSIDE FOREST DR, THE WOODLANDS, TX 77389<br/><b><u>Type:</u></b> Private<br/><b><u>Enrollment:</u></b> 87",
        "styleUrl": "#Open"
      }
    },
    {
      "type": "Feature",
      "geometry": {
        "type": "Point",
        "coordinates": [
          -96.714701,
          32.95365
        ]
      },
      "properties": {
        "description": "<b><u>Address:</u></b> 401 N BOWSER RD STE 101, RICHARDSON, TX 75081<br/><b><u>Type:</u></b> Private<br/><b><u>Enrollment:</u></b> 88",
        "styleUrl": "#Open"
      }
    },
    {
      "type": "Feature",
      "geometry": {
        "type": "Point",
        "coordinates": [
          -98.544481,
          29.569474
        ]
      },
      "properties": {
        "description": "<b><u>Address:</u></b> 3003 SHOLOM DR # 200, SAN ANTONIO, TX 78230<br/><b><u>Type:</u></b> Private<br/><b><u>Enrollment:</u></b> 46",
        "styleUrl": "#Open"
      }
    },
    {
      "type": "Feature",
      "geometry": {
        "type": "Point",
        "coordinates": [
          -97.131934,
          32.944284
        ]
      },
      "properties": {
        "description": "<b><u>Address:</u></b> 301 STATE ST STE 200, SOUTHLAKE, TX 76092<br/><b><u>Type:</u></b> Private<br/><b><u>Enrollment:</u></b> 44",
        "styleUrl": "#Open"
      }
    },
    {
      "type": "Feature",
      "geometry": {
        "type": "Point",
        "coordinates": [
          -99.682131,
          32.46645
        ]
      },
      "properties": {
        "description": "<b><u>Address:</u></b> 2542 E OVERLAND TRL., ABILENE, TX 79601<br/><b><u>Type:</u></b> Private<br/><b><u>Enrollment:</u></b> 7",
        "styleUrl": "#Open"
      }
    },
    {
      "type": "Feature",
      "geometry": {
        "type": "Point",
        "coordinates": [
          -96.920811,
          30.057316
        ]
      },
      "properties": {
        "description": "<b><u>Address:</u></b> 600 FM 1482, GIDDINGS, TX 78942<br/><b><u>Type:</u></b> Private<br/><b><u>Enrollment:</u></b> 17",
        "styleUrl": "#Open"
      }
    },
    {
      "type": "Feature",
      "geometry": {
        "type": "Point",
        "coordinates": [
          -98.27663,
          30.557085
        ]
      },
      "properties": {
        "description": "<b><u>Address:</u></b> 901 LA VENTANA, MARBLE FALLS, TX 78654<br/><b><u>Type:</u></b> Private<br/><b><u>Enrollment:</u></b> 69",
        "styleUrl": "#Open"
      }
    },
    {
      "type": "Feature",
      "geometry": {
        "type": "Point",
        "coordinates": [
          -95.566181,
          29.60091
        ]
      },
      "properties": {
        "description": "<b><u>Address:</u></b> 3900 LEXINGTON BLVD, MISSOURI CITY, TX 77459<br/><b><u>Type:</u></b> Private<br/><b><u>Enrollment:</u></b> 15",
        "styleUrl": "#Open"
      }
    },
    {
      "type": "Feature",
      "geometry": {
        "type": "Point",
        "coordinates": [
          -100.477891,
          28.72914
        ]
      },
      "properties": {
        "description": "<b><u>Address:</u></b> 2435 N VETERANS BLVD, EAGLE PASS, TX 78852<br/><b><u>Type:</u></b> Private<br/><b><u>Enrollment:</u></b> 9",
        "styleUrl": "#Open"
      }
    },
    {
      "type": "Feature",
      "geometry": {
        "type": "Point",
        "coordinates": [
          -97.848206,
          30.236922
        ]
      },
      "properties": {
        "description": "<b><u>Address:</u></b> 5677 OAK BLVD, AUSTIN, TX 78735<br/><b><u>Type:</u></b> Private<br/><b><u>Enrollment:</u></b> 225",
        "styleUrl": "#Open"
      }
    },
    {
      "type": "Feature",
      "geometry": {
        "type": "Point",
        "coordinates": [
          -98.554804,
          29.220435
        ]
      },
      "properties": {
        "description": "<b><u>Address:</u></b> 2627 OAK ISLAND DR, SAN ANTONIO, TX 78264<br/><b><u>Type:</u></b> Private<br/><b><u>Enrollment:</u></b> 7",
        "styleUrl": "#Open"
      }
    },
    {
      "type": "Feature",
      "geometry": {
        "type": "Point",
        "coordinates": [
          -96.847117,
          33.0315
        ]
      },
      "properties": {
        "description": "<b><u>Address:</u></b> 6801 W PARK BLVD, PLANO, TX 75093<br/><b><u>Type:</u></b> Private<br/><b><u>Enrollment:</u></b> 59",
        "styleUrl": "#Open"
      }
    },
    {
      "type": "Feature",
      "geometry": {
        "type": "Point",
        "coordinates": [
          -95.584069,
          29.547474
        ]
      },
      "properties": {
        "description": "<b><u>Address:</u></b> 18812 NOBLE SEVEN LN, SUGAR LAND, TX 77479<br/><b><u>Type:</u></b> Private<br/><b><u>Enrollment:</u></b> 5",
        "styleUrl": "#Open"
      }
    },
    {
      "type": "Feature",
      "geometry": {
        "type": "Point",
        "coordinates": [
          -97.738121,
          30.31762
        ]
      },
      "properties": {
        "description": "<b><u>Address:</u></b> 4700 GROVER AVE, AUSTIN, TX 78756<br/><b><u>Type:</u></b> Private<br/><b><u>Enrollment:</u></b> 34",
        "styleUrl": "#Open"
      }
    },
    {
      "type": "Feature",
      "geometry": {
        "type": "Point",
        "coordinates": [
          -94.725626,
          32.499391
        ]
      },
      "properties": {
        "description": "<b><u>Address:</u></b> 215 N TEAGUE ST, LONGVIEW, TX 75601<br/><b><u>Type:</u></b> Private<br/><b><u>Enrollment:</u></b> 224",
        "styleUrl": "#Open"
      }
    },
    {
      "type": "Feature",
      "geometry": {
        "type": "Point",
        "coordinates": [
          -93.980061,
          29.96326
        ]
      },
      "properties": {
        "description": "<b><u>Address:</u></b> 1503 S 16TH ST, NEDERLAND, TX 77627<br/><b><u>Type:</u></b> Private<br/><b><u>Enrollment:</u></b> 4",
        "styleUrl": "#Open"
      }
    },
    {
      "type": "Feature",
      "geometry": {
        "type": "Point",
        "coordinates": [
          -97.819252,
          30.464406
        ]
      },
      "properties": {
        "description": "<b><u>Address:</u></b> 3351 LITTLE ELM TRL, CEDAR PARK, TX 78613<br/><b><u>Type:</u></b> Private<br/><b><u>Enrollment:</u></b> 560",
        "styleUrl": "#Open"
      }
    },
    {
      "type": "Feature",
      "geometry": {
        "type": "Point",
        "coordinates": [
          -97.100561,
          32.89684
        ]
      },
      "properties": {
        "description": "<b><u>Address:</u></b> 3750 WILLIAM D TATE AVE, GRAPEVINE, TX 76051<br/><b><u>Type:</u></b> Private<br/><b><u>Enrollment:</u></b> 218",
        "styleUrl": "#Open"
      }
    },
    {
      "type": "Feature",
      "geometry": {
        "type": "Point",
        "coordinates": [
          -97.320681,
          30.111396
        ]
      },
      "properties": {
        "description": "<b><u>Address:</u></b> 603 SPRING ST, BASTROP, TX 78602<br/><b><u>Type:</u></b> Private<br/><b><u>Enrollment:</u></b> 82",
        "styleUrl": "#Open"
      }
    },
    {
      "type": "Feature",
      "geometry": {
        "type": "Point",
        "coordinates": [
          -97.690366,
          30.515973
        ]
      },
      "properties": {
        "description": "<b><u>Address:</u></b> 14 CHISHOLM TRL RD, ROUND ROCK, TX 78681<br/><b><u>Type:</u></b> Private<br/><b><u>Enrollment:</u></b> 45",
        "styleUrl": "#Open"
      }
    },
    {
      "type": "Feature",
      "geometry": {
        "type": "Point",
        "coordinates": [
          -96.792865,
          32.997498
        ]
      },
      "properties": {
        "description": "<b><u>Address:</u></b> 6506 FRANKFORD RD, DALLAS, TX 75252<br/><b><u>Type:</u></b> Private<br/><b><u>Enrollment:</u></b> 41",
        "styleUrl": "#Open"
      }
    },
    {
      "type": "Feature",
      "geometry": {
        "type": "Point",
        "coordinates": [
          -97.750531,
          28.40706
        ]
      },
      "properties": {
        "description": "<b><u>Address:</u></b> 600 N ST MARY'S, BEEVILLE, TX 78102<br/><b><u>Type:</u></b> Private<br/><b><u>Enrollment:</u></b> 43",
        "styleUrl": "#Open"
      }
    },
    {
      "type": "Feature",
      "geometry": {
        "type": "Point",
        "coordinates": [
          -95.769221,
          29.74504
        ]
      },
      "properties": {
        "description": "<b><u>Address:</u></b> 2530 S PEEK RD, KATY, TX 77450<br/><b><u>Type:</u></b> Private<br/><b><u>Enrollment:</u></b> 10",
        "styleUrl": "#Open"
      }
    },
    {
      "type": "Feature",
      "geometry": {
        "type": "Point",
        "coordinates": [
          -95.501431,
          29.97019
        ]
      },
      "properties": {
        "description": "<b><u>Address:</u></b> 12135 MIGHTY OAK DR, HOUSTON, TX 77066<br/><b><u>Type:</u></b> Private<br/><b><u>Enrollment:</u></b> 18",
        "styleUrl": "#Open"
      }
    },
    {
      "type": "Feature",
      "geometry": {
        "type": "Point",
        "coordinates": [
          -95.456211,
          29.70697
        ]
      },
      "properties": {
        "description": "<b><u>Address:</u></b> 4600 BELLAIRE BLVD, BELLAIRE, TX 77401<br/><b><u>Type:</u></b> Private<br/><b><u>Enrollment:</u></b> 7",
        "styleUrl": "#Open"
      }
    },
    {
      "type": "Feature",
      "geometry": {
        "type": "Point",
        "coordinates": [
          -95.631311,
          29.91557
        ]
      },
      "properties": {
        "description": "<b><u>Address:</u></b> 9507 HUFFMEISTER RD, HOUSTON, TX 77095<br/><b><u>Type:</u></b> Private<br/><b><u>Enrollment:</u></b> 12",
        "styleUrl": "#Open"
      }
    },
    {
      "type": "Feature",
      "geometry": {
        "type": "Point",
        "coordinates": [
          -96.640027,
          32.808197
        ]
      },
      "properties": {
        "description": "<b><u>Address:</u></b> 2701 N TOWN E BLVD, MESQUITE, TX 75150<br/><b><u>Type:</u></b> Private<br/><b><u>Enrollment:</u></b> 5",
        "styleUrl": "#Open"
      }
    },
    {
      "type": "Feature",
      "geometry": {
        "type": "Point",
        "coordinates": [
          -95.164261,
          29.51658
        ]
      },
      "properties": {
        "description": "<b><u>Address:</u></b> 3200 W BAY AREA BLVD, FRIENDSWOOD, TX 77546<br/><b><u>Type:</u></b> Private<br/><b><u>Enrollment:</u></b> 112",
        "styleUrl": "#Open"
      }
    },
    {
      "type": "Feature",
      "geometry": {
        "type": "Point",
        "coordinates": [
          -95.283655,
          29.567765
        ]
      },
      "properties": {
        "description": "<b><u>Address:</u></b> 2121 N GRAND BLVD, PEARLAND, TX 77581<br/><b><u>Type:</u></b> Private<br/><b><u>Enrollment:</u></b> 18",
        "styleUrl": "#Open"
      }
    },
    {
      "type": "Feature",
      "geometry": {
        "type": "Point",
        "coordinates": [
          -101.860041,
          35.17033
        ]
      },
      "properties": {
        "description": "<b><u>Address:</u></b> 4118 S BONHAM ST, AMARILLO, TX 79110<br/><b><u>Type:</u></b> Private<br/><b><u>Enrollment:</u></b> 104",
        "styleUrl": "#Open"
      }
    },
    {
      "type": "Feature",
      "geometry": {
        "type": "Point",
        "coordinates": [
          -96.847331,
          32.77754
        ]
      },
      "properties": {
        "description": "<b><u>Address:</u></b> 1716 SINGLETON BLVD, DALLAS, TX 75212<br/><b><u>Type:</u></b> Private<br/><b><u>Enrollment:</u></b> 134",
        "styleUrl": "#Open"
      }
    },
    {
      "type": "Feature",
      "geometry": {
        "type": "Point",
        "coordinates": [
          -95.511331,
          29.82048
        ]
      },
      "properties": {
        "description": "<b><u>Address:</u></b> 8825 KEMPWOOD DR, HOUSTON, TX 77080<br/><b><u>Type:</u></b> Private<br/><b><u>Enrollment:</u></b> 127",
        "styleUrl": "#Open"
      }
    },
    {
      "type": "Feature",
      "geometry": {
        "type": "Point",
        "coordinates": [
          -95.001642,
          29.724816
        ]
      },
      "properties": {
        "description": "<b><u>Address:</u></b> 1811 CAROLINA ST, BAYTOWN, TX 77520<br/><b><u>Type:</u></b> Private<br/><b><u>Enrollment:</u></b> 89",
        "styleUrl": "#Open"
      }
    },
    {
      "type": "Feature",
      "geometry": {
        "type": "Point",
        "coordinates": [
          -97.396964,
          27.78616
        ]
      },
      "properties": {
        "description": "<b><u>Address:</u></b> 602 S CARANCAHUA ST, CORPUS CHRISTI, TX 78401<br/><b><u>Type:</u></b> Private<br/><b><u>Enrollment:</u></b> 155",
        "styleUrl": "#Open"
      }
    },
    {
      "type": "Feature",
      "geometry": {
        "type": "Point",
        "coordinates": [
          -98.225441,
          26.2264
        ]
      },
      "properties": {
        "description": "<b><u>Address:</u></b> 2500 N 10TH ST, MCALLEN, TX 78501<br/><b><u>Type:</u></b> Private<br/><b><u>Enrollment:</u></b> 154",
        "styleUrl": "#Open"
      }
    },
    {
      "type": "Feature",
      "geometry": {
        "type": "Point",
        "coordinates": [
          -99.709795,
          32.479538
        ]
      },
      "properties": {
        "description": "<b><u>Address:</u></b> 2550 N JUDGE ELY BLVD, ABILENE, TX 79601<br/><b><u>Type:</u></b> Private<br/><b><u>Enrollment:</u></b> 380",
        "styleUrl": "#Open"
      }
    },
    {
      "type": "Feature",
      "geometry": {
        "type": "Point",
        "coordinates": [
          -96.992261,
          28.83082
        ]
      },
      "properties": {
        "description": "<b><u>Address:</u></b> 4100 N LAURENT ST, VICTORIA, TX 77901<br/><b><u>Type:</u></b> Private<br/><b><u>Enrollment:</u></b> 44",
        "styleUrl": "#Open"
      }
    },
    {
      "type": "Feature",
      "geometry": {
        "type": "Point",
        "coordinates": [
          -94.404173,
          32.807133
        ]
      },
      "properties": {
        "description": "<b><u>Address:</u></b> 3060 FM 728, JEFFERSON, TX 75657<br/><b><u>Type:</u></b> Private<br/><b><u>Enrollment:</u></b> 14",
        "styleUrl": "#Open"
      }
    },
    {
      "type": "Feature",
      "geometry": {
        "type": "Point",
        "coordinates": [
          -98.301661,
          29.54964
        ]
      },
      "properties": {
        "description": "<b><u>Address:</u></b> 1401 PAT BOOKER RD, UNIVERSAL CITY, TX 78148<br/><b><u>Type:</u></b> Private<br/><b><u>Enrollment:</u></b> 256",
        "styleUrl": "#Open"
      }
    },
    {
      "type": "Feature",
      "geometry": {
        "type": "Point",
        "coordinates": [
          -97.421631,
          32.65152
        ]
      },
      "properties": {
        "description": "<b><u>Address:</u></b> 7301 DUTCH BRANCH RD, FORT WORTH, TX 76132<br/><b><u>Type:</u></b> Private<br/><b><u>Enrollment:</u></b> 169",
        "styleUrl": "#Open"
      }
    },
    {
      "type": "Feature",
      "geometry": {
        "type": "Point",
        "coordinates": [
          -97.314895,
          26.115281
        ]
      },
      "properties": {
        "description": "<b><u>Address:</u></b> 30640 HOLLY BCH, LAGUNA VISTA, TX 78578<br/><b><u>Type:</u></b> Private<br/><b><u>Enrollment:</u></b> 33",
        "styleUrl": "#Open"
      }
    },
    {
      "type": "Feature",
      "geometry": {
        "type": "Point",
        "coordinates": [
          -95.388756,
          29.730281
        ]
      },
      "properties": {
        "description": "<b><u>Address:</u></b> 1 CHELSEA BLVD, HOUSTON, TX 77006<br/><b><u>Type:</u></b> Private<br/><b><u>Enrollment:</u></b> 147",
        "styleUrl": "#Open"
      }
    },
    {
      "type": "Feature",
      "geometry": {
        "type": "Point",
        "coordinates": [
          -96.844391,
          32.93493
        ]
      },
      "properties": {
        "description": "<b><u>Address:</u></b> 4101 SIGMA RD, DALLAS, TX 75244<br/><b><u>Type:</u></b> Private<br/><b><u>Enrollment:</u></b> 1100",
        "styleUrl": "#Open"
      }
    },
    {
      "type": "Feature",
      "geometry": {
        "type": "Point",
        "coordinates": [
          -96.903071,
          32.97488
        ]
      },
      "properties": {
        "description": "<b><u>Address:</u></b> 1200 E JACKSON RD BLDG 2, CARROLLTON, TX 75006<br/><b><u>Type:</u></b> Private<br/><b><u>Enrollment:</u></b> 42",
        "styleUrl": "#Open"
      }
    },
    {
      "type": "Feature",
      "geometry": {
        "type": "Point",
        "coordinates": [
          -97.740719,
          30.374666
        ]
      },
      "properties": {
        "description": "<b><u>Address:</u></b> 3500 HIGH RIDGE DR, AUSTIN, TX 78759<br/><b><u>Type:</u></b> Private<br/><b><u>Enrollment:</u></b> 18",
        "styleUrl": "#Open"
      }
    },
    {
      "type": "Feature",
      "geometry": {
        "type": "Point",
        "coordinates": [
          -98.548061,
          29.50932
        ]
      },
      "properties": {
        "description": "<b><u>Address:</u></b> 3355 CHERRY RIDGE DR STE 200A, SAN ANTONIO, TX 78230<br/><b><u>Type:</u></b> Private<br/><b><u>Enrollment:</u></b> 41",
        "styleUrl": "#Open"
      }
    },
    {
      "type": "Feature",
      "geometry": {
        "type": "Point",
        "coordinates": [
          -98.479372,
          29.664918
        ]
      },
      "properties": {
        "description": "<b><u>Address:</u></b> 975 MISSION SPRINGS, SAN ANTONIO, TX 78258<br/><b><u>Type:</u></b> Private<br/><b><u>Enrollment:</u></b> 90",
        "styleUrl": "#Open"
      }
    },
    {
      "type": "Feature",
      "geometry": {
        "type": "Point",
        "coordinates": [
          -95.737142,
          29.779185
        ]
      },
      "properties": {
        "description": "<b><u>Address:</u></b> 700 WESTGREEN BLVD, KATY, TX 77450<br/><b><u>Type:</u></b> Private<br/><b><u>Enrollment:</u></b> 17",
        "styleUrl": "#Open"
      }
    },
    {
      "type": "Feature",
      "geometry": {
        "type": "Point",
        "coordinates": [
          -96.923851,
          28.84394
        ]
      },
      "properties": {
        "description": "<b><u>Address:</u></b> 539 WACO CIR, VICTORIA, TX 77904<br/><b><u>Type:</u></b> Private<br/><b><u>Enrollment:</u></b> 241",
        "styleUrl": "#Open"
      }
    },
    {
      "type": "Feature",
      "geometry": {
        "type": "Point",
        "coordinates": [
          -98.700639,
          29.507362
        ]
      },
      "properties": {
        "description": "<b><u>Address:</u></b> 10606 LIBERTY FIELD RD, SAN ANTONIO, TX 78254<br/><b><u>Type:</u></b> Private<br/><b><u>Enrollment:</u></b> 9",
        "styleUrl": "#Open"
      }
    },
    {
      "type": "Feature",
      "geometry": {
        "type": "Point",
        "coordinates": [
          -95.232161,
          30.09719
        ]
      },
      "properties": {
        "description": "<b><u>Address:</u></b> 24142 LOOP 494, PORTER, TX 77365<br/><b><u>Type:</u></b> Private<br/><b><u>Enrollment:</u></b> 65",
        "styleUrl": "#Open"
      }
    },
    {
      "type": "Feature",
      "geometry": {
        "type": "Point",
        "coordinates": [
          -97.799001,
          30.14726
        ]
      },
      "properties": {
        "description": "<b><u>Address:</u></b> 10801 OLD SAN ANTONIO RD, AUSTIN, TX 78748<br/><b><u>Type:</u></b> Private<br/><b><u>Enrollment:</u></b> 62",
        "styleUrl": "#Open"
      }
    },
    {
      "type": "Feature",
      "geometry": {
        "type": "Point",
        "coordinates": [
          -95.485621,
          30.03973
        ]
      },
      "properties": {
        "description": "<b><u>Address:</u></b> 18490 KUYKENDAHL RD, SPRING, TX 77379<br/><b><u>Type:</u></b> Private<br/><b><u>Enrollment:</u></b> 10",
        "styleUrl": "#Open"
      }
    },
    {
      "type": "Feature",
      "geometry": {
        "type": "Point",
        "coordinates": [
          -96.920981,
          33.03258
        ]
      },
      "properties": {
        "description": "<b><u>Address:</u></b> 4516 MAUMEE DR, CARROLLTON, TX 75010<br/><b><u>Type:</u></b> Private<br/><b><u>Enrollment:</u></b> 13",
        "styleUrl": "#Open"
      }
    },
    {
      "type": "Feature",
      "geometry": {
        "type": "Point",
        "coordinates": [
          -95.508422,
          30.33247
        ]
      },
      "properties": {
        "description": "<b><u>Address:</u></b> 4308 W DAVIS, CONROE, TX 77304<br/><b><u>Type:</u></b> Private<br/><b><u>Enrollment:</u></b> 15",
        "styleUrl": "#Open"
      }
    },
    {
      "type": "Feature",
      "geometry": {
        "type": "Point",
        "coordinates": [
          -94.736831,
          32.49783
        ]
      },
      "properties": {
        "description": "<b><u>Address:</u></b> 400 N FREDONIA ST, LONGVIEW, TX 75601<br/><b><u>Type:</u></b> Private<br/><b><u>Enrollment:</u></b> 33",
        "styleUrl": "#Open"
      }
    },
    {
      "type": "Feature",
      "geometry": {
        "type": "Point",
        "coordinates": [
          -97.12524,
          33.176627
        ]
      },
      "properties": {
        "description": "<b><u>Address:</u></b> 633 HOBSON LN, DENTON, TX 76205<br/><b><u>Type:</u></b> Private<br/><b><u>Enrollment:</u></b> 8",
        "styleUrl": "#Open"
      }
    },
    {
      "type": "Feature",
      "geometry": {
        "type": "Point",
        "coordinates": [
          -98.055241,
          32.3531
        ]
      },
      "properties": {
        "description": "<b><u>Address:</u></b> 17843 E FM 1188, BLUFF DALE, TX 76433<br/><b><u>Type:</u></b> Private<br/><b><u>Enrollment:</u></b> 7",
        "styleUrl": "#Open"
      }
    },
    {
      "type": "Feature",
      "geometry": {
        "type": "Point",
        "coordinates": [
          -96.751805,
          33.110271
        ]
      },
      "properties": {
        "description": "<b><u>Address:</u></b> 9645 INDEPENDENCE PKWY, PLANO, TX 75025<br/><b><u>Type:</u></b> Private<br/><b><u>Enrollment:</u></b> 535",
        "styleUrl": "#Open"
      }
    },
    {
      "type": "Feature",
      "geometry": {
        "type": "Point",
        "coordinates": [
          -98.67395,
          29.732081
        ]
      },
      "properties": {
        "description": "<b><u>Address:</u></b> 9401 DIETZ ELKHORN RD, BOERNE, TX 78015<br/><b><u>Type:</u></b> Private<br/><b><u>Enrollment:</u></b> 59",
        "styleUrl": "#Open"
      }
    },
    {
      "type": "Feature",
      "geometry": {
        "type": "Point",
        "coordinates": [
          -95.57096,
          29.724939
        ]
      },
      "properties": {
        "description": "<b><u>Address:</u></b> 3535 WILCREST DR, HOUSTON, TX 77042<br/><b><u>Type:</u></b> Private<br/><b><u>Enrollment:</u></b> 11",
        "styleUrl": "#Open"
      }
    },
    {
      "type": "Feature",
      "geometry": {
        "type": "Point",
        "coordinates": [
          -95.078728,
          29.514272
        ]
      },
      "properties": {
        "description": "<b><u>Address:</u></b> 1612 E WALKER ST, LEAGUE CITY, TX 77573<br/><b><u>Type:</u></b> Private<br/><b><u>Enrollment:</u></b> 213",
        "styleUrl": "#Open"
      }
    },
    {
      "type": "Feature",
      "geometry": {
        "type": "Point",
        "coordinates": [
          -94.959391,
          33.15485
        ]
      },
      "properties": {
        "description": "<b><u>Address:</u></b> 300 S FLOREY AVE, MOUNT PLEASANT, TX 75455<br/><b><u>Type:</u></b> Private<br/><b><u>Enrollment:</u></b> 11",
        "styleUrl": "#Open"
      }
    },
    {
      "type": "Feature",
      "geometry": {
        "type": "Point",
        "coordinates": [
          -97.742151,
          30.36316
        ]
      },
      "properties": {
        "description": "<b><u>Address:</u></b> 7938 GREAT NORTHERN BLVD, AUSTIN, TX 78757<br/><b><u>Type:</u></b> Private<br/><b><u>Enrollment:</u></b> 413",
        "styleUrl": "#Open"
      }
    },
    {
      "type": "Feature",
      "geometry": {
        "type": "Point",
        "coordinates": [
          -95.814441,
          32.19292
        ]
      },
      "properties": {
        "description": "<b><u>Address:</u></b> 2621 US HIGHWAY 175 E, ATHENS, TX 75751<br/><b><u>Type:</u></b> Private<br/><b><u>Enrollment:</u></b> 175",
        "styleUrl": "#Open"
      }
    },
    {
      "type": "Feature",
      "geometry": {
        "type": "Point",
        "coordinates": [
          -97.509811,
          25.92286
        ]
      },
      "properties": {
        "description": "<b><u>Address:</u></b> 36 S CORIA ST, BROWNSVILLE, TX 78520<br/><b><u>Type:</u></b> Private<br/><b><u>Enrollment:</u></b> 36",
        "styleUrl": "#Open"
      }
    },
    {
      "type": "Feature",
      "geometry": {
        "type": "Point",
        "coordinates": [
          -96.855155,
          32.997439
        ]
      },
      "properties": {
        "description": "<b><u>Address:</u></b> 18106 MARSH LN, DALLAS, TX 75287<br/><b><u>Type:</u></b> Private<br/><b><u>Enrollment:</u></b> 17",
        "styleUrl": "#Open"
      }
    },
    {
      "type": "Feature",
      "geometry": {
        "type": "Point",
        "coordinates": [
          -97.682265,
          30.507323
        ]
      },
      "properties": {
        "description": "<b><u>Address:</u></b> 405 W MAIN ST, ROUND ROCK, TX 78664<br/><b><u>Type:</u></b> Private<br/><b><u>Enrollment:</u></b> 14",
        "styleUrl": "#Open"
      }
    },
    {
      "type": "Feature",
      "geometry": {
        "type": "Point",
        "coordinates": [
          -96.849041,
          33.1562
        ]
      },
      "properties": {
        "description": "<b><u>Address:</u></b> 9375 LEGACY DR, FRISCO, TX 75033<br/><b><u>Type:</u></b> Private<br/><b><u>Enrollment:</u></b> 15",
        "styleUrl": "#Open"
      }
    },
    {
      "type": "Feature",
      "geometry": {
        "type": "Point",
        "coordinates": [
          -98.670681,
          30.74538
        ]
      },
      "properties": {
        "description": "<b><u>Address:</u></b> 507 E GREEN ST, LLANO, TX 78643<br/><b><u>Type:</u></b> Private<br/><b><u>Enrollment:</u></b> 60",
        "styleUrl": "#Open"
      }
    },
    {
      "type": "Feature",
      "geometry": {
        "type": "Point",
        "coordinates": [
          -95.399959,
          29.581203
        ]
      },
      "properties": {
        "description": "<b><u>Address:</u></b> 1751 KIRBY ST, PEARLAND, TX 77584<br/><b><u>Type:</u></b> Private<br/><b><u>Enrollment:</u></b> 10",
        "styleUrl": "#Open"
      }
    },
    {
      "type": "Feature",
      "geometry": {
        "type": "Point",
        "coordinates": [
          -96.621871,
          33.19077
        ]
      },
      "properties": {
        "description": "<b><u>Address:</u></b> 808 S COLLEGE ST, MCKINNEY, TX 75069<br/><b><u>Type:</u></b> Private<br/><b><u>Enrollment:</u></b> 367",
        "styleUrl": "#Open"
      }
    },
    {
      "type": "Feature",
      "geometry": {
        "type": "Point",
        "coordinates": [
          -95.466765,
          29.747659
        ]
      },
      "properties": {
        "description": "<b><u>Address:</u></b> 1833 SAGE RD, HOUSTON, TX 77056<br/><b><u>Type:</u></b> Private<br/><b><u>Enrollment:</u></b> 435",
        "styleUrl": "#Open"
      }
    },
    {
      "type": "Feature",
      "geometry": {
        "type": "Point",
        "coordinates": [
          -96.018521,
          29.31165
        ]
      },
      "properties": {
        "description": "<b><u>Address:</u></b> 5227 FM 1301 RD, WHARTON, TX 77488<br/><b><u>Type:</u></b> Private<br/><b><u>Enrollment:</u></b> 35",
        "styleUrl": "#Open"
      }
    },
    {
      "type": "Feature",
      "geometry": {
        "type": "Point",
        "coordinates": [
          -102.346241,
          31.86711
        ]
      },
      "properties": {
        "description": "<b><u>Address:</u></b> 1415 N GRANDVIEW AVE, ODESSA, TX 79761<br/><b><u>Type:</u></b> Private<br/><b><u>Enrollment:</u></b> 113",
        "styleUrl": "#Open"
      }
    },
    {
      "type": "Feature",
      "geometry": {
        "type": "Point",
        "coordinates": [
          -95.234921,
          30.04699
        ]
      },
      "properties": {
        "description": "<b><u>Address:</u></b> 2311 GREEN OAK DR, KINGWOOD, TX 77339<br/><b><u>Type:</u></b> Private<br/><b><u>Enrollment:</u></b> 12",
        "styleUrl": "#Open"
      }
    },
    {
      "type": "Feature",
      "geometry": {
        "type": "Point",
        "coordinates": [
          -95.774571,
          29.75907
        ]
      },
      "properties": {
        "description": "<b><u>Address:</u></b> 1407 W GRAND PKWY S, KATY, TX 77494<br/><b><u>Type:</u></b> Private<br/><b><u>Enrollment:</u></b> 605",
        "styleUrl": "#Open"
      }
    },
    {
      "type": "Feature",
      "geometry": {
        "type": "Point",
        "coordinates": [
          -95.156378,
          29.523763
        ]
      },
      "properties": {
        "description": "<b><u>Address:</u></b> 2732 FM 528, WEBSTER, TX 77598<br/><b><u>Type:</u></b> Private<br/><b><u>Enrollment:</u></b> 23",
        "styleUrl": "#Open"
      }
    },
    {
      "type": "Feature",
      "geometry": {
        "type": "Point",
        "coordinates": [
          -96.39629,
          30.170113
        ]
      },
      "properties": {
        "description": "<b><u>Address:</u></b> 302 PAHL ST, BRENHAM, TX 77833<br/><b><u>Type:</u></b> Private<br/><b><u>Enrollment:</u></b> 111",
        "styleUrl": "#Open"
      }
    },
    {
      "type": "Feature",
      "geometry": {
        "type": "Point",
        "coordinates": [
          -106.345851,
          31.78112
        ]
      },
      "properties": {
        "description": "<b><u>Address:</u></b> 10200 ALBUM AVE, EL PASO, TX 79925<br/><b><u>Type:</u></b> Private<br/><b><u>Enrollment:</u></b> 90",
        "styleUrl": "#Open"
      }
    },
    {
      "type": "Feature",
      "geometry": {
        "type": "Point",
        "coordinates": [
          -95.732414,
          29.759989
        ]
      },
      "properties": {
        "description": "<b><u>Address:</u></b> 21020 HIGHLAND KNOLLS DR, KATY, TX 77450<br/><b><u>Type:</u></b> Private<br/><b><u>Enrollment:</u></b> 5",
        "styleUrl": "#Open"
      }
    },
    {
      "type": "Feature",
      "geometry": {
        "type": "Point",
        "coordinates": [
          -97.176909,
          32.747974
        ]
      },
      "properties": {
        "description": "<b><u>Address:</u></b> 8109 SHELTON DR, FORT WORTH, TX 76120<br/><b><u>Type:</u></b> Private<br/><b><u>Enrollment:</u></b> 24",
        "styleUrl": "#Open"
      }
    },
    {
      "type": "Feature",
      "geometry": {
        "type": "Point",
        "coordinates": [
          -97.647413,
          30.435255
        ]
      },
      "properties": {
        "description": "<b><u>Address:</u></b> 1201 S HEATHERWILDE BLVD, ROUND ROCK, TX 78660<br/><b><u>Type:</u></b> Private<br/><b><u>Enrollment:</u></b> 107",
        "styleUrl": "#Open"
      }
    },
    {
      "type": "Feature",
      "geometry": {
        "type": "Point",
        "coordinates": [
          -97.805691,
          30.44537
        ]
      },
      "properties": {
        "description": "<b><u>Address:</u></b> 11512 OLSON DR, AUSTIN, TX 78750<br/><b><u>Type:</u></b> Private<br/><b><u>Enrollment:</u></b> 15",
        "styleUrl": "#Open"
      }
    },
    {
      "type": "Feature",
      "geometry": {
        "type": "Point",
        "coordinates": [
          -95.578501,
          29.79236
        ]
      },
      "properties": {
        "description": "<b><u>Address:</u></b> 11059 TIMBERLINE RD, HOUSTON, TX 77043<br/><b><u>Type:</u></b> Private<br/><b><u>Enrollment:</u></b> 36",
        "styleUrl": "#Open"
      }
    },
    {
      "type": "Feature",
      "geometry": {
        "type": "Point",
        "coordinates": [
          -95.185733,
          29.657016
        ]
      },
      "properties": {
        "description": "<b><u>Address:</u></b> 3519 BURKE RD, PASADENA, TX 77504<br/><b><u>Type:</u></b> Private<br/><b><u>Enrollment:</u></b> 124",
        "styleUrl": "#Open"
      }
    },
    {
      "type": "Feature",
      "geometry": {
        "type": "Point",
        "coordinates": [
          -98.575311,
          29.48684
        ]
      },
      "properties": {
        "description": "<b><u>Address:</u></b> 4603 MANITOU, SAN ANTONIO, TX 78228<br/><b><u>Type:</u></b> Private<br/><b><u>Enrollment:</u></b> 389",
        "styleUrl": "#Open"
      }
    },
    {
      "type": "Feature",
      "geometry": {
        "type": "Point",
        "coordinates": [
          -95.528302,
          29.700203
        ]
      },
      "properties": {
        "description": "<b><u>Address:</u></b> 8100 ROOS RD, HOUSTON, TX 77036<br/><b><u>Type:</u></b> Private<br/><b><u>Enrollment:</u></b> 213",
        "styleUrl": "#Open"
      }
    },
    {
      "type": "Feature",
      "geometry": {
        "type": "Point",
        "coordinates": [
          -95.818088,
          29.553535
        ]
      },
      "properties": {
        "description": "<b><u>Address:</u></b> 1426 GEORGE ST, ROSENBERG, TX 77471<br/><b><u>Type:</u></b> Private<br/><b><u>Enrollment:</u></b> 125",
        "styleUrl": "#Open"
      }
    },
    {
      "type": "Feature",
      "geometry": {
        "type": "Point",
        "coordinates": [
          -102.371691,
          31.86255
        ]
      },
      "properties": {
        "description": "<b><u>Address:</u></b> 1703 ADAMS AVE, ODESSA, TX 79761<br/><b><u>Type:</u></b> Private<br/><b><u>Enrollment:</u></b> 193",
        "styleUrl": "#Open"
      }
    },
    {
      "type": "Feature",
      "geometry": {
        "type": "Point",
        "coordinates": [
          -96.775223,
          32.872495
        ]
      },
      "properties": {
        "description": "<b><u>Address:</u></b> 7611 PARK LN, DALLAS, TX 75225<br/><b><u>Type:</u></b> Private<br/><b><u>Enrollment:</u></b> 87",
        "styleUrl": "#Open"
      }
    },
    {
      "type": "Feature",
      "geometry": {
        "type": "Point",
        "coordinates": [
          -95.485626,
          29.793578
        ]
      },
      "properties": {
        "description": "<b><u>Address:</u></b> 1321 WIRT RD, HOUSTON, TX 77055<br/><b><u>Type:</u></b> Private<br/><b><u>Enrollment:</u></b> 522",
        "styleUrl": "#Open"
      }
    },
    {
      "type": "Feature",
      "geometry": {
        "type": "Point",
        "coordinates": [
          -96.823451,
          32.87845
        ]
      },
      "properties": {
        "description": "<b><u>Address:</u></b> 4900 WALNUT HILL LN, DALLAS, TX 75229<br/><b><u>Type:</u></b> Private<br/><b><u>Enrollment:</u></b> 870",
        "styleUrl": "#Open"
      }
    },
    {
      "type": "Feature",
      "geometry": {
        "type": "Point",
        "coordinates": [
          -96.785692,
          32.99621
        ]
      },
      "properties": {
        "description": "<b><u>Address:</u></b> 18011 HILLCREST RD, DALLAS, TX 75252<br/><b><u>Type:</u></b> Private<br/><b><u>Enrollment:</u></b> 243",
        "styleUrl": "#Open"
      }
    },
    {
      "type": "Feature",
      "geometry": {
        "type": "Point",
        "coordinates": [
          -101.899788,
          33.543664
        ]
      },
      "properties": {
        "description": "<b><u>Address:</u></b> 4011 54TH ST, LUBBOCK, TX 79413<br/><b><u>Type:</u></b> Private<br/><b><u>Enrollment:</u></b> 254",
        "styleUrl": "#Open"
      }
    },
    {
      "type": "Feature",
      "geometry": {
        "type": "Point",
        "coordinates": [
          -97.775851,
          30.34409
        ]
      },
      "properties": {
        "description": "<b><u>Address:</u></b> 4311 SMALL DR, AUSTIN, TX 78731<br/><b><u>Type:</u></b> Private<br/><b><u>Enrollment:</u></b> 289",
        "styleUrl": "#Open"
      }
    },
    {
      "type": "Feature",
      "geometry": {
        "type": "Point",
        "coordinates": [
          -97.008968,
          33.04381
        ]
      },
      "properties": {
        "description": "<b><u>Address:</u></b> 397 S STEMMONS FWY, LEWISVILLE, TX 75067<br/><b><u>Type:</u></b> Private<br/><b><u>Enrollment:</u></b> 154",
        "styleUrl": "#Open"
      }
    },
    {
      "type": "Feature",
      "geometry": {
        "type": "Point",
        "coordinates": [
          -97.843852,
          30.254435
        ]
      },
      "properties": {
        "description": "<b><u>Address:</u></b> 3230 TRAVIS COUNTRY CIR, AUSTIN, TX 78735<br/><b><u>Type:</u></b> Private<br/><b><u>Enrollment:</u></b> 1043",
        "styleUrl": "#Open"
      }
    },
    {
      "type": "Feature",
      "geometry": {
        "type": "Point",
        "coordinates": [
          -96.73062,
          33.056214
        ]
      },
      "properties": {
        "description": "<b><u>Address:</u></b> 6000 CUSTER RD BLDG 7, PLANO, TX 75023<br/><b><u>Type:</u></b> Private<br/><b><u>Enrollment:</u></b> 84",
        "styleUrl": "#Open"
      }
    },
    {
      "type": "Feature",
      "geometry": {
        "type": "Point",
        "coordinates": [
          -95.208751,
          29.89448
        ]
      },
      "properties": {
        "description": "<b><u>Address:</u></b> 11810 LOCKWOOD RD, HOUSTON, TX 77044<br/><b><u>Type:</u></b> Private<br/><b><u>Enrollment:</u></b> 30",
        "styleUrl": "#Open"
      }
    },
    {
      "type": "Feature",
      "geometry": {
        "type": "Point",
        "coordinates": [
          -100.447011,
          31.46038
        ]
      },
      "properties": {
        "description": "<b><u>Address:</u></b> 511 W HARRIS AVE, SAN ANGELO, TX 76903<br/><b><u>Type:</u></b> Private<br/><b><u>Enrollment:</u></b> 83",
        "styleUrl": "#Open"
      }
    },
    {
      "type": "Feature",
      "geometry": {
        "type": "Point",
        "coordinates": [
          -97.747571,
          30.30825
        ]
      },
      "properties": {
        "description": "<b><u>Address:</u></b> 3901 SHOAL CREEK BLVD, AUSTIN, TX 78756<br/><b><u>Type:</u></b> Private<br/><b><u>Enrollment:</u></b> 65",
        "styleUrl": "#Open"
      }
    },
    {
      "type": "Feature",
      "geometry": {
        "type": "Point",
        "coordinates": [
          -97.002702,
          28.813281
        ]
      },
      "properties": {
        "description": "<b><u>Address:</u></b> 110 E RED RIVER ST, VICTORIA, TX 77901<br/><b><u>Type:</u></b> Private<br/><b><u>Enrollment:</u></b> 292",
        "styleUrl": "#Open"
      }
    },
    {
      "type": "Feature",
      "geometry": {
        "type": "Point",
        "coordinates": [
          -97.363917,
          27.719025
        ]
      },
      "properties": {
        "description": "<b><u>Address:</u></b> 737 SAINT PIUS DR, CORPUS CHRISTI, TX 78412<br/><b><u>Type:</u></b> Private<br/><b><u>Enrollment:</u></b> 109",
        "styleUrl": "#Open"
      }
    },
    {
      "type": "Feature",
      "geometry": {
        "type": "Point",
        "coordinates": [
          -96.704475,
          32.825685
        ]
      },
      "properties": {
        "description": "<b><u>Address:</u></b> 1420 OLD GATE LN, DALLAS, TX 75218<br/><b><u>Type:</u></b> Private<br/><b><u>Enrollment:</u></b> 128",
        "styleUrl": "#Open"
      }
    },
    {
      "type": "Feature",
      "geometry": {
        "type": "Point",
        "coordinates": [
          -96.884341,
          32.93679
        ]
      },
      "properties": {
        "description": "<b><u>Address:</u></b> 14032 DENNIS LN, FARMERS BRANCH, TX 75234<br/><b><u>Type:</u></b> Private<br/><b><u>Enrollment:</u></b> 384",
        "styleUrl": "#Open"
      }
    },
    {
      "type": "Feature",
      "geometry": {
        "type": "Point",
        "coordinates": [
          -97.818554,
          30.330108
        ]
      },
      "properties": {
        "description": "<b><u>Address:</u></b> 6500 SAINT STEPHENS DR, AUSTIN, TX 78746<br/><b><u>Type:</u></b> Private<br/><b><u>Enrollment:</u></b> 699",
        "styleUrl": "#Open"
      }
    },
    {
      "type": "Feature",
      "geometry": {
        "type": "Point",
        "coordinates": [
          -96.415181,
          30.16883
        ]
      },
      "properties": {
        "description": "<b><u>Address:</u></b> 1212 W JEFFERSON ST, BRENHAM, TX 77833<br/><b><u>Type:</u></b> Private<br/><b><u>Enrollment:</u></b> 51",
        "styleUrl": "#Open"
      }
    },
    {
      "type": "Feature",
      "geometry": {
        "type": "Point",
        "coordinates": [
          -98.165349,
          26.276438
        ]
      },
      "properties": {
        "description": "<b><u>Address:</u></b> 2620 CRESTVIEW DR, EDINBURG, TX 78539<br/><b><u>Type:</u></b> Private<br/><b><u>Enrollment:</u></b> 48",
        "styleUrl": "#Open"
      }
    },
    {
      "type": "Feature",
      "geometry": {
        "type": "Point",
        "coordinates": [
          -96.988205,
          28.839472
        ]
      },
      "properties": {
        "description": "<b><u>Address:</u></b> 2002 E MOCKINGBIRD LN, VICTORIA, TX 77904<br/><b><u>Type:</u></b> Private<br/><b><u>Enrollment:</u></b> 238",
        "styleUrl": "#Open"
      }
    },
    {
      "type": "Feature",
      "geometry": {
        "type": "Point",
        "coordinates": [
          -98.243061,
          26.19556
        ]
      },
      "properties": {
        "description": "<b><u>Address:</u></b> 2021 W JACKSON AVE, MCALLEN, TX 78501<br/><b><u>Type:</u></b> Private<br/><b><u>Enrollment:</u></b> 7",
        "styleUrl": "#Open"
      }
    },
    {
      "type": "Feature",
      "geometry": {
        "type": "Point",
        "coordinates": [
          -97.379154,
          32.479515
        ]
      },
      "properties": {
        "description": "<b><u>Address:</u></b> 508 N BROADWAY ST, JOSHUA, TX 76058<br/><b><u>Type:</u></b> Private<br/><b><u>Enrollment:</u></b> 145",
        "styleUrl": "#Open"
      }
    },
    {
      "type": "Feature",
      "geometry": {
        "type": "Point",
        "coordinates": [
          -97.76741,
          30.302504
        ]
      },
      "properties": {
        "description": "<b><u>Address:</u></b> 2614A EXPOSITION BLVD, AUSTIN, TX 78703<br/><b><u>Type:</u></b> Private<br/><b><u>Enrollment:</u></b> 199",
        "styleUrl": "#Open"
      }
    },
    {
      "type": "Feature",
      "geometry": {
        "type": "Point",
        "coordinates": [
          -98.112068,
          30.008586
        ]
      },
      "properties": {
        "description": "<b><u>Address:</u></b> 45 LA BUENA VISTA DR, WIMBERLEY, TX 78676<br/><b><u>Type:</u></b> Private<br/><b><u>Enrollment:</u></b> 45",
        "styleUrl": "#Open"
      }
    },
    {
      "type": "Feature",
      "geometry": {
        "type": "Point",
        "coordinates": [
          -94.728611,
          32.5
        ]
      },
      "properties": {
        "description": "<b><u>Address:</u></b> 720 N 6TH ST, LONGVIEW, TX 75601<br/><b><u>Type:</u></b> Private<br/><b><u>Enrollment:</u></b> 14",
        "styleUrl": "#Open"
      }
    },
    {
      "type": "Feature",
      "geometry": {
        "type": "Point",
        "coordinates": [
          -97.058891,
          33.24015
        ]
      },
      "properties": {
        "description": "<b><u>Address:</u></b> 6441 FISHTRAP RD, DENTON, TX 76208<br/><b><u>Type:</u></b> Private<br/><b><u>Enrollment:</u></b> 125",
        "styleUrl": "#Open"
      }
    },
    {
      "type": "Feature",
      "geometry": {
        "type": "Point",
        "coordinates": [
          -98.094684,
          26.198615
        ]
      },
      "properties": {
        "description": "<b><u>Address:</u></b> 135 STATE HIGHWAY 495, ALAMO, TX 78516<br/><b><u>Type:</u></b> Private<br/><b><u>Enrollment:</u></b> 201",
        "styleUrl": "#Open"
      }
    },
    {
      "type": "Feature",
      "geometry": {
        "type": "Point",
        "coordinates": [
          -96.763291,
          33.13377
        ]
      },
      "properties": {
        "description": "<b><u>Address:</u></b> 13259 TALL GRASS TRL, FRISCO, TX 75035<br/><b><u>Type:</u></b> Private<br/><b><u>Enrollment:</u></b> 1297",
        "styleUrl": "#Open"
      }
    },
    {
      "type": "Feature",
      "geometry": {
        "type": "Point",
        "coordinates": [
          -98.101209,
          31.702189
        ]
      },
      "properties": {
        "description": "<b><u>Address:</u></b> 122 CHEYENNE MESA, HAMILTON, TX 76531<br/><b><u>Type:</u></b> Private<br/><b><u>Enrollment:</u></b> 5",
        "styleUrl": "#Open"
      }
    },
    {
      "type": "Feature",
      "geometry": {
        "type": "Point",
        "coordinates": [
          -95.625722,
          30.10026
        ]
      },
      "properties": {
        "description": "<b><u>Address:</u></b> 1010 INWOOD ST, TOMBALL, TX 77375<br/><b><u>Type:</u></b> Private<br/><b><u>Enrollment:</u></b> 35",
        "styleUrl": "#Open"
      }
    },
    {
      "type": "Feature",
      "geometry": {
        "type": "Point",
        "coordinates": [
          -96.868361,
          33.12977
        ]
      },
      "properties": {
        "description": "<b><u>Address:</u></b> 2550 TIMBER RIDGE DR, FRISCO, TX 75034<br/><b><u>Type:</u></b> Private<br/><b><u>Enrollment:</u></b> 3",
        "styleUrl": "#Open"
      }
    },
    {
      "type": "Feature",
      "geometry": {
        "type": "Point",
        "coordinates": [
          -100.484881,
          31.41773
        ]
      },
      "properties": {
        "description": "<b><u>Address:</u></b> 4522 COLLEGE HILLS BLVD, SAN ANGELO, TX 76904<br/><b><u>Type:</u></b> Private<br/><b><u>Enrollment:</u></b> 13",
        "styleUrl": "#Open"
      }
    },
    {
      "type": "Feature",
      "geometry": {
        "type": "Point",
        "coordinates": [
          -98.453419,
          29.616771
        ]
      },
      "properties": {
        "description": "<b><u>Address:</u></b> 18952 REDLAND RD STE 1, SAN ANTONIO, TX 78259<br/><b><u>Type:</u></b> Private<br/><b><u>Enrollment:</u></b> 14",
        "styleUrl": "#Open"
      }
    },
    {
      "type": "Feature",
      "geometry": {
        "type": "Point",
        "coordinates": [
          -96.290851,
          30.55739
        ]
      },
      "properties": {
        "description": "<b><u>Address:</u></b> 2668 BARRON RD, COLLEGE STATION, TX 77845<br/><b><u>Type:</u></b> Private<br/><b><u>Enrollment:</u></b> 38",
        "styleUrl": "#Open"
      }
    },
    {
      "type": "Feature",
      "geometry": {
        "type": "Point",
        "coordinates": [
          -102.136523,
          31.988205
        ]
      },
      "properties": {
        "description": "<b><u>Address:</u></b> 4500 W ILLINOIS AVE, MIDLAND, TX 79703<br/><b><u>Type:</u></b> Private<br/><b><u>Enrollment:</u></b> 291",
        "styleUrl": "#Open"
      }
    },
    {
      "type": "Feature",
      "geometry": {
        "type": "Point",
        "coordinates": [
          -95.64242,
          29.887047
        ]
      },
      "properties": {
        "description": "<b><u>Address:</u></b> 15550 RIDGE PARK DR, HOUSTON, TX 77095<br/><b><u>Type:</u></b> Private<br/><b><u>Enrollment:</u></b> 18",
        "styleUrl": "#Open"
      }
    },
    {
      "type": "Feature",
      "geometry": {
        "type": "Point",
        "coordinates": [
          -97.984805,
          30.231369
        ]
      },
      "properties": {
        "description": "<b><u>Address:</u></b> 12507 FITZHUGH RD, AUSTIN, TX 78736<br/><b><u>Type:</u></b> Private<br/><b><u>Enrollment:</u></b> 9",
        "styleUrl": "#Open"
      }
    },
    {
      "type": "Feature",
      "geometry": {
        "type": "Point",
        "coordinates": [
          -95.604759,
          30.013362
        ]
      },
      "properties": {
        "description": "<b><u>Address:</u></b> 11808 SPRING CYPRESS RD, TOMBALL, TX 77377<br/><b><u>Type:</u></b> Private<br/><b><u>Enrollment:</u></b> 15",
        "styleUrl": "#Open"
      }
    },
    {
      "type": "Feature",
      "geometry": {
        "type": "Point",
        "coordinates": [
          -97.739661,
          31.08002
        ]
      },
      "properties": {
        "description": "<b><u>Address:</u></b> 4001 TRIMMIER RD, KILLEEN, TX 76542<br/><b><u>Type:</u></b> Private<br/><b><u>Enrollment:</u></b> 180",
        "styleUrl": "#Open"
      }
    },
    {
      "type": "Feature",
      "geometry": {
        "type": "Point",
        "coordinates": [
          -95.582191,
          29.61828
        ]
      },
      "properties": {
        "description": "<b><u>Address:</u></b> 615 DULLES AVE, STAFFORD, TX 77477<br/><b><u>Type:</u></b> Private<br/><b><u>Enrollment:</u></b> 41",
        "styleUrl": "#Open"
      }
    },
    {
      "type": "Feature",
      "geometry": {
        "type": "Point",
        "coordinates": [
          -97.430171,
          27.71027
        ]
      },
      "properties": {
        "description": "<b><u>Address:</u></b> 3036 SARATOGA BLVD, CORPUS CHRISTI, TX 78415<br/><b><u>Type:</u></b> Private<br/><b><u>Enrollment:</u></b> 217",
        "styleUrl": "#Open"
      }
    },
    {
      "type": "Feature",
      "geometry": {
        "type": "Point",
        "coordinates": [
          -97.727941,
          30.493864
        ]
      },
      "properties": {
        "description": "<b><u>Address:</u></b> 15925 S GREAT OAKS DR, ROUND ROCK, TX 78681<br/><b><u>Type:</u></b> Private<br/><b><u>Enrollment:</u></b> 6",
        "styleUrl": "#Open"
      }
    },
    {
      "type": "Feature",
      "geometry": {
        "type": "Point",
        "coordinates": [
          -106.511811,
          31.81843
        ]
      },
      "properties": {
        "description": "<b><u>Address:</u></b> 143 PARAGON LN, EL PASO, TX 79912<br/><b><u>Type:</u></b> Private<br/><b><u>Enrollment:</u></b> 22",
        "styleUrl": "#Open"
      }
    },
    {
      "type": "Feature",
      "geometry": {
        "type": "Point",
        "coordinates": [
          -98.570821,
          29.43138
        ]
      },
      "properties": {
        "description": "<b><u>Address:</u></b> 5630 W COMMERCE ST, SAN ANTONIO, TX 78237<br/><b><u>Type:</u></b> Private<br/><b><u>Enrollment:</u></b> 180",
        "styleUrl": "#Open"
      }
    },
    {
      "type": "Feature",
      "geometry": {
        "type": "Point",
        "coordinates": [
          -96.819695,
          32.958172
        ]
      },
      "properties": {
        "description": "<b><u>Address:</u></b> 15237 MONTFORT RD, DALLAS, TX 75248<br/><b><u>Type:</u></b> Private<br/><b><u>Enrollment:</u></b> 20",
        "styleUrl": "#Open"
      }
    },
    {
      "type": "Feature",
      "geometry": {
        "type": "Point",
        "coordinates": [
          -97.404261,
          32.723295
        ]
      },
      "properties": {
        "description": "<b><u>Address:</u></b> 5439 BONNELL AVE, FORT WORTH, TX 76107<br/><b><u>Type:</u></b> Private<br/><b><u>Enrollment:</u></b> 66",
        "styleUrl": "#Open"
      }
    },
    {
      "type": "Feature",
      "geometry": {
        "type": "Point",
        "coordinates": [
          -95.733291,
          30.08266
        ]
      },
      "properties": {
        "description": "<b><u>Address:</u></b> 19830 FM 2920 RD, TOMBALL, TX 77377<br/><b><u>Type:</u></b> Private<br/><b><u>Enrollment:</u></b> 387",
        "styleUrl": "#Open"
      }
    },
    {
      "type": "Feature",
      "geometry": {
        "type": "Point",
        "coordinates": [
          -95.656391,
          29.6564
        ]
      },
      "properties": {
        "description": "<b><u>Address:</u></b> 16355 OLD RICHMOND RD, SUGAR LAND, TX 77498<br/><b><u>Type:</u></b> Private<br/><b><u>Enrollment:</u></b> 96",
        "styleUrl": "#Open"
      }
    },
    {
      "type": "Feature",
      "geometry": {
        "type": "Point",
        "coordinates": [
          -95.375642,
          29.709396
        ]
      },
      "properties": {
        "description": "<b><u>Address:</u></b> 3100 SHENENDOAH ST, HOUSTON, TX 77021<br/><b><u>Type:</u></b> Private<br/><b><u>Enrollment:</u></b> 32",
        "styleUrl": "#Open"
      }
    },
    {
      "type": "Feature",
      "geometry": {
        "type": "Point",
        "coordinates": [
          -97.82892,
          30.20849
        ]
      },
      "properties": {
        "description": "<b><u>Address:</u></b> 3338 PALSANO TRL., AUSTIN, TX 78745<br/><b><u>Type:</u></b> Private<br/><b><u>Enrollment:</u></b> 51",
        "styleUrl": "#Open"
      }
    },
    {
      "type": "Feature",
      "geometry": {
        "type": "Point",
        "coordinates": [
          -97.748329,
          30.272353
        ]
      },
      "properties": {
        "description": "<b><u>Address:</u></b> 807 RIO GRANDE, AUSTIN, TX 78701<br/><b><u>Type:</u></b> Private<br/><b><u>Enrollment:</u></b> 410",
        "styleUrl": "#Open"
      }
    },
    {
      "type": "Feature",
      "geometry": {
        "type": "Point",
        "coordinates": [
          -102.115567,
          32.010158
        ]
      },
      "properties": {
        "description": "<b><u>Address:</u></b> 2001 CULVER DR, MIDLAND, TX 79705<br/><b><u>Type:</u></b> Private<br/><b><u>Enrollment:</u></b> 1253",
        "styleUrl": "#Open"
      }
    },
    {
      "type": "Feature",
      "geometry": {
        "type": "Point",
        "coordinates": [
          -98.427256,
          29.529137
        ]
      },
      "properties": {
        "description": "<b><u>Address:</u></b> 9401 STARCREST DR, SAN ANTONIO, TX 78217<br/><b><u>Type:</u></b> Private<br/><b><u>Enrollment:</u></b> 689",
        "styleUrl": "#Open"
      }
    },
    {
      "type": "Feature",
      "geometry": {
        "type": "Point",
        "coordinates": [
          -98.127616,
          29.703719
        ]
      },
      "properties": {
        "description": "<b><u>Address:</u></b> 315 N SEGUIN AVE STE 300, NEW BRAUNFELS, TX 78130<br/><b><u>Type:</u></b> Private<br/><b><u>Enrollment:</u></b> 288",
        "styleUrl": "#Open"
      }
    },
    {
      "type": "Feature",
      "geometry": {
        "type": "Point",
        "coordinates": [
          -100.896678,
          29.35829
        ]
      },
      "properties": {
        "description": "<b><u>Address:</u></b> 209 E GREENWOOD ST, DEL RIO, TX 78840<br/><b><u>Type:</u></b> Private<br/><b><u>Enrollment:</u></b> 128",
        "styleUrl": "#Open"
      }
    },
    {
      "type": "Feature",
      "geometry": {
        "type": "Point",
        "coordinates": [
          -97.007802,
          32.839804
        ]
      },
      "properties": {
        "description": "<b><u>Address:</u></b> 2323 CHEYENNE ST, IRVING, TX 75062<br/><b><u>Type:</u></b> Private<br/><b><u>Enrollment:</u></b> 114",
        "styleUrl": "#Open"
      }
    },
    {
      "type": "Feature",
      "geometry": {
        "type": "Point",
        "coordinates": [
          -97.210765,
          30.613331
        ]
      },
      "properties": {
        "description": "<b><u>Address:</u></b> 101 N 3RD ST, THORNDALE, TX 76577<br/><b><u>Type:</u></b> Private<br/><b><u>Enrollment:</u></b> 81",
        "styleUrl": "#Open"
      }
    },
    {
      "type": "Feature",
      "geometry": {
        "type": "Point",
        "coordinates": [
          -98.481708,
          29.467522
        ]
      },
      "properties": {
        "description": "<b><u>Address:</u></b> 603 E HILDEBRAND AVE, SAN ANTONIO, TX 78212<br/><b><u>Type:</u></b> Private<br/><b><u>Enrollment:</u></b> 124",
        "styleUrl": "#Open"
      }
    },
    {
      "type": "Feature",
      "geometry": {
        "type": "Point",
        "coordinates": [
          -96.99922,
          28.817424
        ]
      },
      "properties": {
        "description": "<b><u>Address:</u></b> 2408 N NAVARRO ST, VICTORIA, TX 77901<br/><b><u>Type:</u></b> Private<br/><b><u>Enrollment:</u></b> 4",
        "styleUrl": "#Open"
      }
    },
    {
      "type": "Feature",
      "geometry": {
        "type": "Point",
        "coordinates": [
          -97.027011,
          33.04821
        ]
      },
      "properties": {
        "description": "<b><u>Address:</u></b> 602 N OLD ORCHARD LN, LEWISVILLE, TX 75077<br/><b><u>Type:</u></b> Private<br/><b><u>Enrollment:</u></b> 11",
        "styleUrl": "#Open"
      }
    },
    {
      "type": "Feature",
      "geometry": {
        "type": "Point",
        "coordinates": [
          -96.627854,
          32.704547
        ]
      },
      "properties": {
        "description": "<b><u>Address:</u></b> 11524 SEAGOVILLE RD, BALCH SPRINGS, TX 75180<br/><b><u>Type:</u></b> Private<br/><b><u>Enrollment:</u></b> 71",
        "styleUrl": "#Open"
      }
    },
    {
      "type": "Feature",
      "geometry": {
        "type": "Point",
        "coordinates": [
          -95.229615,
          29.453209
        ]
      },
      "properties": {
        "description": "<b><u>Address:</u></b> 1407 VICTORY LN, ALVIN, TX 77511<br/><b><u>Type:</u></b> Private<br/><b><u>Enrollment:</u></b> 179",
        "styleUrl": "#Open"
      }
    },
    {
      "type": "Feature",
      "geometry": {
        "type": "Point",
        "coordinates": [
          -94.724951,
          32.51395
        ]
      },
      "properties": {
        "description": "<b><u>Address:</u></b> 1236 PEGUES PL, LONGVIEW, TX 75601<br/><b><u>Type:</u></b> Private<br/><b><u>Enrollment:</u></b> 356",
        "styleUrl": "#Open"
      }
    },
    {
      "type": "Feature",
      "geometry": {
        "type": "Point",
        "coordinates": [
          -95.617841,
          29.74701
        ]
      },
      "properties": {
        "description": "<b><u>Address:</u></b> 13077 WESTELLA DR, HOUSTON, TX 77077<br/><b><u>Type:</u></b> Private<br/><b><u>Enrollment:</u></b> 1258",
        "styleUrl": "#Open"
      }
    },
    {
      "type": "Feature",
      "geometry": {
        "type": "Point",
        "coordinates": [
          -97.874481,
          30.28768
        ]
      },
      "properties": {
        "description": "<b><u>Address:</u></b> 3000 BARTON CREEK BLVD, AUSTIN, TX 78735<br/><b><u>Type:</u></b> Private<br/><b><u>Enrollment:</u></b> 393",
        "styleUrl": "#Open"
      }
    },
    {
      "type": "Feature",
      "geometry": {
        "type": "Point",
        "coordinates": [
          -95.418361,
          29.06881
        ]
      },
      "properties": {
        "description": "<b><u>Address:</u></b> 1600 HWY 2004, RICHWOOD, TX 77531<br/><b><u>Type:</u></b> Private<br/><b><u>Enrollment:</u></b> 135",
        "styleUrl": "#Open"
      }
    },
    {
      "type": "Feature",
      "geometry": {
        "type": "Point",
        "coordinates": [
          -102.13187,
          32.01892
        ]
      },
      "properties": {
        "description": "<b><u>Address:</u></b> 3500 W WADLEY AVE, MIDLAND, TX 79707<br/><b><u>Type:</u></b> Private<br/><b><u>Enrollment:</u></b> 508",
        "styleUrl": "#Open"
      }
    },
    {
      "type": "Feature",
      "geometry": {
        "type": "Point",
        "coordinates": [
          -97.725101,
          32.29393
        ]
      },
      "properties": {
        "description": "<b><u>Address:</u></b> 3846 N HWY 144, GRANBURY, TX 76048<br/><b><u>Type:</u></b> Private<br/><b><u>Enrollment:</u></b> 106",
        "styleUrl": "#Open"
      }
    },
    {
      "type": "Feature",
      "geometry": {
        "type": "Point",
        "coordinates": [
          -95.545089,
          30.15739
        ]
      },
      "properties": {
        "description": "<b><u>Address:</u></b> 27440 KUYKENDAHL RD, TOMBALL, TX 77375<br/><b><u>Type:</u></b> Private<br/><b><u>Enrollment:</u></b> 27",
        "styleUrl": "#Open"
      }
    },
    {
      "type": "Feature",
      "geometry": {
        "type": "Point",
        "coordinates": [
          -96.995151,
          32.97208
        ]
      },
      "properties": {
        "description": "<b><u>Address:</u></b> 136 FITNESS CT, COPPELL, TX 75019<br/><b><u>Type:</u></b> Private<br/><b><u>Enrollment:</u></b> 48",
        "styleUrl": "#Open"
      }
    },
    {
      "type": "Feature",
      "geometry": {
        "type": "Point",
        "coordinates": [
          -94.707921,
          32.51063
        ]
      },
      "properties": {
        "description": "<b><u>Address:</u></b> 800 DOYLE ST, LONGVIEW, TX 75601<br/><b><u>Type:</u></b> Private<br/><b><u>Enrollment:</u></b> 30",
        "styleUrl": "#Open"
      }
    },
    {
      "type": "Feature",
      "geometry": {
        "type": "Point",
        "coordinates": [
          -96.821423,
          32.867166
        ]
      },
      "properties": {
        "description": "<b><u>Address:</u></b> 9200 INWOOD RD, DALLAS, TX 75220<br/><b><u>Type:</u></b> Private<br/><b><u>Enrollment:</u></b> 206",
        "styleUrl": "#Open"
      }
    },
    {
      "type": "Feature",
      "geometry": {
        "type": "Point",
        "coordinates": [
          -95.456095,
          29.71423
        ]
      },
      "properties": {
        "description": "<b><u>Address:</u></b> 4600 BISSONNET ST, BELLAIRE, TX 77401<br/><b><u>Type:</u></b> Private<br/><b><u>Enrollment:</u></b> 465",
        "styleUrl": "#Open"
      }
    },
    {
      "type": "Feature",
      "geometry": {
        "type": "Point",
        "coordinates": [
          -96.865801,
          32.91639
        ]
      },
      "properties": {
        "description": "<b><u>Address:</u></b> 12411 TEMPLETON TRL, FARMERS BRANCH, TX 75234<br/><b><u>Type:</u></b> Private<br/><b><u>Enrollment:</u></b> 24",
        "styleUrl": "#Open"
      }
    },
    {
      "type": "Feature",
      "geometry": {
        "type": "Point",
        "coordinates": [
          -95.511897,
          30.346398
        ]
      },
      "properties": {
        "description": "<b><u>Address:</u></b> 2080 LONGMIRE RD, CONROE, TX 77304<br/><b><u>Type:</u></b> Private<br/><b><u>Enrollment:</u></b> 40",
        "styleUrl": "#Open"
      }
    },
    {
      "type": "Feature",
      "geometry": {
        "type": "Point",
        "coordinates": [
          -98.751058,
          29.445381
        ]
      },
      "properties": {
        "description": "<b><u>Address:</u></b> 1127 MINDIE LN, SAN ANTONIO, TX 78253<br/><b><u>Type:</u></b> Private<br/><b><u>Enrollment:</u></b> 45",
        "styleUrl": "#Open"
      }
    },
    {
      "type": "Feature",
      "geometry": {
        "type": "Point",
        "coordinates": [
          -96.634088,
          32.855461
        ]
      },
      "properties": {
        "description": "<b><u>Address:</u></b> 5134 NW HWY, GARLAND, TX 75043<br/><b><u>Type:</u></b> Private<br/><b><u>Enrollment:</u></b> 31",
        "styleUrl": "#Open"
      }
    },
    {
      "type": "Feature",
      "geometry": {
        "type": "Point",
        "coordinates": [
          -95.385539,
          30.105235
        ]
      },
      "properties": {
        "description": "<b><u>Address:</u></b> 3559 DISCOVERY CREEK BLVD, SPRING, TX 77386<br/><b><u>Type:</u></b> Private<br/><b><u>Enrollment:</u></b> 14",
        "styleUrl": "#Open"
      }
    },
    {
      "type": "Feature",
      "geometry": {
        "type": "Point",
        "coordinates": [
          -98.669501,
          29.4091
        ]
      },
      "properties": {
        "description": "<b><u>Address:</u></b> 9410 ADAMS HL, SAN ANTONIO, TX 78245<br/><b><u>Type:</u></b> Private<br/><b><u>Enrollment:</u></b> 6",
        "styleUrl": "#Open"
      }
    },
    {
      "type": "Feature",
      "geometry": {
        "type": "Point",
        "coordinates": [
          -96.680801,
          32.818781
        ]
      },
      "properties": {
        "description": "<b><u>Address:</u></b> 9750 FERGUSON RD, DALLAS, TX 75228<br/><b><u>Type:</u></b> Private<br/><b><u>Enrollment:</u></b> 1003",
        "styleUrl": "#Open"
      }
    },
    {
      "type": "Feature",
      "geometry": {
        "type": "Point",
        "coordinates": [
          -98.489966,
          29.460276
        ]
      },
      "properties": {
        "description": "<b><u>Address:</u></b> 3200 MCCULLOUGH AVE, SAN ANTONIO, TX 78212<br/><b><u>Type:</u></b> Private<br/><b><u>Enrollment:</u></b> 266",
        "styleUrl": "#Open"
      }
    },
    {
      "type": "Feature",
      "geometry": {
        "type": "Point",
        "coordinates": [
          -96.981422,
          32.810841
        ]
      },
      "properties": {
        "description": "<b><u>Address:</u></b> 2631 W 4TH ST, IRVING, TX 75060<br/><b><u>Type:</u></b> Private<br/><b><u>Enrollment:</u></b> 8",
        "styleUrl": "#Open"
      }
    },
    {
      "type": "Feature",
      "geometry": {
        "type": "Point",
        "coordinates": [
          -97.790301,
          30.453525
        ]
      },
      "properties": {
        "description": "<b><u>Address:</u></b> 13584 POND SPRINGS RD, AUSTIN, TX 78729<br/><b><u>Type:</u></b> Private<br/><b><u>Enrollment:</u></b> 24",
        "styleUrl": "#Open"
      }
    },
    {
      "type": "Feature",
      "geometry": {
        "type": "Point",
        "coordinates": [
          -97.689421,
          32.455808
        ]
      },
      "properties": {
        "description": "<b><u>Address:</u></b> 2400 FALL CREEK HWY, GRANBURY, TX 76049<br/><b><u>Type:</u></b> Private<br/><b><u>Enrollment:</u></b> 1",
        "styleUrl": "#Open"
      }
    },
    {
      "type": "Feature",
      "geometry": {
        "type": "Point",
        "coordinates": [
          -95.68121,
          29.599848
        ]
      },
      "properties": {
        "description": "<b><u>Address:</u></b> 4935 SANDHILL DR, SUGAR LAND, TX 77479<br/><b><u>Type:</u></b> Private<br/><b><u>Enrollment:</u></b> 53",
        "styleUrl": "#Open"
      }
    },
    {
      "type": "Feature",
      "geometry": {
        "type": "Point",
        "coordinates": [
          -96.801787,
          33.240414
        ]
      },
      "properties": {
        "description": "<b><u>Address:</u></b> 100 GORGEOUS RD, PROSPER, TX 75078<br/><b><u>Type:</u></b> Private<br/><b><u>Enrollment:</u></b> 120",
        "styleUrl": "#Open"
      }
    },
    {
      "type": "Feature",
      "geometry": {
        "type": "Point",
        "coordinates": [
          -96.716709,
          33.174747
        ]
      },
      "properties": {
        "description": "<b><u>Address:</u></b> 7508 ELDORADO PKWY, MCKINNEY, TX 75070<br/><b><u>Type:</u></b> Private<br/><b><u>Enrollment:</u></b> 10",
        "styleUrl": "#Open"
      }
    },
    {
      "type": "Feature",
      "geometry": {
        "type": "Point",
        "coordinates": [
          -95.266612,
          32.316305
        ]
      },
      "properties": {
        "description": "<b><u>Address:</u></b> 2931 SSE LOOP 323, TYLER, TX 75701<br/><b><u>Type:</u></b> Private<br/><b><u>Enrollment:</u></b> 10",
        "styleUrl": "#Open"
      }
    },
    {
      "type": "Feature",
      "geometry": {
        "type": "Point",
        "coordinates": [
          -97.771554,
          30.276915
        ]
      },
      "properties": {
        "description": "<b><u>Address:</u></b> 404 B ATLANTA ST, AUSTIN, TX 78703<br/><b><u>Type:</u></b> Private<br/><b><u>Enrollment:</u></b> 14",
        "styleUrl": "#Open"
      }
    },
    {
      "type": "Feature",
      "geometry": {
        "type": "Point",
        "coordinates": [
          -94.758074,
          32.162427
        ]
      },
      "properties": {
        "description": "<b><u>Address:</u></b> 2324 FM 3135E, HENDERSON, TX 75652<br/><b><u>Type:</u></b> Private<br/><b><u>Enrollment:</u></b> 96",
        "styleUrl": "#Open"
      }
    },
    {
      "type": "Feature",
      "geometry": {
        "type": "Point",
        "coordinates": [
          -98.540491,
          29.52776
        ]
      },
      "properties": {
        "description": "<b><u>Address:</u></b> 5247 VANCE JACKSON RD, SAN ANTONIO, TX 78230<br/><b><u>Type:</u></b> Private<br/><b><u>Enrollment:</u></b> 8",
        "styleUrl": "#Open"
      }
    },
    {
      "type": "Feature",
      "geometry": {
        "type": "Point",
        "coordinates": [
          -95.42904,
          30.076003
        ]
      },
      "properties": {
        "description": "<b><u>Address:</u></b> 633 E LOUETTA RD, SPRING, TX 77373<br/><b><u>Type:</u></b> Private<br/><b><u>Enrollment:</u></b> 192",
        "styleUrl": "#Open"
      }
    },
    {
      "type": "Feature",
      "geometry": {
        "type": "Point",
        "coordinates": [
          -96.803501,
          33.0141
        ]
      },
      "properties": {
        "description": "<b><u>Address:</u></b> 5170 VILLAGE CREEK DR STE 100, PLANO, TX 75093<br/><b><u>Type:</u></b> Private<br/><b><u>Enrollment:</u></b> 4",
        "styleUrl": "#Open"
      }
    },
    {
      "type": "Feature",
      "geometry": {
        "type": "Point",
        "coordinates": [
          -96.606931,
          32.88985
        ]
      },
      "properties": {
        "description": "<b><u>Address:</u></b> 1702 E CENTERVILLE RD, GARLAND, TX 75041<br/><b><u>Type:</u></b> Private<br/><b><u>Enrollment:</u></b> 17",
        "styleUrl": "#Open"
      }
    },
    {
      "type": "Feature",
      "geometry": {
        "type": "Point",
        "coordinates": [
          -95.182701,
          29.79329
        ]
      },
      "properties": {
        "description": "<b><u>Address:</u></b> 335 AUDRY LN, HOUSTON, TX 77015<br/><b><u>Type:</u></b> Private<br/><b><u>Enrollment:</u></b> 8",
        "styleUrl": "#Open"
      }
    },
    {
      "type": "Feature",
      "geometry": {
        "type": "Point",
        "coordinates": [
          -95.559998,
          30.008982
        ]
      },
      "properties": {
        "description": "<b><u>Address:</u></b> 16700 OLD LOUETTA RD, SPRING, TX 77379<br/><b><u>Type:</u></b> Private<br/><b><u>Enrollment:</u></b> 27",
        "styleUrl": "#Open"
      }
    },
    {
      "type": "Feature",
      "geometry": {
        "type": "Point",
        "coordinates": [
          -97.029311,
          30.87833
        ]
      },
      "properties": {
        "description": "<b><u>Address:</u></b> 2274 COUNTY ROAD 203 LOOP, CAMERON, TX 76520<br/><b><u>Type:</u></b> Private<br/><b><u>Enrollment:</u></b> 23",
        "styleUrl": "#Open"
      }
    },
    {
      "type": "Feature",
      "geometry": {
        "type": "Point",
        "coordinates": [
          -95.454537,
          29.758988
        ]
      },
      "properties": {
        "description": "<b><u>Address:</u></b> 1001 W LOOP S, HOUSTON, TX 77027<br/><b><u>Type:</u></b> Private<br/><b><u>Enrollment:</u></b> 140",
        "styleUrl": "#Open"
      }
    },
    {
      "type": "Feature",
      "geometry": {
        "type": "Point",
        "coordinates": [
          -103.657163,
          30.380559
        ]
      },
      "properties": {
        "description": "<b><u>Address:</u></b> 1901 LOOP DR, ALPINE, TX 79831<br/><b><u>Type:</u></b> Private<br/><b><u>Enrollment:</u></b> 48",
        "styleUrl": "#Open"
      }
    },
    {
      "type": "Feature",
      "geometry": {
        "type": "Point",
        "coordinates": [
          -98.973541,
          32.38007
        ]
      },
      "properties": {
        "description": "<b><u>Address:</u></b> 1711 CONRAD HILTON BLVD, CISCO, TX 76437<br/><b><u>Type:</u></b> Private<br/><b><u>Enrollment:</u></b> 9",
        "styleUrl": "#Open"
      }
    },
    {
      "type": "Feature",
      "geometry": {
        "type": "Point",
        "coordinates": [
          -95.073717,
          29.450062
        ]
      },
      "properties": {
        "description": "<b><u>Address:</u></b> 400 FM 517 RD E, DICKINSON, TX 77539<br/><b><u>Type:</u></b> Private<br/><b><u>Enrollment:</u></b> 93",
        "styleUrl": "#Open"
      }
    },
    {
      "type": "Feature",
      "geometry": {
        "type": "Point",
        "coordinates": [
          -95.580539,
          30.124516
        ]
      },
      "properties": {
        "description": "<b><u>Address:</u></b> 10431 HUFSMITH RD, TOMBALL, TX 77375<br/><b><u>Type:</u></b> Private<br/><b><u>Enrollment:</u></b> 60",
        "styleUrl": "#Open"
      }
    },
    {
      "type": "Feature",
      "geometry": {
        "type": "Point",
        "coordinates": [
          -101.484226,
          32.23508
        ]
      },
      "properties": {
        "description": "<b><u>Address:</u></b> 118 CEDAR RD, BIG SPRING, TX 79720<br/><b><u>Type:</u></b> Private<br/><b><u>Enrollment:</u></b> 21",
        "styleUrl": "#Open"
      }
    },
    {
      "type": "Feature",
      "geometry": {
        "type": "Point",
        "coordinates": [
          -98.467591,
          29.44276
        ]
      },
      "properties": {
        "description": "<b><u>Address:</u></b> 1018 E GRAYSON ST, SAN ANTONIO, TX 78208<br/><b><u>Type:</u></b> Private<br/><b><u>Enrollment:</u></b> 65",
        "styleUrl": "#Open"
      }
    },
    {
      "type": "Feature",
      "geometry": {
        "type": "Point",
        "coordinates": [
          -94.079501,
          33.4705
        ]
      },
      "properties": {
        "description": "<b><u>Address:</u></b> 3015 MOORES LN, TEXARKANA, TX 75503<br/><b><u>Type:</u></b> Private<br/><b><u>Enrollment:</u></b> 11",
        "styleUrl": "#Open"
      }
    },
    {
      "type": "Feature",
      "geometry": {
        "type": "Point",
        "coordinates": [
          -98.183231,
          29.719
        ]
      },
      "properties": {
        "description": "<b><u>Address:</u></b> 220 FM 1863, NEW BRAUNFELS, TX 78132<br/><b><u>Type:</u></b> Private<br/><b><u>Enrollment:</u></b> 495",
        "styleUrl": "#Open"
      }
    },
    {
      "type": "Feature",
      "geometry": {
        "type": "Point",
        "coordinates": [
          -98.661902,
          29.546844
        ]
      },
      "properties": {
        "description": "<b><u>Address:</u></b> 11223 BANDERA RD, SAN ANTONIO, TX 78250<br/><b><u>Type:</u></b> Private<br/><b><u>Enrollment:</u></b> 134",
        "styleUrl": "#Open"
      }
    },
    {
      "type": "Feature",
      "geometry": {
        "type": "Point",
        "coordinates": [
          -95.490261,
          29.85136
        ]
      },
      "properties": {
        "description": "<b><u>Address:</u></b> 6720 W TIDWELL RD, HOUSTON, TX 77092<br/><b><u>Type:</u></b> Private<br/><b><u>Enrollment:</u></b> 14",
        "styleUrl": "#Open"
      }
    },
    {
      "type": "Feature",
      "geometry": {
        "type": "Point",
        "coordinates": [
          -94.436946,
          30.773176
        ]
      },
      "properties": {
        "description": "<b><u>Address:</u></b> 1707 W BLUFF ST, WOODVILLE, TX 75979<br/><b><u>Type:</u></b> Private<br/><b><u>Enrollment:</u></b> 32",
        "styleUrl": "#Open"
      }
    },
    {
      "type": "Feature",
      "geometry": {
        "type": "Point",
        "coordinates": [
          -95.820911,
          29.80016
        ]
      },
      "properties": {
        "description": "<b><u>Address:</u></b> 1913 E AVE, KATY, TX 77493<br/><b><u>Type:</u></b> Private<br/><b><u>Enrollment:</u></b> 8",
        "styleUrl": "#Open"
      }
    },
    {
      "type": "Feature",
      "geometry": {
        "type": "Point",
        "coordinates": [
          -97.95753,
          30.322152
        ]
      },
      "properties": {
        "description": "<b><u>Address:</u></b> 3500 RANCH RD 620 S, G-200, AUSTIN, TX 78738<br/><b><u>Type:</u></b> Private<br/><b><u>Enrollment:</u></b> 134",
        "styleUrl": "#Open"
      }
    },
    {
      "type": "Feature",
      "geometry": {
        "type": "Point",
        "coordinates": [
          -95.600021,
          29.73697
        ]
      },
      "properties": {
        "description": "<b><u>Address:</u></b> 12350 WESTHEIMER RD # A, HOUSTON, TX 77077<br/><b><u>Type:</u></b> Private<br/><b><u>Enrollment:</u></b> 2",
        "styleUrl": "#Open"
      }
    },
    {
      "type": "Feature",
      "geometry": {
        "type": "Point",
        "coordinates": [
          -96.824595,
          32.752791
        ]
      },
      "properties": {
        "description": "<b><u>Address:</u></b> 813 N ZANG BLVD, DALLAS, TX 75208<br/><b><u>Type:</u></b> Private<br/><b><u>Enrollment:</u></b> 36",
        "styleUrl": "#Open"
      }
    },
    {
      "type": "Feature",
      "geometry": {
        "type": "Point",
        "coordinates": [
          -96.669736,
          32.834442
        ]
      },
      "properties": {
        "description": "<b><u>Address:</u></b> 2626 GUS THOMASSON RD, DALLAS, TX 75228<br/><b><u>Type:</u></b> Private<br/><b><u>Enrollment:</u></b> 31",
        "styleUrl": "#Open"
      }
    },
    {
      "type": "Feature",
      "geometry": {
        "type": "Point",
        "coordinates": [
          -95.240301,
          29.671253
        ]
      },
      "properties": {
        "description": "<b><u>Address:</u></b> 3111 FOREST OAKS BLVD, HOUSTON, TX 77017<br/><b><u>Type:</u></b> Private<br/><b><u>Enrollment:</u></b> 4",
        "styleUrl": "#Open"
      }
    },
    {
      "type": "Feature",
      "geometry": {
        "type": "Point",
        "coordinates": [
          -96.831379,
          32.983876
        ]
      },
      "properties": {
        "description": "<b><u>Address:</u></b> 17001 ADDISON RD, ADDISON, TX 75001<br/><b><u>Type:</u></b> Private<br/><b><u>Enrollment:</u></b> 1322",
        "styleUrl": "#Open"
      }
    },
    {
      "type": "Feature",
      "geometry": {
        "type": "Point",
        "coordinates": [
          -98.163102,
          29.137041
        ]
      },
      "properties": {
        "description": "<b><u>Address:</u></b> 1007 TRL ST, FLORESVILLE, TX 78114<br/><b><u>Type:</u></b> Private<br/><b><u>Enrollment:</u></b> 49",
        "styleUrl": "#Open"
      }
    },
    {
      "type": "Feature",
      "geometry": {
        "type": "Point",
        "coordinates": [
          -96.753501,
          32.832492
        ]
      },
      "properties": {
        "description": "<b><u>Address:</u></b> 3741 ABRAMS RD, DALLAS, TX 75214<br/><b><u>Type:</u></b> Private<br/><b><u>Enrollment:</u></b> 803",
        "styleUrl": "#Open"
      }
    },
    {
      "type": "Feature",
      "geometry": {
        "type": "Point",
        "coordinates": [
          -95.518811,
          29.75841
        ]
      },
      "properties": {
        "description": "<b><u>Address:</u></b> 335 PINEY POINT RD, HOUSTON, TX 77024<br/><b><u>Type:</u></b> Private<br/><b><u>Enrollment:</u></b> 696",
        "styleUrl": "#Open"
      }
    },
    {
      "type": "Feature",
      "geometry": {
        "type": "Point",
        "coordinates": [
          -96.819931,
          32.90679
        ]
      },
      "properties": {
        "description": "<b><u>Address:</u></b> 11611 INWOOD RD, DALLAS, TX 75229<br/><b><u>Type:</u></b> Private<br/><b><u>Enrollment:</u></b> 332",
        "styleUrl": "#Open"
      }
    },
    {
      "type": "Feature",
      "geometry": {
        "type": "Point",
        "coordinates": [
          -98.006381,
          26.15664
        ]
      },
      "properties": {
        "description": "<b><u>Address:</u></b> 417 S WESTGATE DR, WESLACO, TX 78596<br/><b><u>Type:</u></b> Private<br/><b><u>Enrollment:</u></b> 68",
        "styleUrl": "#Open"
      }
    },
    {
      "type": "Feature",
      "geometry": {
        "type": "Point",
        "coordinates": [
          -96.708621,
          32.84132
        ]
      },
      "properties": {
        "description": "<b><u>Address:</u></b> 950 TIFFANY WAY, DALLAS, TX 75218<br/><b><u>Type:</u></b> Private<br/><b><u>Enrollment:</u></b> 143",
        "styleUrl": "#Open"
      }
    },
    {
      "type": "Feature",
      "geometry": {
        "type": "Point",
        "coordinates": [
          -97.740721,
          30.29458
        ]
      },
      "properties": {
        "description": "<b><u>Address:</u></b> 306 W 29TH ST, AUSTIN, TX 78705<br/><b><u>Type:</u></b> Private<br/><b><u>Enrollment:</u></b> 94",
        "styleUrl": "#Open"
      }
    },
    {
      "type": "Feature",
      "geometry": {
        "type": "Point",
        "coordinates": [
          -95.437844,
          29.675259
        ]
      },
      "properties": {
        "description": "<b><u>Address:</u></b> 9825 STELLA LINK RD, HOUSTON, TX 77025<br/><b><u>Type:</u></b> Private<br/><b><u>Enrollment:</u></b> 576",
        "styleUrl": "#Open"
      }
    },
    {
      "type": "Feature",
      "geometry": {
        "type": "Point",
        "coordinates": [
          -98.227761,
          30.57996
        ]
      },
      "properties": {
        "description": "<b><u>Address:</u></b> 3151 E FM 1431`, MARBLE FALLS, TX 78654<br/><b><u>Type:</u></b> Private<br/><b><u>Enrollment:</u></b> 304",
        "styleUrl": "#Open"
      }
    },
    {
      "type": "Feature",
      "geometry": {
        "type": "Point",
        "coordinates": [
          -94.719991,
          32.53548
        ]
      },
      "properties": {
        "description": "<b><u>Address:</u></b> 610 E LOOP 281, LONGVIEW, TX 75605<br/><b><u>Type:</u></b> Private<br/><b><u>Enrollment:</u></b> 20",
        "styleUrl": "#Open"
      }
    },
    {
      "type": "Feature",
      "geometry": {
        "type": "Point",
        "coordinates": [
          -97.761631,
          30.24049
        ]
      },
      "properties": {
        "description": "<b><u>Address:</u></b> 2512 S 1ST ST, AUSTIN, TX 78704<br/><b><u>Type:</u></b> Private<br/><b><u>Enrollment:</u></b> 127",
        "styleUrl": "#Open"
      }
    },
    {
      "type": "Feature",
      "geometry": {
        "type": "Point",
        "coordinates": [
          -97.411551,
          32.71857
        ]
      },
      "properties": {
        "description": "<b><u>Address:</u></b> 5837 HUMBERT AVE, FORT WORTH, TX 76107<br/><b><u>Type:</u></b> Private<br/><b><u>Enrollment:</u></b> 6",
        "styleUrl": "#Open"
      }
    },
    {
      "type": "Feature",
      "geometry": {
        "type": "Point",
        "coordinates": [
          -96.472509,
          32.88568
        ]
      },
      "properties": {
        "description": "<b><u>Address:</u></b> 3115 RIDGE RD, ROCKWALL, TX 75032<br/><b><u>Type:</u></b> Private<br/><b><u>Enrollment:</u></b> 14",
        "styleUrl": "#Open"
      }
    },
    {
      "type": "Feature",
      "geometry": {
        "type": "Point",
        "coordinates": [
          -96.836091,
          32.94464
        ]
      },
      "properties": {
        "description": "<b><u>Address:</u></b> 14340 PROTON RD, DALLAS, TX 75244<br/><b><u>Type:</u></b> Private<br/><b><u>Enrollment:</u></b> 217",
        "styleUrl": "#Open"
      }
    },
    {
      "type": "Feature",
      "geometry": {
        "type": "Point",
        "coordinates": [
          -96.073491,
          30.095048
        ]
      },
      "properties": {
        "description": "<b><u>Address:</u></b> 1016 6TH ST, HEMPSTEAD, TX 77445<br/><b><u>Type:</u></b> Private<br/><b><u>Enrollment:</u></b> 59",
        "styleUrl": "#Open"
      }
    },
    {
      "type": "Feature",
      "geometry": {
        "type": "Point",
        "coordinates": [
          -96.957181,
          32.89975
        ]
      },
      "properties": {
        "description": "<b><u>Address:</u></b> 700 FLUOR DR, IRVING, TX 75039<br/><b><u>Type:</u></b> Private<br/><b><u>Enrollment:</u></b> 110",
        "styleUrl": "#Open"
      }
    },
    {
      "type": "Feature",
      "geometry": {
        "type": "Point",
        "coordinates": [
          -97.283241,
          32.94365
        ]
      },
      "properties": {
        "description": "<b><u>Address:</u></b> 11655 ALTA VISTA RD STE B, FORT WORTH, TX 76244<br/><b><u>Type:</u></b> Private<br/><b><u>Enrollment:</u></b> 7",
        "styleUrl": "#Open"
      }
    },
    {
      "type": "Feature",
      "geometry": {
        "type": "Point",
        "coordinates": [
          -96.736791,
          33.04247
        ]
      },
      "properties": {
        "description": "<b><u>Address:</u></b> 3401 SILVERSTONE DR, PLANO, TX 75023<br/><b><u>Type:</u></b> Private<br/><b><u>Enrollment:</u></b> 60",
        "styleUrl": "#Open"
      }
    },
    {
      "type": "Feature",
      "geometry": {
        "type": "Point",
        "coordinates": [
          -95.565571,
          29.612342
        ]
      },
      "properties": {
        "description": "<b><u>Address:</u></b> 504 F M 1092, STAFFORD, TX 77477<br/><b><u>Type:</u></b> Private<br/><b><u>Enrollment:</u></b> 47",
        "styleUrl": "#Open"
      }
    },
    {
      "type": "Feature",
      "geometry": {
        "type": "Point",
        "coordinates": [
          -95.438671,
          30.15636
        ]
      },
      "properties": {
        "description": "<b><u>Address:</u></b> 27420 ROBINSON RD, OAK RIDGE NORTH, TX 77385<br/><b><u>Type:</u></b> Private<br/><b><u>Enrollment:</u></b> 36",
        "styleUrl": "#Open"
      }
    },
    {
      "type": "Feature",
      "geometry": {
        "type": "Point",
        "coordinates": [
          -98.128651,
          29.73507
        ]
      },
      "properties": {
        "description": "<b><u>Address:</u></b> 1600 RIVER RD, NEW BRAUNFELS, TX 78132<br/><b><u>Type:</u></b> Private<br/><b><u>Enrollment:</u></b> 162",
        "styleUrl": "#Open"
      }
    },
    {
      "type": "Feature",
      "geometry": {
        "type": "Point",
        "coordinates": [
          -97.588373,
          30.450326
        ]
      },
      "properties": {
        "description": "<b><u>Address:</u></b> 17721 COLORADO SAND DR, PFLUGERVILLE, TX 78660<br/><b><u>Type:</u></b> Private<br/><b><u>Enrollment:</u></b> 43",
        "styleUrl": "#Open"
      }
    },
    {
      "type": "Feature",
      "geometry": {
        "type": "Point",
        "coordinates": [
          -95.844934,
          29.723122
        ]
      },
      "properties": {
        "description": "<b><u>Address:</u></b> 27613 PINE MILL RANCH DR, KATY, TX 77494<br/><b><u>Type:</u></b> Private<br/><b><u>Enrollment:</u></b> 15",
        "styleUrl": "#Open"
      }
    },
    {
      "type": "Feature",
      "geometry": {
        "type": "Point",
        "coordinates": [
          -95.631048,
          29.624688
        ]
      },
      "properties": {
        "description": "<b><u>Address:</u></b> 211 WOOD ST, SUGAR LAND, TX 77498<br/><b><u>Type:</u></b> Private<br/><b><u>Enrollment:</u></b> 3",
        "styleUrl": "#Open"
      }
    },
    {
      "type": "Feature",
      "geometry": {
        "type": "Point",
        "coordinates": [
          -95.633971,
          29.76118
        ]
      },
      "properties": {
        "description": "<b><u>Address:</u></b> 1400 PKWY PLZ DR, HOUSTON, TX 77077<br/><b><u>Type:</u></b> Private<br/><b><u>Enrollment:</u></b> 644",
        "styleUrl": "#Open"
      }
    },
    {
      "type": "Feature",
      "geometry": {
        "type": "Point",
        "coordinates": [
          -96.802901,
          33.01619
        ]
      },
      "properties": {
        "description": "<b><u>Address:</u></b> 5100 W PLANO PKWY, PLANO, TX 75093<br/><b><u>Type:</u></b> Private<br/><b><u>Enrollment:</u></b> 709",
        "styleUrl": "#Open"
      }
    },
    {
      "type": "Feature",
      "geometry": {
        "type": "Point",
        "coordinates": [
          -106.439495,
          31.768578
        ]
      },
      "properties": {
        "description": "<b><u>Address:</u></b> 250 WASHINGTON ST, EL PASO, TX 79905<br/><b><u>Type:</u></b> Private<br/><b><u>Enrollment:</u></b> 111",
        "styleUrl": "#Open"
      }
    },
    {
      "type": "Feature",
      "geometry": {
        "type": "Point",
        "coordinates": [
          -95.264451,
          29.55317
        ]
      },
      "properties": {
        "description": "<b><u>Address:</u></b> 3005 PEARLAND PKWY, PEARLAND, TX 77581<br/><b><u>Type:</u></b> Private<br/><b><u>Enrollment:</u></b> 108",
        "styleUrl": "#Open"
      }
    },
    {
      "type": "Feature",
      "geometry": {
        "type": "Point",
        "coordinates": [
          -97.731451,
          30.30325
        ]
      },
      "properties": {
        "description": "<b><u>Address:</u></b> 4001 SPEEDWAY, AUSTIN, TX 78751<br/><b><u>Type:</u></b> Private<br/><b><u>Enrollment:</u></b> 72",
        "styleUrl": "#Open"
      }
    },
    {
      "type": "Feature",
      "geometry": {
        "type": "Point",
        "coordinates": [
          -97.010896,
          32.82987
        ]
      },
      "properties": {
        "description": "<b><u>Address:</u></b> 1705 ESTERS RD, IRVING, TX 75061<br/><b><u>Type:</u></b> Private<br/><b><u>Enrollment:</u></b> 94",
        "styleUrl": "#Open"
      }
    },
    {
      "type": "Feature",
      "geometry": {
        "type": "Point",
        "coordinates": [
          -97.142055,
          32.722121
        ]
      },
      "properties": {
        "description": "<b><u>Address:</u></b> 2201 W PARK ROW DR, PANTEGO, TX 76013<br/><b><u>Type:</u></b> Private<br/><b><u>Enrollment:</u></b> 469",
        "styleUrl": "#Open"
      }
    },
    {
      "type": "Feature",
      "geometry": {
        "type": "Point",
        "coordinates": [
          -97.186541,
          32.92734
        ]
      },
      "properties": {
        "description": "<b><u>Address:</u></b> 1100 DAVIS BLVD, SOUTHLAKE, TX 76092<br/><b><u>Type:</u></b> Private<br/><b><u>Enrollment:</u></b> 4",
        "styleUrl": "#Open"
      }
    },
    {
      "type": "Feature",
      "geometry": {
        "type": "Point",
        "coordinates": [
          -95.467741,
          30.169425
        ]
      },
      "properties": {
        "description": "<b><u>Address:</u></b> 1915 LAKE FRONT CIR, THE WOODLANDS, TX 77380<br/><b><u>Type:</u></b> Private<br/><b><u>Enrollment:</u></b> 227",
        "styleUrl": "#Open"
      }
    },
    {
      "type": "Feature",
      "geometry": {
        "type": "Point",
        "coordinates": [
          -95.126771,
          29.38593
        ]
      },
      "properties": {
        "description": "<b><u>Address:</u></b> 14828 HWY 6, SANTA FE, TX 77517<br/><b><u>Type:</u></b> Private<br/><b><u>Enrollment:</u></b> 142",
        "styleUrl": "#Open"
      }
    },
    {
      "type": "Feature",
      "geometry": {
        "type": "Point",
        "coordinates": [
          -97.732121,
          30.40823
        ]
      },
      "properties": {
        "description": "<b><u>Address:</u></b> 11400 N MOPAC EXPY, AUSTIN, TX 78759<br/><b><u>Type:</u></b> Private<br/><b><u>Enrollment:</u></b> 747",
        "styleUrl": "#Open"
      }
    },
    {
      "type": "Feature",
      "geometry": {
        "type": "Point",
        "coordinates": [
          -106.503865,
          31.79972
        ]
      },
      "properties": {
        "description": "<b><u>Address:</u></b> 4320 N STANTON ST, EL PASO, TX 79902<br/><b><u>Type:</u></b> Private<br/><b><u>Enrollment:</u></b> 44",
        "styleUrl": "#Open"
      }
    },
    {
      "type": "Feature",
      "geometry": {
        "type": "Point",
        "coordinates": [
          -95.650631,
          29.94778
        ]
      },
      "properties": {
        "description": "<b><u>Address:</u></b> 11711 TELGE RD, CYPRESS, TX 77429<br/><b><u>Type:</u></b> Private<br/><b><u>Enrollment:</u></b> 137",
        "styleUrl": "#Open"
      }
    },
    {
      "type": "Feature",
      "geometry": {
        "type": "Point",
        "coordinates": [
          -95.670611,
          29.85716
        ]
      },
      "properties": {
        "description": "<b><u>Address:</u></b> 5725 QUEENSTON BLVD, HOUSTON, TX 77084<br/><b><u>Type:</u></b> Private<br/><b><u>Enrollment:</u></b> 11",
        "styleUrl": "#Open"
      }
    },
    {
      "type": "Feature",
      "geometry": {
        "type": "Point",
        "coordinates": [
          -95.489121,
          30.08768
        ]
      },
      "properties": {
        "description": "<b><u>Address:</u></b> 22151 FRASSATI WAY, SPRING, TX 77389<br/><b><u>Type:</u></b> Private<br/><b><u>Enrollment:</u></b> 261",
        "styleUrl": "#Open"
      }
    },
    {
      "type": "Feature",
      "geometry": {
        "type": "Point",
        "coordinates": [
          -95.630936,
          29.943298
        ]
      },
      "properties": {
        "description": "<b><u>Address:</u></b> 11511 HUFFMEISTER RD, HOUSTON, TX 77065<br/><b><u>Type:</u></b> Private<br/><b><u>Enrollment:</u></b> 342",
        "styleUrl": "#Open"
      }
    },
    {
      "type": "Feature",
      "geometry": {
        "type": "Point",
        "coordinates": [
          -95.559121,
          29.77498
        ]
      },
      "properties": {
        "description": "<b><u>Address:</u></b> 12751 KIMBERLEY LN, HOUSTON, TX 77024<br/><b><u>Type:</u></b> Private<br/><b><u>Enrollment:</u></b> 24",
        "styleUrl": "#Open"
      }
    },
    {
      "type": "Feature",
      "geometry": {
        "type": "Point",
        "coordinates": [
          -95.530275,
          29.778513
        ]
      },
      "properties": {
        "description": "<b><u>Address:</u></b> 11740 JOAN OF ARC DR, HOUSTON, TX 77024<br/><b><u>Type:</u></b> Private<br/><b><u>Enrollment:</u></b> 530",
        "styleUrl": "#Open"
      }
    },
    {
      "type": "Feature",
      "geometry": {
        "type": "Point",
        "coordinates": [
          -101.891821,
          35.19047
        ]
      },
      "properties": {
        "description": "<b><u>Address:</u></b> 5005 W INTERSTATE 40, AMARILLO, TX 79106<br/><b><u>Type:</u></b> Private<br/><b><u>Enrollment:</u></b> 38",
        "styleUrl": "#Open"
      }
    },
    {
      "type": "Feature",
      "geometry": {
        "type": "Point",
        "coordinates": [
          -98.526781,
          29.60955
        ]
      },
      "properties": {
        "description": "<b><u>Address:</u></b> 16801 HUEBNER RD, SAN ANTONIO, TX 78258<br/><b><u>Type:</u></b> Private<br/><b><u>Enrollment:</u></b> 328",
        "styleUrl": "#Open"
      }
    },
    {
      "type": "Feature",
      "geometry": {
        "type": "Point",
        "coordinates": [
          -94.377201,
          32.51927
        ]
      },
      "properties": {
        "description": "<b><u>Address:</u></b> 2905 ROSBOROUGH SPRINGS RD, MARSHALL, TX 75672<br/><b><u>Type:</u></b> Private<br/><b><u>Enrollment:</u></b> 111",
        "styleUrl": "#Open"
      }
    },
    {
      "type": "Feature",
      "geometry": {
        "type": "Point",
        "coordinates": [
          -96.698971,
          32.87249
        ]
      },
      "properties": {
        "description": "<b><u>Address:</u></b> 9120 PLANO RD, DALLAS, TX 75238<br/><b><u>Type:</u></b> Private<br/><b><u>Enrollment:</u></b> 94",
        "styleUrl": "#Open"
      }
    },
    {
      "type": "Feature",
      "geometry": {
        "type": "Point",
        "coordinates": [
          -96.626562,
          32.925453
        ]
      },
      "properties": {
        "description": "<b><u>Address:</u></b> 1516 LAVON DR, GARLAND, TX 75040<br/><b><u>Type:</u></b> Private<br/><b><u>Enrollment:</u></b> 246",
        "styleUrl": "#Open"
      }
    },
    {
      "type": "Feature",
      "geometry": {
        "type": "Point",
        "coordinates": [
          -100.900511,
          29.35807
        ]
      },
      "properties": {
        "description": "<b><u>Address:</u></b> 206 W GREENWOOD ST, DEL RIO, TX 78840<br/><b><u>Type:</u></b> Private<br/><b><u>Enrollment:</u></b> 97",
        "styleUrl": "#Open"
      }
    },
    {
      "type": "Feature",
      "geometry": {
        "type": "Point",
        "coordinates": [
          -97.496561,
          25.92159
        ]
      },
      "properties": {
        "description": "<b><u>Address:</u></b> 1600 BOCA CHICA BLVD, BROWNSVILLE, TX 78520<br/><b><u>Type:</u></b> Private<br/><b><u>Enrollment:</u></b> 187",
        "styleUrl": "#Open"
      }
    },
    {
      "type": "Feature",
      "geometry": {
        "type": "Point",
        "coordinates": [
          -98.428859,
          29.794236
        ]
      },
      "properties": {
        "description": "<b><u>Address:</u></b> 670 OLD BOERNE RD, BULVERDE, TX 78163<br/><b><u>Type:</u></b> Private<br/><b><u>Enrollment:</u></b> 373",
        "styleUrl": "#Open"
      }
    },
    {
      "type": "Feature",
      "geometry": {
        "type": "Point",
        "coordinates": [
          -96.717161,
          32.87179
        ]
      },
      "properties": {
        "description": "<b><u>Address:</u></b> 9845 MCCREE RD, DALLAS, TX 75238<br/><b><u>Type:</u></b> Private<br/><b><u>Enrollment:</u></b> 10",
        "styleUrl": "#Open"
      }
    },
    {
      "type": "Feature",
      "geometry": {
        "type": "Point",
        "coordinates": [
          -95.617311,
          29.592348
        ]
      },
      "properties": {
        "description": "<b><u>Address:</u></b> 16103 LEXINGTON BLVD A, SUGAR LAND, TX 77479<br/><b><u>Type:</u></b> Private<br/><b><u>Enrollment:</u></b> 8",
        "styleUrl": "#Open"
      }
    },
    {
      "type": "Feature",
      "geometry": {
        "type": "Point",
        "coordinates": [
          -97.917799,
          26.149145
        ]
      },
      "properties": {
        "description": "<b><u>Address:</u></b> 703 W 3RD ST, MERCEDES, TX 78570<br/><b><u>Type:</u></b> Private<br/><b><u>Enrollment:</u></b> 15",
        "styleUrl": "#Open"
      }
    },
    {
      "type": "Feature",
      "geometry": {
        "type": "Point",
        "coordinates": [
          -95.662021,
          29.60658
        ]
      },
      "properties": {
        "description": "<b><u>Address:</u></b> 6380 HWY 90A, SUGAR LAND, TX 77498<br/><b><u>Type:</u></b> Private<br/><b><u>Enrollment:</u></b> 86",
        "styleUrl": "#Open"
      }
    },
    {
      "type": "Feature",
      "geometry": {
        "type": "Point",
        "coordinates": [
          -97.073262,
          33.160103
        ]
      },
      "properties": {
        "description": "<b><u>Address:</u></b> 1300 E PECAN CREEK CIR, CORINTH, TX 76210<br/><b><u>Type:</u></b> Private<br/><b><u>Enrollment:</u></b> 14",
        "styleUrl": "#Open"
      }
    },
    {
      "type": "Feature",
      "geometry": {
        "type": "Point",
        "coordinates": [
          -96.859691,
          32.79189
        ]
      },
      "properties": {
        "description": "<b><u>Address:</u></b> 2300 CANADA DR, DALLAS, TX 75212<br/><b><u>Type:</u></b> Private<br/><b><u>Enrollment:</u></b> 190",
        "styleUrl": "#Open"
      }
    },
    {
      "type": "Feature",
      "geometry": {
        "type": "Point",
        "coordinates": [
          -97.576631,
          32.8809
        ]
      },
      "properties": {
        "description": "<b><u>Address:</u></b> 1801 S STEWART ST, AZLE, TX 76020<br/><b><u>Type:</u></b> Private<br/><b><u>Enrollment:</u></b> 175",
        "styleUrl": "#Open"
      }
    },
    {
      "type": "Feature",
      "geometry": {
        "type": "Point",
        "coordinates": [
          -97.717961,
          30.42256
        ]
      },
      "properties": {
        "description": "<b><u>Address:</u></b> 4001 ADELPHI LN, AUSTIN, TX 78727<br/><b><u>Type:</u></b> Private<br/><b><u>Enrollment:</u></b> 163",
        "styleUrl": "#Open"
      }
    },
    {
      "type": "Feature",
      "geometry": {
        "type": "Point",
        "coordinates": [
          -96.604241,
          33.65908
        ]
      },
      "properties": {
        "description": "<b><u>Address:</u></b> 906 COTTONWOOD DR, SHERMAN, TX 75090<br/><b><u>Type:</u></b> Private<br/><b><u>Enrollment:</u></b> 20",
        "styleUrl": "#Open"
      }
    },
    {
      "type": "Feature",
      "geometry": {
        "type": "Point",
        "coordinates": [
          -95.450175,
          29.180421
        ]
      },
      "properties": {
        "description": "<b><u>Address:</u></b> 976 COUNTY ROAD 44, ANGLETON, TX 77515<br/><b><u>Type:</u></b> Private<br/><b><u>Enrollment:</u></b> 294",
        "styleUrl": "#Open"
      }
    },
    {
      "type": "Feature",
      "geometry": {
        "type": "Point",
        "coordinates": [
          -95.488202,
          29.67688
        ]
      },
      "properties": {
        "description": "<b><u>Address:</u></b> 5600 N BRAESWOOD BLVD # B, HOUSTON, TX 77096<br/><b><u>Type:</u></b> Private<br/><b><u>Enrollment:</u></b> 200",
        "styleUrl": "#Open"
      }
    },
    {
      "type": "Feature",
      "geometry": {
        "type": "Point",
        "coordinates": [
          -96.550599,
          33.350366
        ]
      },
      "properties": {
        "description": "<b><u>Address:</u></b> 210 W 3RD ST, VAN ALSTYNE, TX 75495<br/><b><u>Type:</u></b> Private<br/><b><u>Enrollment:</u></b> 100",
        "styleUrl": "#Open"
      }
    },
    {
      "type": "Feature",
      "geometry": {
        "type": "Point",
        "coordinates": [
          -97.827647,
          30.460406
        ]
      },
      "properties": {
        "description": "<b><u>Address:</u></b> 3315 EL SALIDO PKWY, CEDAR PARK, TX 78613<br/><b><u>Type:</u></b> Private<br/><b><u>Enrollment:</u></b> 46",
        "styleUrl": "#Open"
      }
    },
    {
      "type": "Feature",
      "geometry": {
        "type": "Point",
        "coordinates": [
          -97.757981,
          31.08511
        ]
      },
      "properties": {
        "description": "<b><u>Address:</u></b> 3400 OLD FM 440 RD, KILLEEN, TX 76549<br/><b><u>Type:</u></b> Private<br/><b><u>Enrollment:</u></b> 12",
        "styleUrl": "#Open"
      }
    },
    {
      "type": "Feature",
      "geometry": {
        "type": "Point",
        "coordinates": [
          -96.795831,
          33.08325
        ]
      },
      "properties": {
        "description": "<b><u>Address:</u></b> 4845 HEDGCOXE RD, PLANO, TX 75024<br/><b><u>Type:</u></b> Private<br/><b><u>Enrollment:</u></b> 20",
        "styleUrl": "#Open"
      }
    },
    {
      "type": "Feature",
      "geometry": {
        "type": "Point",
        "coordinates": [
          -97.144768,
          31.544944
        ]
      },
      "properties": {
        "description": "<b><u>Address:</u></b> 1910 AUSTIN AVE, WACO, TX 76701<br/><b><u>Type:</u></b> Private<br/><b><u>Enrollment:</u></b> 60",
        "styleUrl": "#Open"
      }
    },
    {
      "type": "Feature",
      "geometry": {
        "type": "Point",
        "coordinates": [
          -106.407825,
          31.779219
        ]
      },
      "properties": {
        "description": "<b><u>Address:</u></b> 1007 GERONIMO DR, EL PASO, TX 79905<br/><b><u>Type:</u></b> Private<br/><b><u>Enrollment:</u></b> 127",
        "styleUrl": "#Open"
      }
    },
    {
      "type": "Feature",
      "geometry": {
        "type": "Point",
        "coordinates": [
          -98.659528,
          29.708882
        ]
      },
      "properties": {
        "description": "<b><u>Address:</u></b> 27521 INTERSTATE 10 W, BOERNE, TX 78006<br/><b><u>Type:</u></b> Private<br/><b><u>Enrollment:</u></b> 54",
        "styleUrl": "#Open"
      }
    },
    {
      "type": "Feature",
      "geometry": {
        "type": "Point",
        "coordinates": [
          -95.511788,
          30.346521
        ]
      },
      "properties": {
        "description": "<b><u>Address:</u></b> 2080 LONGMIRE RD, CONROE, TX 77304<br/><b><u>Type:</u></b> Private<br/><b><u>Enrollment:</u></b> 37",
        "styleUrl": "#Open"
      }
    },
    {
      "type": "Feature",
      "geometry": {
        "type": "Point",
        "coordinates": [
          -95.355846,
          29.717817
        ]
      },
      "properties": {
        "description": "<b><u>Address:</u></b> 3601 BLODGETT ST, HOUSTON, TX 77004<br/><b><u>Type:</u></b> Private<br/><b><u>Enrollment:</u></b> 12",
        "styleUrl": "#Open"
      }
    },
    {
      "type": "Feature",
      "geometry": {
        "type": "Point",
        "coordinates": [
          -97.981846,
          29.847259
        ]
      },
      "properties": {
        "description": "<b><u>Address:</u></b> 125 W MCCARTY LN, SAN MARCOS, TX 78666<br/><b><u>Type:</u></b> Private<br/><b><u>Enrollment:</u></b> 70",
        "styleUrl": "#Open"
      }
    },
    {
      "type": "Feature",
      "geometry": {
        "type": "Point",
        "coordinates": [
          -96.965663,
          32.926384
        ]
      },
      "properties": {
        "description": "<b><u>Address:</u></b> 1201 RANCH TRL, IRVING, TX 75063<br/><b><u>Type:</u></b> Private<br/><b><u>Enrollment:</u></b> 10",
        "styleUrl": "#Open"
      }
    },
    {
      "type": "Feature",
      "geometry": {
        "type": "Point",
        "coordinates": [
          -96.849038,
          32.830462
        ]
      },
      "properties": {
        "description": "<b><u>Address:</u></b> 2404 EMPIRE CENTRAL, DALLAS, TX 75235<br/><b><u>Type:</u></b> Private<br/><b><u>Enrollment:</u></b> 5",
        "styleUrl": "#Open"
      }
    },
    {
      "type": "Feature",
      "geometry": {
        "type": "Point",
        "coordinates": [
          -97.180906,
          32.636299
        ]
      },
      "properties": {
        "description": "<b><u>Address:</u></b> 6900 US HIGHWAY 287, ARLINGTON, TX 76001<br/><b><u>Type:</u></b> Private<br/><b><u>Enrollment:</u></b> 184",
        "styleUrl": "#Open"
      }
    },
    {
      "type": "Feature",
      "geometry": {
        "type": "Point",
        "coordinates": [
          -98.251895,
          26.269547
        ]
      },
      "properties": {
        "description": "<b><u>Address:</u></b> 7001 N WARE RD, MCALLEN, TX 78504<br/><b><u>Type:</u></b> Private<br/><b><u>Enrollment:</u></b> 184",
        "styleUrl": "#Open"
      }
    },
    {
      "type": "Feature",
      "geometry": {
        "type": "Point",
        "coordinates": [
          -97.158651,
          32.99202
        ]
      },
      "properties": {
        "description": "<b><u>Address:</u></b> 100 CLARIDEN RANCH RD, SOUTHLAKE, TX 76092<br/><b><u>Type:</u></b> Private<br/><b><u>Enrollment:</u></b> 143",
        "styleUrl": "#Open"
      }
    },
    {
      "type": "Feature",
      "geometry": {
        "type": "Point",
        "coordinates": [
          -96.791281,
          33.06919
        ]
      },
      "properties": {
        "description": "<b><u>Address:</u></b> 6912 OHIO DR, PLANO, TX 75024<br/><b><u>Type:</u></b> Private<br/><b><u>Enrollment:</u></b> 4",
        "styleUrl": "#Open"
      }
    },
    {
      "type": "Feature",
      "geometry": {
        "type": "Point",
        "coordinates": [
          -96.771376,
          32.915796
        ]
      },
      "properties": {
        "description": "<b><u>Address:</u></b> 12324 MERIT DR, DALLAS, TX 75251<br/><b><u>Type:</u></b> Private<br/><b><u>Enrollment:</u></b> 317",
        "styleUrl": "#Open"
      }
    },
    {
      "type": "Feature",
      "geometry": {
        "type": "Point",
        "coordinates": [
          -97.387051,
          27.75129
        ]
      },
      "properties": {
        "description": "<b><u>Address:</u></b> 3401 S ALAMEDA ST, CORPUS CHRISTI, TX 78411<br/><b><u>Type:</u></b> Private<br/><b><u>Enrollment:</u></b> 8",
        "styleUrl": "#Open"
      }
    },
    {
      "type": "Feature",
      "geometry": {
        "type": "Point",
        "coordinates": [
          -97.787701,
          30.49438
        ]
      },
      "properties": {
        "description": "<b><u>Address:</u></b> 14115 AVERY RANCH BLVD, AUSTIN, TX 78717<br/><b><u>Type:</u></b> Private<br/><b><u>Enrollment:</u></b> 20",
        "styleUrl": "#Open"
      }
    },
    {
      "type": "Feature",
      "geometry": {
        "type": "Point",
        "coordinates": [
          -95.181138,
          29.546794
        ]
      },
      "properties": {
        "description": "<b><u>Address:</u></b> 15775 HOPE VILLAGE RD, FRIENDSWOOD, TX 77546<br/><b><u>Type:</u></b> Private<br/><b><u>Enrollment:</u></b> 1",
        "styleUrl": "#Open"
      }
    },
    {
      "type": "Feature",
      "geometry": {
        "type": "Point",
        "coordinates": [
          -97.561271,
          30.4563
        ]
      },
      "properties": {
        "description": "<b><u>Address:</u></b> 4301 KELLY LN, PFLUGERVILLE, TX 78660<br/><b><u>Type:</u></b> Private<br/><b><u>Enrollment:</u></b> 34",
        "styleUrl": "#Open"
      }
    },
    {
      "type": "Feature",
      "geometry": {
        "type": "Point",
        "coordinates": [
          -96.812571,
          33.24608
        ]
      },
      "properties": {
        "description": "<b><u>Address:</u></b> 1001 W PROSPER TRL, PROSPER, TX 75078<br/><b><u>Type:</u></b> Private<br/><b><u>Enrollment:</u></b> 309",
        "styleUrl": "#Open"
      }
    },
    {
      "type": "Feature",
      "geometry": {
        "type": "Point",
        "coordinates": [
          -96.701053,
          32.958945
        ]
      },
      "properties": {
        "description": "<b><u>Address:</u></b> 735 N PLANO RD STE 100, RICHARDSON, TX 75081<br/><b><u>Type:</u></b> Private<br/><b><u>Enrollment:</u></b> 145",
        "styleUrl": "#Open"
      }
    },
    {
      "type": "Feature",
      "geometry": {
        "type": "Point",
        "coordinates": [
          -96.847113,
          33.028896
        ]
      },
      "properties": {
        "description": "<b><u>Address:</u></b> 6801 W PARK BLVD, PLANO, TX 75093<br/><b><u>Type:</u></b> Private<br/><b><u>Enrollment:</u></b> 1656",
        "styleUrl": "#Open"
      }
    },
    {
      "type": "Feature",
      "geometry": {
        "type": "Point",
        "coordinates": [
          -95.185051,
          29.55198
        ]
      },
      "properties": {
        "description": "<b><u>Address:</u></b> 4425 FM 2351 RD, FRIENDSWOOD, TX 77546<br/><b><u>Type:</u></b> Private<br/><b><u>Enrollment:</u></b> 71",
        "styleUrl": "#Open"
      }
    },
    {
      "type": "Feature",
      "geometry": {
        "type": "Point",
        "coordinates": [
          -97.409548,
          32.804303
        ]
      },
      "properties": {
        "description": "<b><u>Address:</u></b> 5817 WADDELL ST, FORT WORTH, TX 76114<br/><b><u>Type:</u></b> Private<br/><b><u>Enrollment:</u></b> 39",
        "styleUrl": "#Open"
      }
    },
    {
      "type": "Feature",
      "geometry": {
        "type": "Point",
        "coordinates": [
          -98.203553,
          26.249293
        ]
      },
      "properties": {
        "description": "<b><u>Address:</u></b> 5401 N G ST, MCALLEN, TX 78504<br/><b><u>Type:</u></b> Private<br/><b><u>Enrollment:</u></b> 19",
        "styleUrl": "#Open"
      }
    },
    {
      "type": "Feature",
      "geometry": {
        "type": "Point",
        "coordinates": [
          -97.609591,
          30.44224
        ]
      },
      "properties": {
        "description": "<b><u>Address:</u></b> 801 FM 685, PFLUGERVILLE, TX 78660<br/><b><u>Type:</u></b> Private<br/><b><u>Enrollment:</u></b> 3",
        "styleUrl": "#Open"
      }
    },
    {
      "type": "Feature",
      "geometry": {
        "type": "Point",
        "coordinates": [
          -96.961957,
          32.908025
        ]
      },
      "properties": {
        "description": "<b><u>Address:</u></b> 1009 KINWEST PKWY, IRVING, TX 75063<br/><b><u>Type:</u></b> Private<br/><b><u>Enrollment:</u></b> 23",
        "styleUrl": "#Open"
      }
    },
    {
      "type": "Feature",
      "geometry": {
        "type": "Point",
        "coordinates": [
          -95.604931,
          29.75011
        ]
      },
      "properties": {
        "description": "<b><u>Address:</u></b> 1685 S DAIRY ASHFORD RD, HOUSTON, TX 77077<br/><b><u>Type:</u></b> Private<br/><b><u>Enrollment:</u></b> 83",
        "styleUrl": "#Open"
      }
    },
    {
      "type": "Feature",
      "geometry": {
        "type": "Point",
        "coordinates": [
          -95.649011,
          29.70309
        ]
      },
      "properties": {
        "description": "<b><u>Address:</u></b> 14880 BELLAIRE BLVD, HOUSTON, TX 77083<br/><b><u>Type:</u></b> Private<br/><b><u>Enrollment:</u></b> 14",
        "styleUrl": "#Open"
      }
    },
    {
      "type": "Feature",
      "geometry": {
        "type": "Point",
        "coordinates": [
          -95.446491,
          30.01954
        ]
      },
      "properties": {
        "description": "<b><u>Address:</u></b> 17127 RED OAK DR, HOUSTON, TX 77090<br/><b><u>Type:</u></b> Private<br/><b><u>Enrollment:</u></b> 10",
        "styleUrl": "#Open"
      }
    },
    {
      "type": "Feature",
      "geometry": {
        "type": "Point",
        "coordinates": [
          -95.669021,
          29.89596
        ]
      },
      "properties": {
        "description": "<b><u>Address:</u></b> 8007 QUEENSTON BLVD, HOUSTON, TX 77095<br/><b><u>Type:</u></b> Private<br/><b><u>Enrollment:</u></b> 23",
        "styleUrl": "#Open"
      }
    },
    {
      "type": "Feature",
      "geometry": {
        "type": "Point",
        "coordinates": [
          -95.487298,
          30.2054
        ]
      },
      "properties": {
        "description": "<b><u>Address:</u></b> 5800 ACADEMY WAY, THE WOODLANDS, TX 77384<br/><b><u>Type:</u></b> Private<br/><b><u>Enrollment:</u></b> 673",
        "styleUrl": "#Open"
      }
    },
    {
      "type": "Feature",
      "geometry": {
        "type": "Point",
        "coordinates": [
          -95.112842,
          29.594347
        ]
      },
      "properties": {
        "description": "<b><u>Address:</u></b> 16204 HICKORY KNOLL DR, HOUSTON, TX 77059<br/><b><u>Type:</u></b> Private<br/><b><u>Enrollment:</u></b> 34",
        "styleUrl": "#Open"
      }
    },
    {
      "type": "Feature",
      "geometry": {
        "type": "Point",
        "coordinates": [
          -96.841906,
          32.886931
        ]
      },
      "properties": {
        "description": "<b><u>Address:</u></b> 4100 MERRELL RD, DALLAS, TX 75229<br/><b><u>Type:</u></b> Private<br/><b><u>Enrollment:</u></b> 1104",
        "styleUrl": "#Open"
      }
    },
    {
      "type": "Feature",
      "geometry": {
        "type": "Point",
        "coordinates": [
          -96.276466,
          29.20055
        ]
      },
      "properties": {
        "description": "<b><u>Address:</u></b> 302 W CHURCH ST, EL CAMPO, TX 77437<br/><b><u>Type:</u></b> Private<br/><b><u>Enrollment:</u></b> 212",
        "styleUrl": "#Open"
      }
    },
    {
      "type": "Feature",
      "geometry": {
        "type": "Point",
        "coordinates": [
          -97.165556,
          29.422794
        ]
      },
      "properties": {
        "description": "<b><u>Address:</u></b> 424 S ST LUDMILA ST, SHINER, TX 77984<br/><b><u>Type:</u></b> Private<br/><b><u>Enrollment:</u></b> 246",
        "styleUrl": "#Open"
      }
    },
    {
      "type": "Feature",
      "geometry": {
        "type": "Point",
        "coordinates": [
          -94.160311,
          30.061303
        ]
      },
      "properties": {
        "description": "<b><u>Address:</u></b> 5950 KELLY DR, BEAUMONT, TX 77707<br/><b><u>Type:</u></b> Private<br/><b><u>Enrollment:</u></b> 341",
        "styleUrl": "#Open"
      }
    },
    {
      "type": "Feature",
      "geometry": {
        "type": "Point",
        "coordinates": [
          -106.493727,
          31.767373
        ]
      },
      "properties": {
        "description": "<b><u>Address:</u></b> 1309 N STANTON ST, EL PASO, TX 79902<br/><b><u>Type:</u></b> Private<br/><b><u>Enrollment:</u></b> 383",
        "styleUrl": "#Open"
      }
    },
    {
      "type": "Feature",
      "geometry": {
        "type": "Point",
        "coordinates": [
          -97.3513,
          32.781887
        ]
      },
      "properties": {
        "description": "<b><u>Address:</u></b> 2006 N HOUSTON ST, FORT WORTH, TX 76164<br/><b><u>Type:</u></b> Private<br/><b><u>Enrollment:</u></b> 113",
        "styleUrl": "#Open"
      }
    },
    {
      "type": "Feature",
      "geometry": {
        "type": "Point",
        "coordinates": [
          -94.916837,
          29.393948
        ]
      },
      "properties": {
        "description": "<b><u>Address:</u></b> 1600 9TH AVE N, TEXAS CITY, TX 77590<br/><b><u>Type:</u></b> Private<br/><b><u>Enrollment:</u></b> 37",
        "styleUrl": "#Open"
      }
    },
    {
      "type": "Feature",
      "geometry": {
        "type": "Point",
        "coordinates": [
          -95.415121,
          29.82006
        ]
      },
      "properties": {
        "description": "<b><u>Address:</u></b> 3600 BRINKMAN ST, HOUSTON, TX 77018<br/><b><u>Type:</u></b> Private<br/><b><u>Enrollment:</u></b> 303",
        "styleUrl": "#Open"
      }
    },
    {
      "type": "Feature",
      "geometry": {
        "type": "Point",
        "coordinates": [
          -97.507591,
          25.92787
        ]
      },
      "properties": {
        "description": "<b><u>Address:</u></b> 34 N CORIA ST, BROWNSVILLE, TX 78520<br/><b><u>Type:</u></b> Private<br/><b><u>Enrollment:</u></b> 184",
        "styleUrl": "#Open"
      }
    },
    {
      "type": "Feature",
      "geometry": {
        "type": "Point",
        "coordinates": [
          -97.506021,
          25.94141
        ]
      },
      "properties": {
        "description": "<b><u>Address:</u></b> 2734 N CORIA ST, BROWNSVILLE, TX 78520<br/><b><u>Type:</u></b> Private<br/><b><u>Enrollment:</u></b> 270",
        "styleUrl": "#Open"
      }
    },
    {
      "type": "Feature",
      "geometry": {
        "type": "Point",
        "coordinates": [
          -100.462988,
          31.414988
        ]
      },
      "properties": {
        "description": "<b><u>Address:</u></b> 3516 LUTHERAN WAY, SAN ANGELO, TX 76904<br/><b><u>Type:</u></b> Private<br/><b><u>Enrollment:</u></b> 98",
        "styleUrl": "#Open"
      }
    },
    {
      "type": "Feature",
      "geometry": {
        "type": "Point",
        "coordinates": [
          -98.219371,
          26.21813
        ]
      },
      "properties": {
        "description": "<b><u>Address:</u></b> 300 PECAN BLVD, MCALLEN, TX 78501<br/><b><u>Type:</u></b> Private<br/><b><u>Enrollment:</u></b> 110",
        "styleUrl": "#Open"
      }
    },
    {
      "type": "Feature",
      "geometry": {
        "type": "Point",
        "coordinates": [
          -98.523697,
          29.530966
        ]
      },
      "properties": {
        "description": "<b><u>Address:</u></b> 6900 W AVE, SAN ANTONIO, TX 78213<br/><b><u>Type:</u></b> Private<br/><b><u>Enrollment:</u></b> 499",
        "styleUrl": "#Open"
      }
    },
    {
      "type": "Feature",
      "geometry": {
        "type": "Point",
        "coordinates": [
          -95.471666,
          29.850997
        ]
      },
      "properties": {
        "description": "<b><u>Address:</u></b> 5000 W TIDWELL RD, HOUSTON, TX 77091<br/><b><u>Type:</u></b> Private<br/><b><u>Enrollment:</u></b> 241",
        "styleUrl": "#Open"
      }
    },
    {
      "type": "Feature",
      "geometry": {
        "type": "Point",
        "coordinates": [
          -95.465911,
          29.81133
        ]
      },
      "properties": {
        "description": "<b><u>Address:</u></b> 2501 CENTRAL PKWY STE A19, HOUSTON, TX 77092<br/><b><u>Type:</u></b> Private<br/><b><u>Enrollment:</u></b> 19",
        "styleUrl": "#Open"
      }
    },
    {
      "type": "Feature",
      "geometry": {
        "type": "Point",
        "coordinates": [
          -97.008861,
          28.79662
        ]
      },
      "properties": {
        "description": "<b><u>Address:</u></b> 206 W CONVENT ST, VICTORIA, TX 77901<br/><b><u>Type:</u></b> Private<br/><b><u>Enrollment:</u></b> 282",
        "styleUrl": "#Open"
      }
    },
    {
      "type": "Feature",
      "geometry": {
        "type": "Point",
        "coordinates": [
          -96.774967,
          32.759605
        ]
      },
      "properties": {
        "description": "<b><u>Address:</u></b> 1600 PENNSYLVANIA AVE, DALLAS, TX 75215<br/><b><u>Type:</u></b> Private<br/><b><u>Enrollment:</u></b> 162",
        "styleUrl": "#Open"
      }
    },
    {
      "type": "Feature",
      "geometry": {
        "type": "Point",
        "coordinates": [
          -95.516531,
          29.73024
        ]
      },
      "properties": {
        "description": "<b><u>Address:</u></b> 8644 BEVERLYHILL ST, HOUSTON, TX 77063<br/><b><u>Type:</u></b> Private<br/><b><u>Enrollment:</u></b> 10",
        "styleUrl": "#Open"
      }
    },
    {
      "type": "Feature",
      "geometry": {
        "type": "Point",
        "coordinates": [
          -96.804541,
          33.16387
        ]
      },
      "properties": {
        "description": "<b><u>Address:</u></b> 8890 MEADOW HILL DR, FRISCO, TX 75033<br/><b><u>Type:</u></b> Private<br/><b><u>Enrollment:</u></b> 98",
        "styleUrl": "#Open"
      }
    },
    {
      "type": "Feature",
      "geometry": {
        "type": "Point",
        "coordinates": [
          -95.268591,
          29.95326
        ]
      },
      "properties": {
        "description": "<b><u>Address:</u></b> 16202 OLD HUMBLE RD, HUMBLE, TX 77396<br/><b><u>Type:</u></b> Private<br/><b><u>Enrollment:</u></b> 219",
        "styleUrl": "#Open"
      }
    },
    {
      "type": "Feature",
      "geometry": {
        "type": "Point",
        "coordinates": [
          -96.906022,
          32.97059
        ]
      },
      "properties": {
        "description": "<b><u>Address:</u></b> 2040 DENTON DR, CARROLLTON, TX 75006<br/><b><u>Type:</u></b> Private<br/><b><u>Enrollment:</u></b> 66",
        "styleUrl": "#Open"
      }
    },
    {
      "type": "Feature",
      "geometry": {
        "type": "Point",
        "coordinates": [
          -96.885348,
          33.034618
        ]
      },
      "properties": {
        "description": "<b><u>Address:</u></b> 1824 KING ARTHUR BLVD, CARROLLTON, TX 75010<br/><b><u>Type:</u></b> Private<br/><b><u>Enrollment:</u></b> 13",
        "styleUrl": "#Open"
      }
    },
    {
      "type": "Feature",
      "geometry": {
        "type": "Point",
        "coordinates": [
          -97.064161,
          32.66244
        ]
      },
      "properties": {
        "description": "<b><u>Address:</u></b> 2455 SE GREEN OAKS BLVD, ARLINGTON, TX 76018<br/><b><u>Type:</u></b> Private<br/><b><u>Enrollment:</u></b> 55",
        "styleUrl": "#Open"
      }
    },
    {
      "type": "Feature",
      "geometry": {
        "type": "Point",
        "coordinates": [
          -96.703071,
          33.02005
        ]
      },
      "properties": {
        "description": "<b><u>Address:</u></b> 1501 H AVE, PLANO, TX 75074<br/><b><u>Type:</u></b> Private<br/><b><u>Enrollment:</u></b> 43",
        "styleUrl": "#Open"
      }
    },
    {
      "type": "Feature",
      "geometry": {
        "type": "Point",
        "coordinates": [
          -94.902211,
          29.40182
        ]
      },
      "properties": {
        "description": "<b><u>Address:</u></b> 517 18TH AVE N, TEXAS CITY, TX 77590<br/><b><u>Type:</u></b> Private<br/><b><u>Enrollment:</u></b> 15",
        "styleUrl": "#Open"
      }
    },
    {
      "type": "Feature",
      "geometry": {
        "type": "Point",
        "coordinates": [
          -98.718229,
          29.498575
        ]
      },
      "properties": {
        "description": "<b><u>Address:</u></b> 11400 CULEBRA RD, SAN ANTONIO, TX 78253<br/><b><u>Type:</u></b> Private<br/><b><u>Enrollment:</u></b> 19",
        "styleUrl": "#Open"
      }
    },
    {
      "type": "Feature",
      "geometry": {
        "type": "Point",
        "coordinates": [
          -97.903381,
          31.12189
        ]
      },
      "properties": {
        "description": "<b><u>Address:</u></b> 101 W AVE F, COPPERAS COVE, TX 76522<br/><b><u>Type:</u></b> Private<br/><b><u>Enrollment:</u></b> 7",
        "styleUrl": "#Open"
      }
    },
    {
      "type": "Feature",
      "geometry": {
        "type": "Point",
        "coordinates": [
          -95.553212,
          29.712969
        ]
      },
      "properties": {
        "description": "<b><u>Address:</u></b> 5925 SOVEREIGN DR, HOUSTON, TX 77036<br/><b><u>Type:</u></b> Private<br/><b><u>Enrollment:</u></b> 3250",
        "styleUrl": "#Open"
      }
    },
    {
      "type": "Feature",
      "geometry": {
        "type": "Point",
        "coordinates": [
          -96.752223,
          32.896827
        ]
      },
      "properties": {
        "description": "<b><u>Address:</u></b> 8787 GREENVILLE AVE, DALLAS, TX 75243<br/><b><u>Type:</u></b> Private<br/><b><u>Enrollment:</u></b> 10",
        "styleUrl": "#Open"
      }
    },
    {
      "type": "Feature",
      "geometry": {
        "type": "Point",
        "coordinates": [
          -97.805552,
          30.280068
        ]
      },
      "properties": {
        "description": "<b><u>Address:</u></b> 3640 BEE CAVES RD, WEST LAKE HILLS, TX 78746<br/><b><u>Type:</u></b> Private<br/><b><u>Enrollment:</u></b> 10",
        "styleUrl": "#Open"
      }
    },
    {
      "type": "Feature",
      "geometry": {
        "type": "Point",
        "coordinates": [
          -106.322621,
          31.774995
        ]
      },
      "properties": {
        "description": "<b><u>Address:</u></b> 2301 LEE TREVINO DR, EL PASO, TX 79936<br/><b><u>Type:</u></b> Private<br/><b><u>Enrollment:</u></b> 20",
        "styleUrl": "#Open"
      }
    },
    {
      "type": "Feature",
      "geometry": {
        "type": "Point",
        "coordinates": [
          -95.630821,
          29.5749
        ]
      },
      "properties": {
        "description": "<b><u>Address:</u></b> 4225 ELKINS RD, SUGAR LAND, TX 77479<br/><b><u>Type:</u></b> Private<br/><b><u>Enrollment:</u></b> 47",
        "styleUrl": "#Open"
      }
    },
    {
      "type": "Feature",
      "geometry": {
        "type": "Point",
        "coordinates": [
          -100.464504,
          31.469229
        ]
      },
      "properties": {
        "description": "<b><u>Address:</u></b> 1502 N JEFFERSON ST, SAN ANGELO, TX 76901<br/><b><u>Type:</u></b> Private<br/><b><u>Enrollment:</u></b> 191",
        "styleUrl": "#Open"
      }
    },
    {
      "type": "Feature",
      "geometry": {
        "type": "Point",
        "coordinates": [
          -94.769911,
          32.53606
        ]
      },
      "properties": {
        "description": "<b><u>Address:</u></b> 2000 GREENLEAF ST, LONGVIEW, TX 75605<br/><b><u>Type:</u></b> Private<br/><b><u>Enrollment:</u></b> 17",
        "styleUrl": "#Open"
      }
    },
    {
      "type": "Feature",
      "geometry": {
        "type": "Point",
        "coordinates": [
          -96.946851,
          32.8101
        ]
      },
      "properties": {
        "description": "<b><u>Address:</u></b> 403 S MAIN ST, IRVING, TX 75060<br/><b><u>Type:</u></b> Private<br/><b><u>Enrollment:</u></b> 6",
        "styleUrl": "#Open"
      }
    },
    {
      "type": "Feature",
      "geometry": {
        "type": "Point",
        "coordinates": [
          -96.650701,
          32.99059
        ]
      },
      "properties": {
        "description": "<b><u>Address:</u></b> 3900 BRECKENRIDGE BLVD, RICHARDSON, TX 75082<br/><b><u>Type:</u></b> Private<br/><b><u>Enrollment:</u></b> 24",
        "styleUrl": "#Open"
      }
    },
    {
      "type": "Feature",
      "geometry": {
        "type": "Point",
        "coordinates": [
          -95.407471,
          29.574559
        ]
      },
      "properties": {
        "description": "<b><u>Address:</u></b> 2080 REFLECTION BAY DR, PEARLAND, TX 77584<br/><b><u>Type:</u></b> Private<br/><b><u>Enrollment:</u></b> 108",
        "styleUrl": "#Open"
      }
    },
    {
      "type": "Feature",
      "geometry": {
        "type": "Point",
        "coordinates": [
          -97.806371,
          30.53209
        ]
      },
      "properties": {
        "description": "<b><u>Address:</u></b> 1220 COTTONWOOD CREEK TRL, CEDAR PARK, TX 78613<br/><b><u>Type:</u></b> Private<br/><b><u>Enrollment:</u></b> 57",
        "styleUrl": "#Open"
      }
    },
    {
      "type": "Feature",
      "geometry": {
        "type": "Point",
        "coordinates": [
          -96.813371,
          33.17716
        ]
      },
      "properties": {
        "description": "<b><u>Address:</u></b> 8000 SANCTUARY DR, FRISCO, TX 75033<br/><b><u>Type:</u></b> Private<br/><b><u>Enrollment:</u></b> 165",
        "styleUrl": "#Open"
      }
    },
    {
      "type": "Feature",
      "geometry": {
        "type": "Point",
        "coordinates": [
          -98.485951,
          29.43615
        ]
      },
      "properties": {
        "description": "<b><u>Address:</u></b> 1403 N SAINT MARYS ST, SAN ANTONIO, TX 78215<br/><b><u>Type:</u></b> Private<br/><b><u>Enrollment:</u></b> 532",
        "styleUrl": "#Open"
      }
    },
    {
      "type": "Feature",
      "geometry": {
        "type": "Point",
        "coordinates": [
          -96.655123,
          32.730424
        ]
      },
      "properties": {
        "description": "<b><u>Address:</u></b> 1064 N ST AUGUSTINE DR, DALLAS, TX 75217<br/><b><u>Type:</u></b> Private<br/><b><u>Enrollment:</u></b> 421",
        "styleUrl": "#Open"
      }
    },
    {
      "type": "Feature",
      "geometry": {
        "type": "Point",
        "coordinates": [
          -96.894461,
          33.08005
        ]
      },
      "properties": {
        "description": "<b><u>Address:</u></b> 4995 WESTPORT DR, THE COLONY, TX 75056<br/><b><u>Type:</u></b> Private<br/><b><u>Enrollment:</u></b> 13",
        "styleUrl": "#Open"
      }
    },
    {
      "type": "Feature",
      "geometry": {
        "type": "Point",
        "coordinates": [
          -95.703375,
          29.97199
        ]
      },
      "properties": {
        "description": "<b><u>Address:</u></b> 15815 HOUSE HAHL RD, CYPRESS, TX 77433<br/><b><u>Type:</u></b> Private<br/><b><u>Enrollment:</u></b> 161",
        "styleUrl": "#Open"
      }
    },
    {
      "type": "Feature",
      "geometry": {
        "type": "Point",
        "coordinates": [
          -97.941186,
          30.675753
        ]
      },
      "properties": {
        "description": "<b><u>Address:</u></b> 15611 W ST HWY 29, LIBERTY HILL, TX 78642<br/><b><u>Type:</u></b> Private<br/><b><u>Enrollment:</u></b> 267",
        "styleUrl": "#Open"
      }
    },
    {
      "type": "Feature",
      "geometry": {
        "type": "Point",
        "coordinates": [
          -95.267949,
          29.935627
        ]
      },
      "properties": {
        "description": "<b><u>Address:</u></b> 14950 MESA DR, HUMBLE, TX 77396<br/><b><u>Type:</u></b> Private<br/><b><u>Enrollment:</u></b> 19",
        "styleUrl": "#Open"
      }
    },
    {
      "type": "Feature",
      "geometry": {
        "type": "Point",
        "coordinates": [
          -95.266633,
          32.316334
        ]
      },
      "properties": {
        "description": "<b><u>Address:</u></b> 2931 S SE LOOP 323, TYLER, TX 75701<br/><b><u>Type:</u></b> Private<br/><b><u>Enrollment:</u></b> 15",
        "styleUrl": "#Open"
      }
    },
    {
      "type": "Feature",
      "geometry": {
        "type": "Point",
        "coordinates": [
          -95.437844,
          29.675259
        ]
      },
      "properties": {
        "description": "<b><u>Address:</u></b> 9825 STELLA LINK RD, HOUSTON, TX 77025<br/><b><u>Type:</u></b> Private<br/><b><u>Enrollment:</u></b> 577",
        "styleUrl": "#Open"
      }
    },
    {
      "type": "Feature",
      "geometry": {
        "type": "Point",
        "coordinates": [
          -97.71118,
          30.295956
        ]
      },
      "properties": {
        "description": "<b><u>Address:</u></b> 1507 WILSHIRE BLVD, AUSTIN, TX 78722<br/><b><u>Type:</u></b> Private<br/><b><u>Enrollment:</u></b> 20",
        "styleUrl": "#Open"
      }
    },
    {
      "type": "Feature",
      "geometry": {
        "type": "Point",
        "coordinates": [
          -96.703141,
          32.90682
        ]
      },
      "properties": {
        "description": "<b><u>Address:</u></b> 10503 METRIC DR, DALLAS, TX 75243<br/><b><u>Type:</u></b> Private<br/><b><u>Enrollment:</u></b> 41",
        "styleUrl": "#Open"
      }
    },
    {
      "type": "Feature",
      "geometry": {
        "type": "Point",
        "coordinates": [
          -96.559028,
          32.904161
        ]
      },
      "properties": {
        "description": "<b><u>Address:</u></b> 4405 MAIN ST, ROWLETT, TX 75088<br/><b><u>Type:</u></b> Private<br/><b><u>Enrollment:</u></b> 13",
        "styleUrl": "#Open"
      }
    },
    {
      "type": "Feature",
      "geometry": {
        "type": "Point",
        "coordinates": [
          -95.116851,
          29.55034
        ]
      },
      "properties": {
        "description": "<b><u>Address:</u></b> 17222 MERCURY DR, HOUSTON, TX 77058<br/><b><u>Type:</u></b> Private<br/><b><u>Enrollment:</u></b> 36",
        "styleUrl": "#Open"
      }
    },
    {
      "type": "Feature",
      "geometry": {
        "type": "Point",
        "coordinates": [
          -95.1512,
          29.579796
        ]
      },
      "properties": {
        "description": "<b><u>Address:</u></b> 14325 CRESCENT LANDING DR, HOUSTON, TX 77062<br/><b><u>Type:</u></b> Private<br/><b><u>Enrollment:</u></b> 185",
        "styleUrl": "#Open"
      }
    },
    {
      "type": "Feature",
      "geometry": {
        "type": "Point",
        "coordinates": [
          -95.626953,
          29.696976
        ]
      },
      "properties": {
        "description": "<b><u>Address:</u></b> 7400 ELDRIDGE PKWY, HOUSTON, TX 77083<br/><b><u>Type:</u></b> Private<br/><b><u>Enrollment:</u></b> 54",
        "styleUrl": "#Open"
      }
    },
    {
      "type": "Feature",
      "geometry": {
        "type": "Point",
        "coordinates": [
          -96.668431,
          33.1018
        ]
      },
      "properties": {
        "description": "<b><u>Address:</u></b> 201 E MCDERMOTT DR, ALLEN, TX 75002<br/><b><u>Type:</u></b> Private<br/><b><u>Enrollment:</u></b> 12",
        "styleUrl": "#Open"
      }
    },
    {
      "type": "Feature",
      "geometry": {
        "type": "Point",
        "coordinates": [
          -95.412987,
          29.717199
        ]
      },
      "properties": {
        "description": "<b><u>Address:</u></b> 2353 RICE BLVD, HOUSTON, TX 77005<br/><b><u>Type:</u></b> Private<br/><b><u>Enrollment:</u></b> 12",
        "styleUrl": "#Open"
      }
    },
    {
      "type": "Feature",
      "geometry": {
        "type": "Point",
        "coordinates": [
          -95.526567,
          30.006909
        ]
      },
      "properties": {
        "description": "<b><u>Address:</u></b> 7810 CYPRESSWOOD DR, SPRING, TX 77379<br/><b><u>Type:</u></b> Private<br/><b><u>Enrollment:</u></b> 11",
        "styleUrl": "#Open"
      }
    },
    {
      "type": "Feature",
      "geometry": {
        "type": "Point",
        "coordinates": [
          -95.631744,
          29.779526
        ]
      },
      "properties": {
        "description": "<b><u>Address:</u></b> 540 WESTLAKE PARK BLVD, HOUSTON, TX 77079<br/><b><u>Type:</u></b> Private<br/><b><u>Enrollment:</u></b> 12",
        "styleUrl": "#Open"
      }
    },
    {
      "type": "Feature",
      "geometry": {
        "type": "Point",
        "coordinates": [
          -101.912917,
          33.518284
        ]
      },
      "properties": {
        "description": "<b><u>Address:</u></b> 4701 82ND ST, LUBBOCK, TX 79424<br/><b><u>Type:</u></b> Private<br/><b><u>Enrollment:</u></b> 24",
        "styleUrl": "#Open"
      }
    },
    {
      "type": "Feature",
      "geometry": {
        "type": "Point",
        "coordinates": [
          -97.670466,
          30.434931
        ]
      },
      "properties": {
        "description": "<b><u>Address:</u></b> 14401 OWEN TECH BLVD, AUSTIN, TX 78728<br/><b><u>Type:</u></b> Private<br/><b><u>Enrollment:</u></b> 206",
        "styleUrl": "#Open"
      }
    },
    {
      "type": "Feature",
      "geometry": {
        "type": "Point",
        "coordinates": [
          -95.605911,
          30.09924
        ]
      },
      "properties": {
        "description": "<b><u>Address:</u></b> 700 E MAIN ST, TOMBALL, TX 77375<br/><b><u>Type:</u></b> Private<br/><b><u>Enrollment:</u></b> 545",
        "styleUrl": "#Open"
      }
    },
    {
      "type": "Feature",
      "geometry": {
        "type": "Point",
        "coordinates": [
          -96.601532,
          32.725291
        ]
      },
      "properties": {
        "description": "<b><u>Address:</u></b> 3150 S BELTLINE RD, MESQUITE, TX 75181<br/><b><u>Type:</u></b> Private<br/><b><u>Enrollment:</u></b> 38",
        "styleUrl": "#Open"
      }
    },
    {
      "type": "Feature",
      "geometry": {
        "type": "Point",
        "coordinates": [
          -97.844741,
          30.18086
        ]
      },
      "properties": {
        "description": "<b><u>Address:</u></b> 3207 W SLAUGHTER LN, AUSTIN, TX 78748<br/><b><u>Type:</u></b> Private<br/><b><u>Enrollment:</u></b> 64",
        "styleUrl": "#Open"
      }
    },
    {
      "type": "Feature",
      "geometry": {
        "type": "Point",
        "coordinates": [
          -95.554131,
          33.65856
        ]
      },
      "properties": {
        "description": "<b><u>Address:</u></b> 309 S CHURCH ST, PARIS, TX 75460<br/><b><u>Type:</u></b> Private<br/><b><u>Enrollment:</u></b> 13",
        "styleUrl": "#Open"
      }
    },
    {
      "type": "Feature",
      "geometry": {
        "type": "Point",
        "coordinates": [
          -102.090151,
          32.02462
        ]
      },
      "properties": {
        "description": "<b><u>Address:</u></b> 2800 N A ST, MIDLAND, TX 79705<br/><b><u>Type:</u></b> Private<br/><b><u>Enrollment:</u></b> 111",
        "styleUrl": "#Open"
      }
    },
    {
      "type": "Feature",
      "geometry": {
        "type": "Point",
        "coordinates": [
          -95.579241,
          29.618845
        ]
      },
      "properties": {
        "description": "<b><u>Address:</u></b> 610 BRAND LN, STAFFORD, TX 77477<br/><b><u>Type:</u></b> Private<br/><b><u>Enrollment:</u></b> 361",
        "styleUrl": "#Open"
      }
    },
    {
      "type": "Feature",
      "geometry": {
        "type": "Point",
        "coordinates": [
          -97.174971,
          32.86698
        ]
      },
      "properties": {
        "description": "<b><u>Address:</u></b> 500 MID CITIES BLVD, HURST, TX 76054<br/><b><u>Type:</u></b> Private<br/><b><u>Enrollment:</u></b> 10",
        "styleUrl": "#Open"
      }
    },
    {
      "type": "Feature",
      "geometry": {
        "type": "Point",
        "coordinates": [
          -98.678559,
          29.557439
        ]
      },
      "properties": {
        "description": "<b><u>Address:</u></b> 9706 BUSINESS PKWY, HELOTES, TX 78023<br/><b><u>Type:</u></b> Private<br/><b><u>Enrollment:</u></b> 16",
        "styleUrl": "#Open"
      }
    },
    {
      "type": "Feature",
      "geometry": {
        "type": "Point",
        "coordinates": [
          -97.143001,
          33.22768
        ]
      },
      "properties": {
        "description": "<b><u>Address:</u></b> 1300 FULTON ST STE 502, DENTON, TX 76201<br/><b><u>Type:</u></b> Private<br/><b><u>Enrollment:</u></b> 3",
        "styleUrl": "#Open"
      }
    },
    {
      "type": "Feature",
      "geometry": {
        "type": "Point",
        "coordinates": [
          -96.607651,
          33.09908
        ]
      },
      "properties": {
        "description": "<b><u>Address:</u></b> 2005 ESTATES PKWY, LUCAS, TX 75002<br/><b><u>Type:</u></b> Private<br/><b><u>Enrollment:</u></b> 24",
        "styleUrl": "#Open"
      }
    },
    {
      "type": "Feature",
      "geometry": {
        "type": "Point",
        "coordinates": [
          -96.866529,
          33.221446
        ]
      },
      "properties": {
        "description": "<b><u>Address:</u></b> 4000 W UNIVERSITY, PROSPER, TX 75078<br/><b><u>Type:</u></b> Private<br/><b><u>Enrollment:</u></b> 173",
        "styleUrl": "#Open"
      }
    },
    {
      "type": "Feature",
      "geometry": {
        "type": "Point",
        "coordinates": [
          -97.445036,
          32.642427
        ]
      },
      "properties": {
        "description": "<b><u>Address:</u></b> 6801 DAN DANCIGER RD, FORT WORTH, TX 76123<br/><b><u>Type:</u></b> Private<br/><b><u>Enrollment:</u></b> 807",
        "styleUrl": "#Open"
      }
    },
    {
      "type": "Feature",
      "geometry": {
        "type": "Point",
        "coordinates": [
          -98.460531,
          29.775887
        ]
      },
      "properties": {
        "description": "<b><u>Address:</u></b> 1100 BULVERDE RD, BULVERDE, TX 78163<br/><b><u>Type:</u></b> Private<br/><b><u>Enrollment:</u></b> 168",
        "styleUrl": "#Open"
      }
    },
    {
      "type": "Feature",
      "geometry": {
        "type": "Point",
        "coordinates": [
          -97.663774,
          30.633003
        ]
      },
      "properties": {
        "description": "<b><u>Address:</u></b> 1314 E UNIVERSITY AVE, GEORGETOWN, TX 78626<br/><b><u>Type:</u></b> Private<br/><b><u>Enrollment:</u></b> 10",
        "styleUrl": "#Open"
      }
    },
    {
      "type": "Feature",
      "geometry": {
        "type": "Point",
        "coordinates": [
          -95.507931,
          29.67011
        ]
      },
      "properties": {
        "description": "<b><u>Address:</u></b> 10101 FONDREN RD STE 136, HOUSTON, TX 77096<br/><b><u>Type:</u></b> Private<br/><b><u>Enrollment:</u></b> 34",
        "styleUrl": "#Open"
      }
    },
    {
      "type": "Feature",
      "geometry": {
        "type": "Point",
        "coordinates": [
          -97.30853,
          32.517921
        ]
      },
      "properties": {
        "description": "<b><u>Address:</u></b> 1233 TARVER RD, BURLESON, TX 76028<br/><b><u>Type:</u></b> Private<br/><b><u>Enrollment:</u></b> 174",
        "styleUrl": "#Open"
      }
    },
    {
      "type": "Feature",
      "geometry": {
        "type": "Point",
        "coordinates": [
          -96.803245,
          32.881079
        ]
      },
      "properties": {
        "description": "<b><u>Address:</u></b> 9800 PRESTON RD, DALLAS, TX 75230<br/><b><u>Type:</u></b> Private<br/><b><u>Enrollment:</u></b> 124",
        "styleUrl": "#Open"
      }
    },
    {
      "type": "Feature",
      "geometry": {
        "type": "Point",
        "coordinates": [
          -95.490318,
          30.329472
        ]
      },
      "properties": {
        "description": "<b><u>Address:</u></b> 1011 LONGMIRE RD, CONROE, TX 77304<br/><b><u>Type:</u></b> Private<br/><b><u>Enrollment:</u></b> 90",
        "styleUrl": "#Open"
      }
    },
    {
      "type": "Feature",
      "geometry": {
        "type": "Point",
        "coordinates": [
          -98.877217,
          30.276473
        ]
      },
      "properties": {
        "description": "<b><u>Address:</u></b> 202 S ORANGE ST, FREDERICKSBURG, TX 78624<br/><b><u>Type:</u></b> Private<br/><b><u>Enrollment:</u></b> 286",
        "styleUrl": "#Open"
      }
    },
    {
      "type": "Feature",
      "geometry": {
        "type": "Point",
        "coordinates": [
          -97.366993,
          27.703557
        ]
      },
      "properties": {
        "description": "<b><u>Address:</u></b> 5814 WILLIAMS DR, CORPUS CHRISTI, TX 78412<br/><b><u>Type:</u></b> Private<br/><b><u>Enrollment:</u></b> 120",
        "styleUrl": "#Open"
      }
    },
    {
      "type": "Feature",
      "geometry": {
        "type": "Point",
        "coordinates": [
          -96.85301,
          32.836538
        ]
      },
      "properties": {
        "description": "<b><u>Address:</u></b> 7625 CORTLAND AVE, DALLAS, TX 75235<br/><b><u>Type:</u></b> Private<br/><b><u>Enrollment:</u></b> 147",
        "styleUrl": "#Open"
      }
    },
    {
      "type": "Feature",
      "geometry": {
        "type": "Point",
        "coordinates": [
          -97.363301,
          32.69492
        ]
      },
      "properties": {
        "description": "<b><u>Address:</u></b> 3304 DRYDEN RD, FORT WORTH, TX 76109<br/><b><u>Type:</u></b> Private<br/><b><u>Enrollment:</u></b> 516",
        "styleUrl": "#Open"
      }
    },
    {
      "type": "Feature",
      "geometry": {
        "type": "Point",
        "coordinates": [
          -95.541471,
          29.70592
        ]
      },
      "properties": {
        "description": "<b><u>Address:</u></b> 8900 BELLAIRE BLVD, HOUSTON, TX 77036<br/><b><u>Type:</u></b> Private<br/><b><u>Enrollment:</u></b> 1337",
        "styleUrl": "#Open"
      }
    },
    {
      "type": "Feature",
      "geometry": {
        "type": "Point",
        "coordinates": [
          -97.74862,
          30.302334
        ]
      },
      "properties": {
        "description": "<b><u>Address:</u></b> 1112 W 31ST ST, AUSTIN, TX 78705<br/><b><u>Type:</u></b> Private<br/><b><u>Enrollment:</u></b> 973",
        "styleUrl": "#Open"
      }
    },
    {
      "type": "Feature",
      "geometry": {
        "type": "Point",
        "coordinates": [
          -97.789531,
          27.58263
        ]
      },
      "properties": {
        "description": "<b><u>Address:</u></b> 801 E MAIN ST, BISHOP, TX 78343<br/><b><u>Type:</u></b> Private<br/><b><u>Enrollment:</u></b> 21",
        "styleUrl": "#Open"
      }
    },
    {
      "type": "Feature",
      "geometry": {
        "type": "Point",
        "coordinates": [
          -97.107981,
          33.23486
        ]
      },
      "properties": {
        "description": "<b><u>Address:</u></b> 1910 E UNIVERSITY DR, DENTON, TX 76209<br/><b><u>Type:</u></b> Private<br/><b><u>Enrollment:</u></b> 221",
        "styleUrl": "#Open"
      }
    },
    {
      "type": "Feature",
      "geometry": {
        "type": "Point",
        "coordinates": [
          -98.947896,
          29.698612
        ]
      },
      "properties": {
        "description": "<b><u>Address:</u></b> 1990 FM # 1283, PIPE CREEK, TX 78063<br/><b><u>Type:</u></b> Private<br/><b><u>Enrollment:</u></b> 36",
        "styleUrl": "#Open"
      }
    },
    {
      "type": "Feature",
      "geometry": {
        "type": "Point",
        "coordinates": [
          -95.571921,
          29.58325
        ]
      },
      "properties": {
        "description": "<b><u>Address:</u></b> 4200 CARTWRIGHT RD, MISSOURI CITY, TX 77459<br/><b><u>Type:</u></b> Private<br/><b><u>Enrollment:</u></b> 58",
        "styleUrl": "#Open"
      }
    },
    {
      "type": "Feature",
      "geometry": {
        "type": "Point",
        "coordinates": [
          -95.5788,
          33.683413
        ]
      },
      "properties": {
        "description": "<b><u>Address:</u></b> 2192 FARM RD 79, PARIS, TX 75460<br/><b><u>Type:</u></b> Private<br/><b><u>Enrollment:</u></b> 149",
        "styleUrl": "#Open"
      }
    },
    {
      "type": "Feature",
      "geometry": {
        "type": "Point",
        "coordinates": [
          -96.354491,
          30.63936
        ]
      },
      "properties": {
        "description": "<b><u>Address:</u></b> 3200 CAVITT AVE, BRYAN, TX 77801<br/><b><u>Type:</u></b> Private<br/><b><u>Enrollment:</u></b> 51",
        "styleUrl": "#Open"
      }
    },
    {
      "type": "Feature",
      "geometry": {
        "type": "Point",
        "coordinates": [
          -96.841411,
          33.10925
        ]
      },
      "properties": {
        "description": "<b><u>Address:</u></b> 5349 LAKEHILL BLVD, FRISCO, TX 75034<br/><b><u>Type:</u></b> Private<br/><b><u>Enrollment:</u></b> 13",
        "styleUrl": "#Open"
      }
    },
    {
      "type": "Feature",
      "geometry": {
        "type": "Point",
        "coordinates": [
          -95.200421,
          29.68818
        ]
      },
      "properties": {
        "description": "<b><u>Address:</u></b> 1600 PASADENA BLVD, PASADENA, TX 77502<br/><b><u>Type:</u></b> Private<br/><b><u>Enrollment:</u></b> 50",
        "styleUrl": "#Open"
      }
    },
    {
      "type": "Feature",
      "geometry": {
        "type": "Point",
        "coordinates": [
          -95.192851,
          29.78205
        ]
      },
      "properties": {
        "description": "<b><u>Address:</u></b> 13207 ORLEANS ST, HOUSTON, TX 77015<br/><b><u>Type:</u></b> Private<br/><b><u>Enrollment:</u></b> 6",
        "styleUrl": "#Open"
      }
    },
    {
      "type": "Feature",
      "geometry": {
        "type": "Point",
        "coordinates": [
          -97.768988,
          30.296352
        ]
      },
      "properties": {
        "description": "<b><u>Address:</u></b> 3201 WINDSOR RD, AUSTIN, TX 78703<br/><b><u>Type:</u></b> Private<br/><b><u>Enrollment:</u></b> 21",
        "styleUrl": "#Open"
      }
    },
    {
      "type": "Feature",
      "geometry": {
        "type": "Point",
        "coordinates": [
          -95.485941,
          29.77852
        ]
      },
      "properties": {
        "description": "<b><u>Address:</u></b> 10202 MEMORIAL DR, HOUSTON, TX 77024<br/><b><u>Type:</u></b> Private<br/><b><u>Enrollment:</u></b> 659",
        "styleUrl": "#Open"
      }
    },
    {
      "type": "Feature",
      "geometry": {
        "type": "Point",
        "coordinates": [
          -100.506292,
          28.710996
        ]
      },
      "properties": {
        "description": "<b><u>Address:</u></b> 577 WASHINGTON ST, EAGLE PASS, TX 78852<br/><b><u>Type:</u></b> Private<br/><b><u>Enrollment:</u></b> 213",
        "styleUrl": "#Open"
      }
    },
    {
      "type": "Feature",
      "geometry": {
        "type": "Point",
        "coordinates": [
          -97.287685,
          29.09069
        ]
      },
      "properties": {
        "description": "<b><u>Address:</u></b> 208 N MCLEOD ST, CUERO, TX 77954<br/><b><u>Type:</u></b> Private<br/><b><u>Enrollment:</u></b> 69",
        "styleUrl": "#Open"
      }
    },
    {
      "type": "Feature",
      "geometry": {
        "type": "Point",
        "coordinates": [
          -97.098029,
          31.801051
        ]
      },
      "properties": {
        "description": "<b><u>Address:</u></b> 507 W SPRUCE, WEST, TX 76691<br/><b><u>Type:</u></b> Private<br/><b><u>Enrollment:</u></b> 117",
        "styleUrl": "#Open"
      }
    },
    {
      "type": "Feature",
      "geometry": {
        "type": "Point",
        "coordinates": [
          -97.739414,
          30.271041
        ]
      },
      "properties": {
        "description": "<b><u>Address:</u></b> 910 SAN JACINTO BLVD, AUSTIN, TX 78701<br/><b><u>Type:</u></b> Private<br/><b><u>Enrollment:</u></b> 154",
        "styleUrl": "#Open"
      }
    },
    {
      "type": "Feature",
      "geometry": {
        "type": "Point",
        "coordinates": [
          -97.730949,
          30.352379
        ]
      },
      "properties": {
        "description": "<b><u>Address:</u></b> 2114 SAINT JOSEPH BLVD, AUSTIN, TX 78757<br/><b><u>Type:</u></b> Private<br/><b><u>Enrollment:</u></b> 249",
        "styleUrl": "#Open"
      }
    },
    {
      "type": "Feature",
      "geometry": {
        "type": "Point",
        "coordinates": [
          -93.743795,
          30.112868
        ]
      },
      "properties": {
        "description": "<b><u>Address:</u></b> 2600 BOB HALL RD, ORANGE, TX 77630<br/><b><u>Type:</u></b> Private<br/><b><u>Enrollment:</u></b> 65",
        "styleUrl": "#Open"
      }
    },
    {
      "type": "Feature",
      "geometry": {
        "type": "Point",
        "coordinates": [
          -96.606854,
          33.630346
        ]
      },
      "properties": {
        "description": "<b><u>Address:</u></b> 713 S TRAVIS ST, SHERMAN, TX 75090<br/><b><u>Type:</u></b> Private<br/><b><u>Enrollment:</u></b> 140",
        "styleUrl": "#Open"
      }
    },
    {
      "type": "Feature",
      "geometry": {
        "type": "Point",
        "coordinates": [
          -95.088221,
          29.54556
        ]
      },
      "properties": {
        "description": "<b><u>Address:</u></b> 18300 UPPER BAY RD, HOUSTON, TX 77058<br/><b><u>Type:</u></b> Private<br/><b><u>Enrollment:</u></b> 68",
        "styleUrl": "#Open"
      }
    },
    {
      "type": "Feature",
      "geometry": {
        "type": "Point",
        "coordinates": [
          -95.508882,
          29.660864
        ]
      },
      "properties": {
        "description": "<b><u>Address:</u></b> 10900 FONDREN RD, HOUSTON, TX 77096<br/><b><u>Type:</u></b> Private<br/><b><u>Enrollment:</u></b> 104",
        "styleUrl": "#Open"
      }
    },
    {
      "type": "Feature",
      "geometry": {
        "type": "Point",
        "coordinates": [
          -97.333231,
          32.38945
        ]
      },
      "properties": {
        "description": "<b><u>Address:</u></b> 401 S OLD BETSY RD, KEENE, TX 76059<br/><b><u>Type:</u></b> Private<br/><b><u>Enrollment:</u></b> 162",
        "styleUrl": "#Open"
      }
    },
    {
      "type": "Feature",
      "geometry": {
        "type": "Point",
        "coordinates": [
          -94.789055,
          32.516486
        ]
      },
      "properties": {
        "description": "<b><u>Address:</u></b> 2200 W LOOP 281, LONGVIEW, TX 75604<br/><b><u>Type:</u></b> Private<br/><b><u>Enrollment:</u></b> 78",
        "styleUrl": "#Open"
      }
    },
    {
      "type": "Feature",
      "geometry": {
        "type": "Point",
        "coordinates": [
          -95.610571,
          30.087884
        ]
      },
      "properties": {
        "description": "<b><u>Address:</u></b> 1111 S CHERRY ST, TOMBALL, TX 77375<br/><b><u>Type:</u></b> Private<br/><b><u>Enrollment:</u></b> 253",
        "styleUrl": "#Open"
      }
    },
    {
      "type": "Feature",
      "geometry": {
        "type": "Point",
        "coordinates": [
          -95.494312,
          29.667923
        ]
      },
      "properties": {
        "description": "<b><u>Address:</u></b> 10420 HILLCROFT ST, HOUSTON, TX 77096<br/><b><u>Type:</u></b> Private<br/><b><u>Enrollment:</u></b> 276",
        "styleUrl": "#Open"
      }
    },
    {
      "type": "Feature",
      "geometry": {
        "type": "Point",
        "coordinates": [
          -96.770751,
          32.99527
        ]
      },
      "properties": {
        "description": "<b><u>Address:</u></b> 7777 OSAGE PLZ PKWY, DALLAS, TX 75252<br/><b><u>Type:</u></b> Private<br/><b><u>Enrollment:</u></b> 263",
        "styleUrl": "#Open"
      }
    },
    {
      "type": "Feature",
      "geometry": {
        "type": "Point",
        "coordinates": [
          -97.664291,
          30.7226
        ]
      },
      "properties": {
        "description": "<b><u>Address:</u></b> 225 GRACE BLVD, GEORGETOWN, TX 78633<br/><b><u>Type:</u></b> Private<br/><b><u>Enrollment:</u></b> 325",
        "styleUrl": "#Open"
      }
    },
    {
      "type": "Feature",
      "geometry": {
        "type": "Point",
        "coordinates": [
          -97.112583,
          32.740928
        ]
      },
      "properties": {
        "description": "<b><u>Address:</u></b> 500 HOUSTON ST, ARLINGTON, TX 76011<br/><b><u>Type:</u></b> Private<br/><b><u>Enrollment:</u></b> 36",
        "styleUrl": "#Open"
      }
    },
    {
      "type": "Feature",
      "geometry": {
        "type": "Point",
        "coordinates": [
          -94.363801,
          32.51427
        ]
      },
      "properties": {
        "description": "<b><u>Address:</u></b> 3402 S WASHINGTON AVE, MARSHALL, TX 75672<br/><b><u>Type:</u></b> Private<br/><b><u>Enrollment:</u></b> 104",
        "styleUrl": "#Open"
      }
    },
    {
      "type": "Feature",
      "geometry": {
        "type": "Point",
        "coordinates": [
          -98.584919,
          29.564715
        ]
      },
      "properties": {
        "description": "<b><u>Address:</u></b> 5084 DEZAVLA RD, SAN ANTONIO, TX 78249<br/><b><u>Type:</u></b> Private<br/><b><u>Enrollment:</u></b> 12",
        "styleUrl": "#Open"
      }
    },
    {
      "type": "Feature",
      "geometry": {
        "type": "Point",
        "coordinates": [
          -96.847113,
          33.028896
        ]
      },
      "properties": {
        "description": "<b><u>Address:</u></b> 6801 W PARK BLVD, PLANO, TX 75093<br/><b><u>Type:</u></b> Private<br/><b><u>Enrollment:</u></b> 30",
        "styleUrl": "#Open"
      }
    },
    {
      "type": "Feature",
      "geometry": {
        "type": "Point",
        "coordinates": [
          -96.839551,
          32.76103
        ]
      },
      "properties": {
        "description": "<b><u>Address:</u></b> 1215 TURNER AVE, DALLAS, TX 75208<br/><b><u>Type:</u></b> Private<br/><b><u>Enrollment:</u></b> 71",
        "styleUrl": "#Open"
      }
    },
    {
      "type": "Feature",
      "geometry": {
        "type": "Point",
        "coordinates": [
          -96.695491,
          33.09933
        ]
      },
      "properties": {
        "description": "<b><u>Address:</u></b> 1207 W MCDERMOTT DR, ALLEN, TX 75013<br/><b><u>Type:</u></b> Private<br/><b><u>Enrollment:</u></b> 15",
        "styleUrl": "#Open"
      }
    },
    {
      "type": "Feature",
      "geometry": {
        "type": "Point",
        "coordinates": [
          -96.298475,
          30.626253
        ]
      },
      "properties": {
        "description": "<b><u>Address:</u></b> 2201 EARL RUDDER FWY S, COLLEGE STATION, TX 77845<br/><b><u>Type:</u></b> Private<br/><b><u>Enrollment:</u></b> 122",
        "styleUrl": "#Open"
      }
    },
    {
      "type": "Feature",
      "geometry": {
        "type": "Point",
        "coordinates": [
          -97.194431,
          32.72337
        ]
      },
      "properties": {
        "description": "<b><u>Address:</u></b> 5900 W PIONEER PKWY, ARLINGTON, TX 76013<br/><b><u>Type:</u></b> Private<br/><b><u>Enrollment:</u></b> 631",
        "styleUrl": "#Open"
      }
    },
    {
      "type": "Feature",
      "geometry": {
        "type": "Point",
        "coordinates": [
          -96.943515,
          33.15532
        ]
      },
      "properties": {
        "description": "<b><u>Address:</u></b> 800 W ELDORADO PKWY STE 106, LITTLE ELM, TX 75068<br/><b><u>Type:</u></b> Private<br/><b><u>Enrollment:</u></b> 19",
        "styleUrl": "#Open"
      }
    },
    {
      "type": "Feature",
      "geometry": {
        "type": "Point",
        "coordinates": [
          -98.195591,
          26.29587
        ]
      },
      "properties": {
        "description": "<b><u>Address:</u></b> 1104 S MCCOLL RD, EDINBURG, TX 78539<br/><b><u>Type:</u></b> Private<br/><b><u>Enrollment:</u></b> 7",
        "styleUrl": "#Open"
      }
    },
    {
      "type": "Feature",
      "geometry": {
        "type": "Point",
        "coordinates": [
          -95.282971,
          32.27742
        ]
      },
      "properties": {
        "description": "<b><u>Address:</u></b> 1525 E GRANDE BLVD, TYLER, TX 75703<br/><b><u>Type:</u></b> Private<br/><b><u>Enrollment:</u></b> 5",
        "styleUrl": "#Open"
      }
    },
    {
      "type": "Feature",
      "geometry": {
        "type": "Point",
        "coordinates": [
          -97.211868,
          32.936108
        ]
      },
      "properties": {
        "description": "<b><u>Address:</u></b> 141 QUEST CT, KELLER, TX 76248<br/><b><u>Type:</u></b> Private<br/><b><u>Enrollment:</u></b> 21",
        "styleUrl": "#Open"
      }
    },
    {
      "type": "Feature",
      "geometry": {
        "type": "Point",
        "coordinates": [
          -95.610741,
          29.99382
        ]
      },
      "properties": {
        "description": "<b><u>Address:</u></b> 12510 MALCOMSON RD, HOUSTON, TX 77070<br/><b><u>Type:</u></b> Private<br/><b><u>Enrollment:</u></b> 11",
        "styleUrl": "#Open"
      }
    },
    {
      "type": "Feature",
      "geometry": {
        "type": "Point",
        "coordinates": [
          -95.402862,
          30.064752
        ]
      },
      "properties": {
        "description": "<b><u>Address:</u></b> 24724 ALDINE WESTFIELD RD, SPRING, TX 77373<br/><b><u>Type:</u></b> Private<br/><b><u>Enrollment:</u></b> 139",
        "styleUrl": "#Open"
      }
    },
    {
      "type": "Feature",
      "geometry": {
        "type": "Point",
        "coordinates": [
          -96.735697,
          33.087409
        ]
      },
      "properties": {
        "description": "<b><u>Address:</u></b> 645 S CUSTER RD, ALLEN, TX 75013<br/><b><u>Type:</u></b> Private<br/><b><u>Enrollment:</u></b> 3744",
        "styleUrl": "#Open"
      }
    },
    {
      "type": "Feature",
      "geometry": {
        "type": "Point",
        "coordinates": [
          -97.875256,
          30.255439
        ]
      },
      "properties": {
        "description": "<b><u>Address:</u></b> 7717 SW PKWY, AUSTIN, TX 78735<br/><b><u>Type:</u></b> Private<br/><b><u>Enrollment:</u></b> 14",
        "styleUrl": "#Open"
      }
    },
    {
      "type": "Feature",
      "geometry": {
        "type": "Point",
        "coordinates": [
          -97.340306,
          32.747785
        ]
      },
      "properties": {
        "description": "<b><u>Address:</u></b> 1300 W LANCASTER AVE, FORT WORTH, TX 76102<br/><b><u>Type:</u></b> Private<br/><b><u>Enrollment:</u></b> 82",
        "styleUrl": "#Open"
      }
    },
    {
      "type": "Feature",
      "geometry": {
        "type": "Point",
        "coordinates": [
          -95.745492,
          29.828393
        ]
      },
      "properties": {
        "description": "<b><u>Address:</u></b> 3883 LAKES OF BRIDGEWATER DR, KATY, TX 77449<br/><b><u>Type:</u></b> Private<br/><b><u>Enrollment:</u></b> 64",
        "styleUrl": "#Open"
      }
    },
    {
      "type": "Feature",
      "geometry": {
        "type": "Point",
        "coordinates": [
          -102.380401,
          31.86093
        ]
      },
      "properties": {
        "description": "<b><u>Address:</u></b> 1919 N LEE AVE, ODESSA, TX 79761<br/><b><u>Type:</u></b> Private<br/><b><u>Enrollment:</u></b> 14",
        "styleUrl": "#Open"
      }
    },
    {
      "type": "Feature",
      "geometry": {
        "type": "Point",
        "coordinates": [
          -96.839134,
          33.030158
        ]
      },
      "properties": {
        "description": "<b><u>Address:</u></b> 6480 W PLANO PKWY, PLANO, TX 75093<br/><b><u>Type:</u></b> Private<br/><b><u>Enrollment:</u></b> 10",
        "styleUrl": "#Open"
      }
    },
    {
      "type": "Feature",
      "geometry": {
        "type": "Point",
        "coordinates": [
          -94.615941,
          31.594027
        ]
      },
      "properties": {
        "description": "<b><u>Address:</u></b> 200 NE STALLINGS DR, NACOGDOCHES, TX 75961<br/><b><u>Type:</u></b> Private<br/><b><u>Enrollment:</u></b> 151",
        "styleUrl": "#Open"
      }
    },
    {
      "type": "Feature",
      "geometry": {
        "type": "Point",
        "coordinates": [
          -95.649109,
          29.586401
        ]
      },
      "properties": {
        "description": "<b><u>Address:</u></b> 13440 UNIVERSITY BLVD STE 260, SUGAR LAND, TX 77479<br/><b><u>Type:</u></b> Private<br/><b><u>Enrollment:</u></b> 40",
        "styleUrl": "#Open"
      }
    },
    {
      "type": "Feature",
      "geometry": {
        "type": "Point",
        "coordinates": [
          -97.692101,
          30.408731
        ]
      },
      "properties": {
        "description": "<b><u>Address:</u></b> 12251 RUNNING BIRD LN, AUSTIN, TX 78758<br/><b><u>Type:</u></b> Private<br/><b><u>Enrollment:</u></b> 34",
        "styleUrl": "#Open"
      }
    },
    {
      "type": "Feature",
      "geometry": {
        "type": "Point",
        "coordinates": [
          -98.056103,
          27.76165
        ]
      },
      "properties": {
        "description": "<b><u>Address:</u></b> 1200 N STADIUM RD, ALICE, TX 78332<br/><b><u>Type:</u></b> Private<br/><b><u>Enrollment:</u></b> 9",
        "styleUrl": "#Open"
      }
    },
    {
      "type": "Feature",
      "geometry": {
        "type": "Point",
        "coordinates": [
          -97.732711,
          31.09046
        ]
      },
      "properties": {
        "description": "<b><u>Address:</u></b> 1007 BACON RANCH RD, KILLEEN, TX 76542<br/><b><u>Type:</u></b> Private<br/><b><u>Enrollment:</u></b> 11",
        "styleUrl": "#Open"
      }
    },
    {
      "type": "Feature",
      "geometry": {
        "type": "Point",
        "coordinates": [
          -96.790821,
          33.07002
        ]
      },
      "properties": {
        "description": "<b><u>Address:</u></b> 4660 LEGACY DR, PLANO, TX 75024<br/><b><u>Type:</u></b> Private<br/><b><u>Enrollment:</u></b> 89",
        "styleUrl": "#Open"
      }
    },
    {
      "type": "Feature",
      "geometry": {
        "type": "Point",
        "coordinates": [
          -95.737044,
          29.799343
        ]
      },
      "properties": {
        "description": "<b><u>Address:</u></b> 2203 N WESTGREEN BLVD, KATY, TX 77449<br/><b><u>Type:</u></b> Private<br/><b><u>Enrollment:</u></b> 742",
        "styleUrl": "#Open"
      }
    },
    {
      "type": "Feature",
      "geometry": {
        "type": "Point",
        "coordinates": [
          -95.600561,
          29.66107
        ]
      },
      "properties": {
        "description": "<b><u>Address:</u></b> 12500 W BELLFORT AVE, HOUSTON, TX 77099<br/><b><u>Type:</u></b> Private<br/><b><u>Enrollment:</u></b> 3",
        "styleUrl": "#Open"
      }
    },
    {
      "type": "Feature",
      "geometry": {
        "type": "Point",
        "coordinates": [
          -98.406581,
          30.28765
        ]
      },
      "properties": {
        "description": "<b><u>Address:</u></b> 321 OLD RIVER CROSSING, JOHNSON CITY, TX 78636<br/><b><u>Type:</u></b> Private<br/><b><u>Enrollment:</u></b> 7",
        "styleUrl": "#Open"
      }
    },
    {
      "type": "Feature",
      "geometry": {
        "type": "Point",
        "coordinates": [
          -95.552111,
          29.77328
        ]
      },
      "properties": {
        "description": "<b><u>Address:</u></b> 12535 PERTHSHIRE RD, HOUSTON, TX 77024<br/><b><u>Type:</u></b> Private<br/><b><u>Enrollment:</u></b> 106",
        "styleUrl": "#Open"
      }
    },
    {
      "type": "Feature",
      "geometry": {
        "type": "Point",
        "coordinates": [
          -95.207813,
          29.631966
        ]
      },
      "properties": {
        "description": "<b><u>Address:</u></b> 8830 GALVESTON RD, HOUSTON, TX 77034<br/><b><u>Type:</u></b> Private<br/><b><u>Enrollment:</u></b> 16",
        "styleUrl": "#Open"
      }
    },
    {
      "type": "Feature",
      "geometry": {
        "type": "Point",
        "coordinates": [
          -98.310211,
          29.51674
        ]
      },
      "properties": {
        "description": "<b><u>Address:</u></b> 515 N ST, CONVERSE, TX 78109<br/><b><u>Type:</u></b> Private<br/><b><u>Enrollment:</u></b> 129",
        "styleUrl": "#Open"
      }
    },
    {
      "type": "Feature",
      "geometry": {
        "type": "Point",
        "coordinates": [
          -98.163867,
          26.297957
        ]
      },
      "properties": {
        "description": "<b><u>Address:</u></b> 119 W FAY ST, EDINBURG, TX 78539<br/><b><u>Type:</u></b> Private<br/><b><u>Enrollment:</u></b> 86",
        "styleUrl": "#Open"
      }
    },
    {
      "type": "Feature",
      "geometry": {
        "type": "Point",
        "coordinates": [
          -99.47383,
          27.509645
        ]
      },
      "properties": {
        "description": "<b><u>Address:</u></b> 1501 N BARTLETT AVE, LAREDO, TX 78043<br/><b><u>Type:</u></b> Private<br/><b><u>Enrollment:</u></b> 269",
        "styleUrl": "#Open"
      }
    },
    {
      "type": "Feature",
      "geometry": {
        "type": "Point",
        "coordinates": [
          -96.85806,
          32.692631
        ]
      },
      "properties": {
        "description": "<b><u>Address:</u></b> 4019 S HAMPTON RD, DALLAS, TX 75224<br/><b><u>Type:</u></b> Private<br/><b><u>Enrollment:</u></b> 177",
        "styleUrl": "#Open"
      }
    },
    {
      "type": "Feature",
      "geometry": {
        "type": "Point",
        "coordinates": [
          -95.237196,
          29.678714
        ]
      },
      "properties": {
        "description": "<b><u>Address:</u></b> 5500 LAUREL CREEK WAY, HOUSTON, TX 77017<br/><b><u>Type:</u></b> Private<br/><b><u>Enrollment:</u></b> 123",
        "styleUrl": "#Open"
      }
    },
    {
      "type": "Feature",
      "geometry": {
        "type": "Point",
        "coordinates": [
          -95.494752,
          29.797712
        ]
      },
      "properties": {
        "description": "<b><u>Address:</u></b> 1515 HILLENDAHL BLVD, HOUSTON, TX 77055<br/><b><u>Type:</u></b> Private<br/><b><u>Enrollment:</u></b> 244",
        "styleUrl": "#Open"
      }
    },
    {
      "type": "Feature",
      "geometry": {
        "type": "Point",
        "coordinates": [
          -96.762081,
          32.90593
        ]
      },
      "properties": {
        "description": "<b><u>Address:</u></b> 8494 STULTS RD, DALLAS, TX 75243<br/><b><u>Type:</u></b> Private<br/><b><u>Enrollment:</u></b> 164",
        "styleUrl": "#Open"
      }
    },
    {
      "type": "Feature",
      "geometry": {
        "type": "Point",
        "coordinates": [
          -98.604201,
          29.63734
        ]
      },
      "properties": {
        "description": "<b><u>Address:</u></b> 20955 W TEJAS TRL, SAN ANTONIO, TX 78257<br/><b><u>Type:</u></b> Private<br/><b><u>Enrollment:</u></b> 499",
        "styleUrl": "#Open"
      }
    },
    {
      "type": "Feature",
      "geometry": {
        "type": "Point",
        "coordinates": [
          -96.759121,
          32.85176
        ]
      },
      "properties": {
        "description": "<b><u>Address:</u></b> 6121 E LOVERS LN, DALLAS, TX 75214<br/><b><u>Type:</u></b> Private<br/><b><u>Enrollment:</u></b> 156",
        "styleUrl": "#Open"
      }
    },
    {
      "type": "Feature",
      "geometry": {
        "type": "Point",
        "coordinates": [
          -97.135405,
          31.558461
        ]
      },
      "properties": {
        "description": "<b><u>Address:</u></b> 517 COLUMBUS AVE, WACO, TX 76701<br/><b><u>Type:</u></b> Private<br/><b><u>Enrollment:</u></b> 126",
        "styleUrl": "#Open"
      }
    },
    {
      "type": "Feature",
      "geometry": {
        "type": "Point",
        "coordinates": [
          -96.082831,
          33.08588
        ]
      },
      "properties": {
        "description": "<b><u>Address:</u></b> 8420 JACK FINNEY BLVD, GREENVILLE, TX 75402<br/><b><u>Type:</u></b> Private<br/><b><u>Enrollment:</u></b> 223",
        "styleUrl": "#Open"
      }
    },
    {
      "type": "Feature",
      "geometry": {
        "type": "Point",
        "coordinates": [
          -97.392538,
          27.761171
        ]
      },
      "properties": {
        "description": "<b><u>Address:</u></b> 450 CHAMBERLAIN ST, CORPUS CHRISTI, TX 78404<br/><b><u>Type:</u></b> Private<br/><b><u>Enrollment:</u></b> 163",
        "styleUrl": "#Open"
      }
    },
    {
      "type": "Feature",
      "geometry": {
        "type": "Point",
        "coordinates": [
          -95.769221,
          29.73527
        ]
      },
      "properties": {
        "description": "<b><u>Address:</u></b> 23060 WESTHEIMER PKWY, KATY, TX 77494<br/><b><u>Type:</u></b> Private<br/><b><u>Enrollment:</u></b> 15",
        "styleUrl": "#Open"
      }
    },
    {
      "type": "Feature",
      "geometry": {
        "type": "Point",
        "coordinates": [
          -96.597651,
          32.76119
        ]
      },
      "properties": {
        "description": "<b><u>Address:</u></b> 603 S BRYAN BELT LINE RD, MESQUITE, TX 75149<br/><b><u>Type:</u></b> Private<br/><b><u>Enrollment:</u></b> 14",
        "styleUrl": "#Open"
      }
    },
    {
      "type": "Feature",
      "geometry": {
        "type": "Point",
        "coordinates": [
          -94.967081,
          29.75951
        ]
      },
      "properties": {
        "description": "<b><u>Address:</u></b> 505 ROLLINGBROOK DR, BAYTOWN, TX 77521<br/><b><u>Type:</u></b> Private<br/><b><u>Enrollment:</u></b> 76",
        "styleUrl": "#Open"
      }
    },
    {
      "type": "Feature",
      "geometry": {
        "type": "Point",
        "coordinates": [
          -97.827647,
          30.460406
        ]
      },
      "properties": {
        "description": "<b><u>Address:</u></b> 3315 EL SALIDO PKWY, CEDAR PARK, TX 78613<br/><b><u>Type:</u></b> Private<br/><b><u>Enrollment:</u></b> 51",
        "styleUrl": "#Open"
      }
    },
    {
      "type": "Feature",
      "geometry": {
        "type": "Point",
        "coordinates": [
          -97.750751,
          30.2881
        ]
      },
      "properties": {
        "description": "<b><u>Address:</u></b> 1201 W 24TH ST, AUSTIN, TX 78705<br/><b><u>Type:</u></b> Private<br/><b><u>Enrollment:</u></b> 75",
        "styleUrl": "#Open"
      }
    },
    {
      "type": "Feature",
      "geometry": {
        "type": "Point",
        "coordinates": [
          -96.769991,
          33.01072
        ]
      },
      "properties": {
        "description": "<b><u>Address:</u></b> 4011 W PLANO PKWY STE 132, PLANO, TX 75093<br/><b><u>Type:</u></b> Private<br/><b><u>Enrollment:</u></b> 187",
        "styleUrl": "#Open"
      }
    },
    {
      "type": "Feature",
      "geometry": {
        "type": "Point",
        "coordinates": [
          -97.036851,
          33.04328
        ]
      },
      "properties": {
        "description": "<b><u>Address:</u></b> 102 N GARDEN RIDGE BLVD, LEWISVILLE, TX 75067<br/><b><u>Type:</u></b> Private<br/><b><u>Enrollment:</u></b> 22",
        "styleUrl": "#Open"
      }
    },
    {
      "type": "Feature",
      "geometry": {
        "type": "Point",
        "coordinates": [
          -97.396111,
          31.05988
        ]
      },
      "properties": {
        "description": "<b><u>Address:</u></b> 5001 HICKORY RD, TEMPLE, TX 76502<br/><b><u>Type:</u></b> Private<br/><b><u>Enrollment:</u></b> 19",
        "styleUrl": "#Open"
      }
    },
    {
      "type": "Feature",
      "geometry": {
        "type": "Point",
        "coordinates": [
          -97.125734,
          32.010946
        ]
      },
      "properties": {
        "description": "<b><u>Address:</u></b> 300 E FRANKLIN ST, HILLSBORO, TX 76645<br/><b><u>Type:</u></b> Private<br/><b><u>Enrollment:</u></b> 15",
        "styleUrl": "#Open"
      }
    },
    {
      "type": "Feature",
      "geometry": {
        "type": "Point",
        "coordinates": [
          -95.40002,
          29.722771
        ]
      },
      "properties": {
        "description": "<b><u>Address:</u></b> 1601 SUNSET BLVD, HOUSTON, TX 77005<br/><b><u>Type:</u></b> Private<br/><b><u>Enrollment:</u></b> 9",
        "styleUrl": "#Open"
      }
    },
    {
      "type": "Feature",
      "geometry": {
        "type": "Point",
        "coordinates": [
          -95.495405,
          30.194424
        ]
      },
      "properties": {
        "description": "<b><u>Address:</u></b> 5505 RESEARCH FOREST DR, SPRING, TX 77381<br/><b><u>Type:</u></b> Private<br/><b><u>Enrollment:</u></b> 20",
        "styleUrl": "#Open"
      }
    },
    {
      "type": "Feature",
      "geometry": {
        "type": "Point",
        "coordinates": [
          -95.538901,
          29.97698
        ]
      },
      "properties": {
        "description": "<b><u>Address:</u></b> 13726 CUTTEN RD, HOUSTON, TX 77069<br/><b><u>Type:</u></b> Private<br/><b><u>Enrollment:</u></b> 158",
        "styleUrl": "#Open"
      }
    },
    {
      "type": "Feature",
      "geometry": {
        "type": "Point",
        "coordinates": [
          -99.831791,
          28.677744
        ]
      },
      "properties": {
        "description": "<b><u>Address:</u></b> 301 W UVALDE ST, CRYSTAL CITY, TX 78839<br/><b><u>Type:</u></b> Private<br/><b><u>Enrollment:</u></b> 42",
        "styleUrl": "#Open"
      }
    },
    {
      "type": "Feature",
      "geometry": {
        "type": "Point",
        "coordinates": [
          -96.838651,
          32.86751
        ]
      },
      "properties": {
        "description": "<b><u>Address:</u></b> 9407 MIDWAY RD, DALLAS, TX 75220<br/><b><u>Type:</u></b> Private<br/><b><u>Enrollment:</u></b> 121",
        "styleUrl": "#Open"
      }
    },
    {
      "type": "Feature",
      "geometry": {
        "type": "Point",
        "coordinates": [
          -95.047441,
          29.52557
        ]
      },
      "properties": {
        "description": "<b><u>Address:</u></b> 201 S SHORE BLVD, LEAGUE CITY,, TX 77573<br/><b><u>Type:</u></b> Private<br/><b><u>Enrollment:</u></b> 12",
        "styleUrl": "#Open"
      }
    },
    {
      "type": "Feature",
      "geometry": {
        "type": "Point",
        "coordinates": [
          -98.255621,
          26.24665
        ]
      },
      "properties": {
        "description": "<b><u>Address:</u></b> 4201 N WARE RD, MCALLEN, TX 78504<br/><b><u>Type:</u></b> Private<br/><b><u>Enrollment:</u></b> 243",
        "styleUrl": "#Open"
      }
    },
    {
      "type": "Feature",
      "geometry": {
        "type": "Point",
        "coordinates": [
          -97.163252,
          33.23773
        ]
      },
      "properties": {
        "description": "<b><u>Address:</u></b> 2301 N BONNIE BRAE ST, DENTON, TX 76207<br/><b><u>Type:</u></b> Private<br/><b><u>Enrollment:</u></b> 153",
        "styleUrl": "#Open"
      }
    },
    {
      "type": "Feature",
      "geometry": {
        "type": "Point",
        "coordinates": [
          -96.852251,
          32.59008
        ]
      },
      "properties": {
        "description": "<b><u>Address:</u></b> 301 E BELT LINE RD, DESOTO, TX 75115<br/><b><u>Type:</u></b> Private<br/><b><u>Enrollment:</u></b> 135",
        "styleUrl": "#Open"
      }
    },
    {
      "type": "Feature",
      "geometry": {
        "type": "Point",
        "coordinates": [
          -97.428381,
          32.66403
        ]
      },
      "properties": {
        "description": "<b><u>Address:</u></b> 7601 BELLAIRE DR S, FORT WORTH, TX 76132<br/><b><u>Type:</u></b> Private<br/><b><u>Enrollment:</u></b> 87",
        "styleUrl": "#Open"
      }
    },
    {
      "type": "Feature",
      "geometry": {
        "type": "Point",
        "coordinates": [
          -96.761861,
          33.15136
        ]
      },
      "properties": {
        "description": "<b><u>Address:</u></b> 13405 MAIN ST, FRISCO, TX 75035<br/><b><u>Type:</u></b> Private<br/><b><u>Enrollment:</u></b> 15",
        "styleUrl": "#Open"
      }
    },
    {
      "type": "Feature",
      "geometry": {
        "type": "Point",
        "coordinates": [
          -97.842581,
          30.47584
        ]
      },
      "properties": {
        "description": "<b><u>Address:</u></b> 1905 EL SALIDO PKWY, CEDAR PARK, TX 78613<br/><b><u>Type:</u></b> Private<br/><b><u>Enrollment:</u></b> 17",
        "styleUrl": "#Open"
      }
    },
    {
      "type": "Feature",
      "geometry": {
        "type": "Point",
        "coordinates": [
          -98.467591,
          29.44276
        ]
      },
      "properties": {
        "description": "<b><u>Address:</u></b> 1018 E GRAYSON ST, SAN ANTONIO, TX 78208<br/><b><u>Type:</u></b> Private<br/><b><u>Enrollment:</u></b> 40",
        "styleUrl": "#Open"
      }
    },
    {
      "type": "Feature",
      "geometry": {
        "type": "Point",
        "coordinates": [
          -94.11882,
          33.409995
        ]
      },
      "properties": {
        "description": "<b><u>Address:</u></b> 489 S KINGS HWY, TEXARKANA, TEXAS, TX 75501<br/><b><u>Type:</u></b> Private<br/><b><u>Enrollment:</u></b> 9",
        "styleUrl": "#Open"
      }
    },
    {
      "type": "Feature",
      "geometry": {
        "type": "Point",
        "coordinates": [
          -98.589301,
          29.49853
        ]
      },
      "properties": {
        "description": "<b><u>Address:</u></b> 6914 WURZBACH RD, SAN ANTONIO, TX 78240<br/><b><u>Type:</u></b> Private<br/><b><u>Enrollment:</u></b> 183",
        "styleUrl": "#Open"
      }
    },
    {
      "type": "Feature",
      "geometry": {
        "type": "Point",
        "coordinates": [
          -98.581141,
          29.51852
        ]
      },
      "properties": {
        "description": "<b><u>Address:</u></b> 8565 EWING HALSELL DR, SAN ANTONIO, TX 78229<br/><b><u>Type:</u></b> Private<br/><b><u>Enrollment:</u></b> 170",
        "styleUrl": "#Open"
      }
    },
    {
      "type": "Feature",
      "geometry": {
        "type": "Point",
        "coordinates": [
          -95.580331,
          30.01311
        ]
      },
      "properties": {
        "description": "<b><u>Address:</u></b> 10555 SPRING CYPRESS RD, HOUSTON, TX 77070<br/><b><u>Type:</u></b> Private<br/><b><u>Enrollment:</u></b> 112",
        "styleUrl": "#Open"
      }
    },
    {
      "type": "Feature",
      "geometry": {
        "type": "Point",
        "coordinates": [
          -102.009533,
          33.515457
        ]
      },
      "properties": {
        "description": "<b><u>Address:</u></b> 502 N DOWDEN RD UNIT 100, WOLFFORTH, TX 79382<br/><b><u>Type:</u></b> Private<br/><b><u>Enrollment:</u></b> 18",
        "styleUrl": "#Open"
      }
    },
    {
      "type": "Feature",
      "geometry": {
        "type": "Point",
        "coordinates": [
          -97.928941,
          30.404253
        ]
      },
      "properties": {
        "description": "<b><u>Address:</u></b> 4402 HUDSON BEND RD, AUSTIN, TX 78734<br/><b><u>Type:</u></b> Private<br/><b><u>Enrollment:</u></b> 158",
        "styleUrl": "#Open"
      }
    },
    {
      "type": "Feature",
      "geometry": {
        "type": "Point",
        "coordinates": [
          -95.618061,
          29.745491
        ]
      },
      "properties": {
        "description": "<b><u>Address:</u></b> 2005 GENTRYSIDE DR, HOUSTON, TX 77077<br/><b><u>Type:</u></b> Private<br/><b><u>Enrollment:</u></b> 1261",
        "styleUrl": "#Open"
      }
    },
    {
      "type": "Feature",
      "geometry": {
        "type": "Point",
        "coordinates": [
          -97.686532,
          30.392569
        ]
      },
      "properties": {
        "description": "<b><u>Address:</u></b> 11908 N LAMAR BLVD, AUSTIN, TX 78753<br/><b><u>Type:</u></b> Private<br/><b><u>Enrollment:</u></b> 629",
        "styleUrl": "#Open"
      }
    },
    {
      "type": "Feature",
      "geometry": {
        "type": "Point",
        "coordinates": [
          -102.099861,
          31.99927
        ]
      },
      "properties": {
        "description": "<b><u>Address:</u></b> 2104 W LOUISIANA AVE, MIDLAND, TX 79701<br/><b><u>Type:</u></b> Private<br/><b><u>Enrollment:</u></b> 36",
        "styleUrl": "#Open"
      }
    },
    {
      "type": "Feature",
      "geometry": {
        "type": "Point",
        "coordinates": [
          -95.619241,
          29.89785
        ]
      },
      "properties": {
        "description": "<b><u>Address:</u></b> 14423 W RD, HOUSTON, TX 77041<br/><b><u>Type:</u></b> Private<br/><b><u>Enrollment:</u></b> 83",
        "styleUrl": "#Open"
      }
    },
    {
      "type": "Feature",
      "geometry": {
        "type": "Point",
        "coordinates": [
          -95.355754,
          29.737532
        ]
      },
      "properties": {
        "description": "<b><u>Address:</u></b> 3000 TRULLEY ST, HOUSTON, TX 77004<br/><b><u>Type:</u></b> Private<br/><b><u>Enrollment:</u></b> 189",
        "styleUrl": "#Open"
      }
    },
    {
      "type": "Feature",
      "geometry": {
        "type": "Point",
        "coordinates": [
          -95.641231,
          29.71763
        ]
      },
      "properties": {
        "description": "<b><u>Address:</u></b> 14375 SCHILLER RD, HOUSTON, TX 77082<br/><b><u>Type:</u></b> Private<br/><b><u>Enrollment:</u></b> 67",
        "styleUrl": "#Open"
      }
    },
    {
      "type": "Feature",
      "geometry": {
        "type": "Point",
        "coordinates": [
          -98.123709,
          29.701269
        ]
      },
      "properties": {
        "description": "<b><u>Address:</u></b> 205 S COSTELL, NEW BRAUNFELS, TX 78130<br/><b><u>Type:</u></b> Private<br/><b><u>Enrollment:</u></b> 90",
        "styleUrl": "#Open"
      }
    },
    {
      "type": "Feature",
      "geometry": {
        "type": "Point",
        "coordinates": [
          -97.20373,
          33.001134
        ]
      },
      "properties": {
        "description": "<b><u>Address:</u></b> 915 TROPHY CLUB DR, TROPHY CLUB, TX 76262<br/><b><u>Type:</u></b> Private<br/><b><u>Enrollment:</u></b> 10",
        "styleUrl": "#Open"
      }
    },
    {
      "type": "Feature",
      "geometry": {
        "type": "Point",
        "coordinates": [
          -95.485451,
          29.71842
        ]
      },
      "properties": {
        "description": "<b><u>Address:</u></b> 5808 RENWICK DR, HOUSTON, TX 77081<br/><b><u>Type:</u></b> Private<br/><b><u>Enrollment:</u></b> 55",
        "styleUrl": "#Open"
      }
    },
    {
      "type": "Feature",
      "geometry": {
        "type": "Point",
        "coordinates": [
          -95.111946,
          29.575066
        ]
      },
      "properties": {
        "description": "<b><u>Address:</u></b> 2411 FALCON PASS DR, HOUSTON, TX 77062<br/><b><u>Type:</u></b> Private<br/><b><u>Enrollment:</u></b> 5",
        "styleUrl": "#Open"
      }
    },
    {
      "type": "Feature",
      "geometry": {
        "type": "Point",
        "coordinates": [
          -95.578671,
          29.791752
        ]
      },
      "properties": {
        "description": "<b><u>Address:</u></b> 1424 SHERWOOD FOREST ST, HOUSTON, TX 77043<br/><b><u>Type:</u></b> Private<br/><b><u>Enrollment:</u></b> 115",
        "styleUrl": "#Open"
      }
    },
    {
      "type": "Feature",
      "geometry": {
        "type": "Point",
        "coordinates": [
          -95.393011,
          29.73979
        ]
      },
      "properties": {
        "description": "<b><u>Address:</u></b> 3600 YOAKUM BLVD, HOUSTON, TX 77006<br/><b><u>Type:</u></b> Private<br/><b><u>Enrollment:</u></b> 621",
        "styleUrl": "#Open"
      }
    },
    {
      "type": "Feature",
      "geometry": {
        "type": "Point",
        "coordinates": [
          -106.568815,
          31.815302
        ]
      },
      "properties": {
        "description": "<b><u>Address:</u></b> 403 FRONTERA RD, EL PASO, TX 79922<br/><b><u>Type:</u></b> Private<br/><b><u>Enrollment:</u></b> 92",
        "styleUrl": "#Open"
      }
    },
    {
      "type": "Feature",
      "geometry": {
        "type": "Point",
        "coordinates": [
          -96.920081,
          32.63217
        ]
      },
      "properties": {
        "description": "<b><u>Address:</u></b> 550 W DANIELDALE RD, DUNCANVILLE, TX 75137<br/><b><u>Type:</u></b> Private<br/><b><u>Enrollment:</u></b> 26",
        "styleUrl": "#Open"
      }
    },
    {
      "type": "Feature",
      "geometry": {
        "type": "Point",
        "coordinates": [
          -95.602771,
          29.57247
        ]
      },
      "properties": {
        "description": "<b><u>Address:</u></b> 3300 AUSTIN PKWY, SUGAR LAND, TX 77479<br/><b><u>Type:</u></b> Private<br/><b><u>Enrollment:</u></b> 20",
        "styleUrl": "#Open"
      }
    },
    {
      "type": "Feature",
      "geometry": {
        "type": "Point",
        "coordinates": [
          -97.181399,
          32.986099
        ]
      },
      "properties": {
        "description": "<b><u>Address:</u></b> 26 ARTA DR, WESTLAKE, TX 76262<br/><b><u>Type:</u></b> Private<br/><b><u>Enrollment:</u></b> 25",
        "styleUrl": "#Open"
      }
    },
    {
      "type": "Feature",
      "geometry": {
        "type": "Point",
        "coordinates": [
          -95.815071,
          29.78899
        ]
      },
      "properties": {
        "description": "<b><u>Address:</u></b> 5371 E 5TH ST, KATY, TX 77493<br/><b><u>Type:</u></b> Private<br/><b><u>Enrollment:</u></b> 15",
        "styleUrl": "#Open"
      }
    },
    {
      "type": "Feature",
      "geometry": {
        "type": "Point",
        "coordinates": [
          -97.858853,
          30.206763
        ]
      },
      "properties": {
        "description": "<b><u>Address:</u></b> 4920 DAVIS LN, AUSTIN, TX 78749<br/><b><u>Type:</u></b> Private<br/><b><u>Enrollment:</u></b> 34",
        "styleUrl": "#Open"
      }
    },
    {
      "type": "Feature",
      "geometry": {
        "type": "Point",
        "coordinates": [
          -97.827727,
          30.00616
        ]
      },
      "properties": {
        "description": "<b><u>Address:</u></b> 2381 BEBEE RD, KYLE, TX 78640<br/><b><u>Type:</u></b> Private<br/><b><u>Enrollment:</u></b> 18",
        "styleUrl": "#Open"
      }
    },
    {
      "type": "Feature",
      "geometry": {
        "type": "Point",
        "coordinates": [
          -97.383474,
          32.741739
        ]
      },
      "properties": {
        "description": "<b><u>Address:</u></b> 1801 ASHLAND AVE, FORT WORTH, TX 76107<br/><b><u>Type:</u></b> Private<br/><b><u>Enrollment:</u></b> 4",
        "styleUrl": "#Open"
      }
    },
    {
      "type": "Feature",
      "geometry": {
        "type": "Point",
        "coordinates": [
          -96.775223,
          32.872743
        ]
      },
      "properties": {
        "description": "<b><u>Address:</u></b> 7611 PARK LN, DALLAS, TX 75225<br/><b><u>Type:</u></b> Private<br/><b><u>Enrollment:</u></b> 81",
        "styleUrl": "#Open"
      }
    },
    {
      "type": "Feature",
      "geometry": {
        "type": "Point",
        "coordinates": [
          -97.353561,
          32.45694
        ]
      },
      "properties": {
        "description": "<b><u>Address:</u></b> 1912 CONVEYOR DR, JOSHUA, TX 76058<br/><b><u>Type:</u></b> Private<br/><b><u>Enrollment:</u></b> 60",
        "styleUrl": "#Open"
      }
    },
    {
      "type": "Feature",
      "geometry": {
        "type": "Point",
        "coordinates": [
          -95.419801,
          29.8179
        ]
      },
      "properties": {
        "description": "<b><u>Address:</u></b> 1130 W 34TH ST, HOUSTON, TX 77018<br/><b><u>Type:</u></b> Private<br/><b><u>Enrollment:</u></b> 102",
        "styleUrl": "#Open"
      }
    },
    {
      "type": "Feature",
      "geometry": {
        "type": "Point",
        "coordinates": [
          -102.327301,
          33.58688
        ]
      },
      "properties": {
        "description": "<b><u>Address:</u></b> 1905 CACTUS DR, LEVELLAND, TX 79336<br/><b><u>Type:</u></b> Private<br/><b><u>Enrollment:</u></b> 10",
        "styleUrl": "#Open"
      }
    },
    {
      "type": "Feature",
      "geometry": {
        "type": "Point",
        "coordinates": [
          -95.255221,
          30.114807
        ]
      },
      "properties": {
        "description": "<b><u>Address:</u></b> 20721 BALDWIN LN, PORTER, TX 77365<br/><b><u>Type:</u></b> Private<br/><b><u>Enrollment:</u></b> 16",
        "styleUrl": "#Open"
      }
    },
    {
      "type": "Feature",
      "geometry": {
        "type": "Point",
        "coordinates": [
          -96.893015,
          32.747849
        ]
      },
      "properties": {
        "description": "<b><u>Address:</u></b> 4500 W DAVIS ST, DALLAS, TX 75211<br/><b><u>Type:</u></b> Private<br/><b><u>Enrollment:</u></b> 86",
        "styleUrl": "#Open"
      }
    },
    {
      "type": "Feature",
      "geometry": {
        "type": "Point",
        "coordinates": [
          -95.106176,
          29.506876
        ]
      },
      "properties": {
        "description": "<b><u>Address:</u></b> 1150 DEVEREUX DR, LEAGUE CITY, TX 77573<br/><b><u>Type:</u></b> Private<br/><b><u>Enrollment:</u></b> 40",
        "styleUrl": "#Open"
      }
    },
    {
      "type": "Feature",
      "geometry": {
        "type": "Point",
        "coordinates": [
          -96.827665,
          32.575538
        ]
      },
      "properties": {
        "description": "<b><u>Address:</u></b> 1221 E PARKERVILLE RD, DESOTO, TX 75115<br/><b><u>Type:</u></b> Private<br/><b><u>Enrollment:</u></b> 8",
        "styleUrl": "#Open"
      }
    },
    {
      "type": "Feature",
      "geometry": {
        "type": "Point",
        "coordinates": [
          -96.620111,
          32.82372
        ]
      },
      "properties": {
        "description": "<b><u>Address:</u></b> 4346 N GALLOWAY AVE, MESQUITE, TX 75150<br/><b><u>Type:</u></b> Private<br/><b><u>Enrollment:</u></b> 26",
        "styleUrl": "#Open"
      }
    },
    {
      "type": "Feature",
      "geometry": {
        "type": "Point",
        "coordinates": [
          -102.151191,
          31.98289
        ]
      },
      "properties": {
        "description": "<b><u>Address:</u></b> 301 N LOOP 250 W, MIDLAND, TX 79703<br/><b><u>Type:</u></b> Private<br/><b><u>Enrollment:</u></b> 33",
        "styleUrl": "#Open"
      }
    },
    {
      "type": "Feature",
      "geometry": {
        "type": "Point",
        "coordinates": [
          -96.910101,
          32.64869
        ]
      },
      "properties": {
        "description": "<b><u>Address:</u></b> 206 W DANIEL ST, DUNCANVILLE, TX 75116<br/><b><u>Type:</u></b> Private<br/><b><u>Enrollment:</u></b> 8",
        "styleUrl": "#Open"
      }
    },
    {
      "type": "Feature",
      "geometry": {
        "type": "Point",
        "coordinates": [
          -97.517851,
          25.92632
        ]
      },
      "properties": {
        "description": "<b><u>Address:</u></b> 204 BOCA CHICA BLVD, BROWNSVILLE, TX 78520<br/><b><u>Type:</u></b> Private<br/><b><u>Enrollment:</u></b> 3",
        "styleUrl": "#Open"
      }
    },
    {
      "type": "Feature",
      "geometry": {
        "type": "Point",
        "coordinates": [
          -97.758571,
          30.48973
        ]
      },
      "properties": {
        "description": "<b><u>Address:</u></b> 9300 NEENAH AVE, AUSTIN, TX 78717<br/><b><u>Type:</u></b> Private<br/><b><u>Enrollment:</u></b> 400",
        "styleUrl": "#Open"
      }
    },
    {
      "type": "Feature",
      "geometry": {
        "type": "Point",
        "coordinates": [
          -98.326339,
          26.153775
        ]
      },
      "properties": {
        "description": "<b><u>Address:</u></b> 5208 S FM 494, MISSION, TX 78572<br/><b><u>Type:</u></b> Private<br/><b><u>Enrollment:</u></b> 94",
        "styleUrl": "#Open"
      }
    },
    {
      "type": "Feature",
      "geometry": {
        "type": "Point",
        "coordinates": [
          -95.286371,
          29.628882
        ]
      },
      "properties": {
        "description": "<b><u>Address:</u></b> 9426 TELEPHONE RD, HOUSTON, TX 77075<br/><b><u>Type:</u></b> Private<br/><b><u>Enrollment:</u></b> 201",
        "styleUrl": "#Open"
      }
    },
    {
      "type": "Feature",
      "geometry": {
        "type": "Point",
        "coordinates": [
          -95.259651,
          32.31086
        ]
      },
      "properties": {
        "description": "<b><u>Address:</u></b> 3025 UNIVERSITY BLVD, TYLER, TX 75701<br/><b><u>Type:</u></b> Private<br/><b><u>Enrollment:</u></b> 907",
        "styleUrl": "#Open"
      }
    },
    {
      "type": "Feature",
      "geometry": {
        "type": "Point",
        "coordinates": [
          -94.805026,
          29.300216
        ]
      },
      "properties": {
        "description": "<b><u>Address:</u></b> 3305 CHURCH ST, GALVESTON, TX 77550<br/><b><u>Type:</u></b> Private<br/><b><u>Enrollment:</u></b> 67",
        "styleUrl": "#Open"
      }
    },
    {
      "type": "Feature",
      "geometry": {
        "type": "Point",
        "coordinates": [
          -99.794876,
          29.213066
        ]
      },
      "properties": {
        "description": "<b><u>Address:</u></b> 401 W LEONA ST, UVALDE, TX 78801<br/><b><u>Type:</u></b> Private<br/><b><u>Enrollment:</u></b> 43",
        "styleUrl": "#Open"
      }
    },
    {
      "type": "Feature",
      "geometry": {
        "type": "Point",
        "coordinates": [
          -97.754091,
          30.239859
        ]
      },
      "properties": {
        "description": "<b><u>Address:</u></b> 120 W OLTORF ST, AUSTIN, TX 78704<br/><b><u>Type:</u></b> Private<br/><b><u>Enrollment:</u></b> 162",
        "styleUrl": "#Open"
      }
    },
    {
      "type": "Feature",
      "geometry": {
        "type": "Point",
        "coordinates": [
          -97.386839,
          27.753505
        ]
      },
      "properties": {
        "description": "<b><u>Address:</u></b> 3340 S ALAMEDA ST, CORPUS CHRISTI, TX 78411<br/><b><u>Type:</u></b> Private<br/><b><u>Enrollment:</u></b> 200",
        "styleUrl": "#Open"
      }
    },
    {
      "type": "Feature",
      "geometry": {
        "type": "Point",
        "coordinates": [
          -97.412064,
          27.729107
        ]
      },
      "properties": {
        "description": "<b><u>Address:</u></b> 5002 KOSTORYZ RD, CORPUS CHRISTI, TX 78415<br/><b><u>Type:</u></b> Private<br/><b><u>Enrollment:</u></b> 100",
        "styleUrl": "#Open"
      }
    },
    {
      "type": "Feature",
      "geometry": {
        "type": "Point",
        "coordinates": [
          -97.419861,
          27.70457
        ]
      },
      "properties": {
        "description": "<b><u>Address:</u></b> 3502 SARATOGA BLVD, CORPUS CHRISTI, TX 78415<br/><b><u>Type:</u></b> Private<br/><b><u>Enrollment:</u></b> 115",
        "styleUrl": "#Open"
      }
    },
    {
      "type": "Feature",
      "geometry": {
        "type": "Point",
        "coordinates": [
          -106.492621,
          31.76611
        ]
      },
      "properties": {
        "description": "<b><u>Address:</u></b> 1111 N STANTON ST, EL PASO, TX 79902<br/><b><u>Type:</u></b> Private<br/><b><u>Enrollment:</u></b> 133",
        "styleUrl": "#Open"
      }
    },
    {
      "type": "Feature",
      "geometry": {
        "type": "Point",
        "coordinates": [
          -97.218939,
          32.824265
        ]
      },
      "properties": {
        "description": "<b><u>Address:</u></b> 7421 GLENVIEW DR, NORTH RICHLAND HILLS, TX 76180<br/><b><u>Type:</u></b> Private<br/><b><u>Enrollment:</u></b> 141",
        "styleUrl": "#Open"
      }
    },
    {
      "type": "Feature",
      "geometry": {
        "type": "Point",
        "coordinates": [
          -95.494394,
          29.668897
        ]
      },
      "properties": {
        "description": "<b><u>Address:</u></b> 5927 WIGTON DR, HOUSTON, TX 77096<br/><b><u>Type:</u></b> Private<br/><b><u>Enrollment:</u></b> 275",
        "styleUrl": "#Open"
      }
    },
    {
      "type": "Feature",
      "geometry": {
        "type": "Point",
        "coordinates": [
          -99.788396,
          29.213535
        ]
      },
      "properties": {
        "description": "<b><u>Address:</u></b> 343 N GETTY ST, UVALDE, TX 78801<br/><b><u>Type:</u></b> Private<br/><b><u>Enrollment:</u></b> 29",
        "styleUrl": "#Open"
      }
    },
    {
      "type": "Feature",
      "geometry": {
        "type": "Point",
        "coordinates": [
          -98.48006,
          29.485612
        ]
      },
      "properties": {
        "description": "<b><u>Address:</u></b> 15 SAINT LUKES LN, SAN ANTONIO, TX 78209<br/><b><u>Type:</u></b> Private<br/><b><u>Enrollment:</u></b> 213",
        "styleUrl": "#Open"
      }
    },
    {
      "type": "Feature",
      "geometry": {
        "type": "Point",
        "coordinates": [
          -96.836536,
          32.900599
        ]
      },
      "properties": {
        "description": "<b><u>Address:</u></b> 11110 MIDWAY RD, DALLAS, TX 75229<br/><b><u>Type:</u></b> Private<br/><b><u>Enrollment:</u></b> 512",
        "styleUrl": "#Open"
      }
    },
    {
      "type": "Feature",
      "geometry": {
        "type": "Point",
        "coordinates": [
          -98.513451,
          33.85303
        ]
      },
      "properties": {
        "description": "<b><u>Address:</u></b> 5105 STONE LAKE DR, WICHITA FALLS, TX 76310<br/><b><u>Type:</u></b> Private<br/><b><u>Enrollment:</u></b> 178",
        "styleUrl": "#Open"
      }
    },
    {
      "type": "Feature",
      "geometry": {
        "type": "Point",
        "coordinates": [
          -98.616484,
          29.366938
        ]
      },
      "properties": {
        "description": "<b><u>Address:</u></b> 6623 FIVE PALMS DR, SAN ANTONIO, TX 78242<br/><b><u>Type:</u></b> Private<br/><b><u>Enrollment:</u></b> 55",
        "styleUrl": "#Open"
      }
    },
    {
      "type": "Feature",
      "geometry": {
        "type": "Point",
        "coordinates": [
          -97.006821,
          28.808345
        ]
      },
      "properties": {
        "description": "<b><u>Address:</u></b> 1504 N MOODY ST, VICTORIA, TX 77901<br/><b><u>Type:</u></b> Private<br/><b><u>Enrollment:</u></b> 239",
        "styleUrl": "#Open"
      }
    },
    {
      "type": "Feature",
      "geometry": {
        "type": "Point",
        "coordinates": [
          -96.791934,
          32.81211
        ]
      },
      "properties": {
        "description": "<b><u>Address:</u></b> 4025 N CENTRAL EXPY, DALLAS, TX 75204<br/><b><u>Type:</u></b> Private<br/><b><u>Enrollment:</u></b> 100",
        "styleUrl": "#Open"
      }
    },
    {
      "type": "Feature",
      "geometry": {
        "type": "Point",
        "coordinates": [
          -98.385231,
          29.6047
        ]
      },
      "properties": {
        "description": "<b><u>Address:</u></b> 5415 N LOOP 1604 E, SAN ANTONIO, TX 78247<br/><b><u>Type:</u></b> Private<br/><b><u>Enrollment:</u></b> 121",
        "styleUrl": "#Open"
      }
    },
    {
      "type": "Feature",
      "geometry": {
        "type": "Point",
        "coordinates": [
          -95.480321,
          29.73882
        ]
      },
      "properties": {
        "description": "<b><u>Address:</u></b> 5800 WESTHEIMER RD, HOUSTON, TX 77057<br/><b><u>Type:</u></b> Private<br/><b><u>Enrollment:</u></b> 129",
        "styleUrl": "#Open"
      }
    },
    {
      "type": "Feature",
      "geometry": {
        "type": "Point",
        "coordinates": [
          -106.292641,
          31.72484
        ]
      },
      "properties": {
        "description": "<b><u>Address:</u></b> 1335 HENRY BRENNAN DR, EL PASO, TX 79936<br/><b><u>Type:</u></b> Private<br/><b><u>Enrollment:</u></b> 16",
        "styleUrl": "#Open"
      }
    },
    {
      "type": "Feature",
      "geometry": {
        "type": "Point",
        "coordinates": [
          -97.719806,
          30.304085
        ]
      },
      "properties": {
        "description": "<b><u>Address:</u></b> 4407 RED RIVER ST, AUSTIN, TX 78751<br/><b><u>Type:</u></b> Private<br/><b><u>Enrollment:</u></b> 56",
        "styleUrl": "#Open"
      }
    },
    {
      "type": "Feature",
      "geometry": {
        "type": "Point",
        "coordinates": [
          -96.684691,
          32.93937
        ]
      },
      "properties": {
        "description": "<b><u>Address:</u></b> 600 S JUPITER RD, RICHARDSON, TX 75081<br/><b><u>Type:</u></b> Private<br/><b><u>Enrollment:</u></b> 249",
        "styleUrl": "#Open"
      }
    },
    {
      "type": "Feature",
      "geometry": {
        "type": "Point",
        "coordinates": [
          -95.523651,
          30.23025
        ]
      },
      "properties": {
        "description": "<b><u>Address:</u></b> 14211 HORSESHOE BND, THE WOODLANDS, TX 77384<br/><b><u>Type:</u></b> Private<br/><b><u>Enrollment:</u></b> 16",
        "styleUrl": "#Open"
      }
    },
    {
      "type": "Feature",
      "geometry": {
        "type": "Point",
        "coordinates": [
          -101.946241,
          35.15754
        ]
      },
      "properties": {
        "description": "<b><u>Address:</u></b> 9301 ASCENSION PKWY, AMARILLO, TX 79159<br/><b><u>Type:</u></b> Private<br/><b><u>Enrollment:</u></b> 171",
        "styleUrl": "#Open"
      }
    },
    {
      "type": "Feature",
      "geometry": {
        "type": "Point",
        "coordinates": [
          -95.682781,
          29.57484
        ]
      },
      "properties": {
        "description": "<b><u>Address:</u></b> 5630 W RIVER PARK DR, SUGAR LAND, TX 77479<br/><b><u>Type:</u></b> Private<br/><b><u>Enrollment:</u></b> 2",
        "styleUrl": "#Open"
      }
    },
    {
      "type": "Feature",
      "geometry": {
        "type": "Point",
        "coordinates": [
          -97.264221,
          32.87584
        ]
      },
      "properties": {
        "description": "<b><u>Address:</u></b> 7451 PARKWOOD HILL BLVD, FORT WORTH, TX 76137<br/><b><u>Type:</u></b> Private<br/><b><u>Enrollment:</u></b> 2",
        "styleUrl": "#Open"
      }
    },
    {
      "type": "Feature",
      "geometry": {
        "type": "Point",
        "coordinates": [
          -101.854501,
          35.14829
        ]
      },
      "properties": {
        "description": "<b><u>Address:</u></b> 1601 SW 58TH AVE, AMARILLO, TX 79110<br/><b><u>Type:</u></b> Private<br/><b><u>Enrollment:</u></b> 9",
        "styleUrl": "#Open"
      }
    },
    {
      "type": "Feature",
      "geometry": {
        "type": "Point",
        "coordinates": [
          -95.347067,
          29.550242
        ]
      },
      "properties": {
        "description": "<b><u>Address:</u></b> 2505 COUNTY ROAD 89, PEARLAND, TX 77584<br/><b><u>Type:</u></b> Private<br/><b><u>Enrollment:</u></b> 47",
        "styleUrl": "#Open"
      }
    },
    {
      "type": "Feature",
      "geometry": {
        "type": "Point",
        "coordinates": [
          -96.888831,
          32.94163
        ]
      },
      "properties": {
        "description": "<b><u>Address:</u></b> 2713 COOKSCREEK PL, FARMERS BRANCH, TX 75234<br/><b><u>Type:</u></b> Private<br/><b><u>Enrollment:</u></b> 5",
        "styleUrl": "#Open"
      }
    },
    {
      "type": "Feature",
      "geometry": {
        "type": "Point",
        "coordinates": [
          -97.794781,
          32.76811
        ]
      },
      "properties": {
        "description": "<b><u>Address:</u></b> 802 N ELM ST, WEATHERFORD, TX 76086<br/><b><u>Type:</u></b> Private<br/><b><u>Enrollment:</u></b> 14",
        "styleUrl": "#Open"
      }
    },
    {
      "type": "Feature",
      "geometry": {
        "type": "Point",
        "coordinates": [
          -106.548181,
          31.84088
        ]
      },
      "properties": {
        "description": "<b><u>Address:</u></b> 244 N RESLER DR, EL PASO, TX 79912<br/><b><u>Type:</u></b> Private<br/><b><u>Enrollment:</u></b> 13",
        "styleUrl": "#Open"
      }
    },
    {
      "type": "Feature",
      "geometry": {
        "type": "Point",
        "coordinates": [
          -96.749161,
          32.82286
        ]
      },
      "properties": {
        "description": "<b><u>Address:</u></b> 2720 HILLSIDE DR, DALLAS, TX 75214<br/><b><u>Type:</u></b> Private<br/><b><u>Enrollment:</u></b> 369",
        "styleUrl": "#Open"
      }
    },
    {
      "type": "Feature",
      "geometry": {
        "type": "Point",
        "coordinates": [
          -94.403963,
          32.80625
        ]
      },
      "properties": {
        "description": "<b><u>Address:</u></b> 2997 FM 728, JEFFERSON, TX 75657<br/><b><u>Type:</u></b> Private<br/><b><u>Enrollment:</u></b> 22",
        "styleUrl": "#Open"
      }
    },
    {
      "type": "Feature",
      "geometry": {
        "type": "Point",
        "coordinates": [
          -96.767503,
          32.958685
        ]
      },
      "properties": {
        "description": "<b><u>Address:</u></b> 620 N COIT RD STE 2176, RICHARDSON, TX 75080<br/><b><u>Type:</u></b> Private<br/><b><u>Enrollment:</u></b> 17",
        "styleUrl": "#Open"
      }
    },
    {
      "type": "Feature",
      "geometry": {
        "type": "Point",
        "coordinates": [
          -96.364941,
          30.67309
        ]
      },
      "properties": {
        "description": "<b><u>Address:</u></b> 901 E WM J BRYAN PKWY, BRYAN, TX 77803<br/><b><u>Type:</u></b> Private<br/><b><u>Enrollment:</u></b> 149",
        "styleUrl": "#Open"
      }
    },
    {
      "type": "Feature",
      "geometry": {
        "type": "Point",
        "coordinates": [
          -95.46421,
          29.739207
        ]
      },
      "properties": {
        "description": "<b><u>Address:</u></b> 5065 WESTHEIMER RD STE 840, HOUSTON, TX 77056<br/><b><u>Type:</u></b> Private<br/><b><u>Enrollment:</u></b> 47",
        "styleUrl": "#Open"
      }
    },
    {
      "type": "Feature",
      "geometry": {
        "type": "Point",
        "coordinates": [
          -96.791238,
          32.819848
        ]
      },
      "properties": {
        "description": "<b><u>Address:</u></b> 4333 COLE AVE, DALLAS, TX 75205<br/><b><u>Type:</u></b> Private<br/><b><u>Enrollment:</u></b> 48",
        "styleUrl": "#Open"
      }
    },
    {
      "type": "Feature",
      "geometry": {
        "type": "Point",
        "coordinates": [
          -95.53031,
          30.038994
        ]
      },
      "properties": {
        "description": "<b><u>Address:</u></b> 18100 STUEBNER AIRLINE RD, SPRING, TX 77379<br/><b><u>Type:</u></b> Private<br/><b><u>Enrollment:</u></b> 357",
        "styleUrl": "#Open"
      }
    },
    {
      "type": "Feature",
      "geometry": {
        "type": "Point",
        "coordinates": [
          -95.524025,
          29.754489
        ]
      },
      "properties": {
        "description": "<b><u>Address:</u></b> 245 BLALOCK, HOUSTON, TX 77024<br/><b><u>Type:</u></b> Private<br/><b><u>Enrollment:</u></b> 64",
        "styleUrl": "#Open"
      }
    },
    {
      "type": "Feature",
      "geometry": {
        "type": "Point",
        "coordinates": [
          -97.71118,
          30.295956
        ]
      },
      "properties": {
        "description": "<b><u>Address:</u></b> 1507 WILSHIRE BLVD, AUSTIN, TX 78722<br/><b><u>Type:</u></b> Private<br/><b><u>Enrollment:</u></b> 20",
        "styleUrl": "#Open"
      }
    },
    {
      "type": "Feature",
      "geometry": {
        "type": "Point",
        "coordinates": [
          -102.63879,
          32.70275
        ]
      },
      "properties": {
        "description": "<b><u>Address:</u></b> 1500 SE 5TH ST, SEMINOLE, TX 79360<br/><b><u>Type:</u></b> Private<br/><b><u>Enrollment:</u></b> 296",
        "styleUrl": "#Open"
      }
    },
    {
      "type": "Feature",
      "geometry": {
        "type": "Point",
        "coordinates": [
          -95.566671,
          29.81541
        ]
      },
      "properties": {
        "description": "<b><u>Address:</u></b> 1900 KERSTEN DR, HOUSTON, TX 77043<br/><b><u>Type:</u></b> Private<br/><b><u>Enrollment:</u></b> 127",
        "styleUrl": "#Open"
      }
    },
    {
      "type": "Feature",
      "geometry": {
        "type": "Point",
        "coordinates": [
          -95.631571,
          29.87277
        ]
      },
      "properties": {
        "description": "<b><u>Address:</u></b> 6646 ADDICKS SATSUMA RD, HOUSTON, TX 77084<br/><b><u>Type:</u></b> Private<br/><b><u>Enrollment:</u></b> 155",
        "styleUrl": "#Open"
      }
    },
    {
      "type": "Feature",
      "geometry": {
        "type": "Point",
        "coordinates": [
          -97.220487,
          32.857358
        ]
      },
      "properties": {
        "description": "<b><u>Address:</u></b> 6200 HOLIDAY LN, NORTH RICHLAND HILLS, TX 76180<br/><b><u>Type:</u></b> Private<br/><b><u>Enrollment:</u></b> 543",
        "styleUrl": "#Open"
      }
    },
    {
      "type": "Feature",
      "geometry": {
        "type": "Point",
        "coordinates": [
          -96.863161,
          33.15454
        ]
      },
      "properties": {
        "description": "<b><u>Address:</u></b> 9166 TEEL PKWY, FRISCO, TX 75033<br/><b><u>Type:</u></b> Private<br/><b><u>Enrollment:</u></b> 14",
        "styleUrl": "#Open"
      }
    },
    {
      "type": "Feature",
      "geometry": {
        "type": "Point",
        "coordinates": [
          -97.105581,
          32.93645
        ]
      },
      "properties": {
        "description": "<b><u>Address:</u></b> 280 COMMERCE ST, SOUTHLAKE, TX 76092<br/><b><u>Type:</u></b> Private<br/><b><u>Enrollment:</u></b> 17",
        "styleUrl": "#Open"
      }
    },
    {
      "type": "Feature",
      "geometry": {
        "type": "Point",
        "coordinates": [
          -102.038002,
          32.049089
        ]
      },
      "properties": {
        "description": "<b><u>Address:</u></b> 4014 N COUNTY ROAD 1160, MIDLAND, TX 79705<br/><b><u>Type:</u></b> Private<br/><b><u>Enrollment:</u></b> 43",
        "styleUrl": "#Open"
      }
    },
    {
      "type": "Feature",
      "geometry": {
        "type": "Point",
        "coordinates": [
          -106.434713,
          31.787988
        ]
      },
      "properties": {
        "description": "<b><u>Address:</u></b> 1300 HARDAWAY ST, EL PASO, TX 79903<br/><b><u>Type:</u></b> Private<br/><b><u>Enrollment:</u></b> 556",
        "styleUrl": "#Open"
      }
    },
    {
      "type": "Feature",
      "geometry": {
        "type": "Point",
        "coordinates": [
          -97.381127,
          31.084655
        ]
      },
      "properties": {
        "description": "<b><u>Address:</u></b> 2027 S 61ST ST STE 106, TEMPLE, TX 76504<br/><b><u>Type:</u></b> Private<br/><b><u>Enrollment:</u></b> 17",
        "styleUrl": "#Open"
      }
    },
    {
      "type": "Feature",
      "geometry": {
        "type": "Point",
        "coordinates": [
          -97.744703,
          30.274596
        ]
      },
      "properties": {
        "description": "<b><u>Address:</u></b> 1110 GUADALUPE ST, AUSTIN, TX 78701<br/><b><u>Type:</u></b> Private<br/><b><u>Enrollment:</u></b> 21",
        "styleUrl": "#Open"
      }
    },
    {
      "type": "Feature",
      "geometry": {
        "type": "Point",
        "coordinates": [
          -95.429835,
          29.162853
        ]
      },
      "properties": {
        "description": "<b><u>Address:</u></b> 227 S CHENANGO ST, ANGLETON, TX 77515<br/><b><u>Type:</u></b> Private<br/><b><u>Enrollment:</u></b> 9",
        "styleUrl": "#Open"
      }
    },
    {
      "type": "Feature",
      "geometry": {
        "type": "Point",
        "coordinates": [
          -95.472959,
          30.190023
        ]
      },
      "properties": {
        "description": "<b><u>Address:</u></b> 3305 RED BIRD LN, CONROE, TX 77384<br/><b><u>Type:</u></b> Private<br/><b><u>Enrollment:</u></b> 35",
        "styleUrl": "#Open"
      }
    },
    {
      "type": "Feature",
      "geometry": {
        "type": "Point",
        "coordinates": [
          -95.581508,
          29.601909
        ]
      },
      "properties": {
        "description": "<b><u>Address:</u></b> 1717 DULLES AVE, MISSOURI CITY, TX 77459<br/><b><u>Type:</u></b> Private<br/><b><u>Enrollment:</u></b> 5",
        "styleUrl": "#Open"
      }
    },
    {
      "type": "Feature",
      "geometry": {
        "type": "Point",
        "coordinates": [
          -97.01424,
          32.838651
        ]
      },
      "properties": {
        "description": "<b><u>Address:</u></b> 4441 W AIRPORT FWY STE 100, IRVING, TX 75062<br/><b><u>Type:</u></b> Private<br/><b><u>Enrollment:</u></b> 73",
        "styleUrl": "#Open"
      }
    },
    {
      "type": "Feature",
      "geometry": {
        "type": "Point",
        "coordinates": [
          -95.507205,
          29.715221
        ]
      },
      "properties": {
        "description": "<b><u>Address:</u></b> 7177 REGENCY SQ BLVD, HOUSTON, TX 77036<br/><b><u>Type:</u></b> Private<br/><b><u>Enrollment:</u></b> 322",
        "styleUrl": "#Open"
      }
    },
    {
      "type": "Feature",
      "geometry": {
        "type": "Point",
        "coordinates": [
          -95.507298,
          30.196503
        ]
      },
      "properties": {
        "description": "<b><u>Address:</u></b> 6363 RESEARCH FOREST DR, THE WOODLANDS, TX 77381<br/><b><u>Type:</u></b> Private<br/><b><u>Enrollment:</u></b> 16",
        "styleUrl": "#Open"
      }
    },
    {
      "type": "Feature",
      "geometry": {
        "type": "Point",
        "coordinates": [
          -96.882371,
          32.53078
        ]
      },
      "properties": {
        "description": "<b><u>Address:</u></b> 3251 OVILLA RD, OVILLA, TX 75154<br/><b><u>Type:</u></b> Private<br/><b><u>Enrollment:</u></b> 308",
        "styleUrl": "#Open"
      }
    },
    {
      "type": "Feature",
      "geometry": {
        "type": "Point",
        "coordinates": [
          -96.456159,
          32.91485
        ]
      },
      "properties": {
        "description": "<b><u>Address:</u></b> 1408 S GOLIAD ST, ROCKWALL, TX 75087<br/><b><u>Type:</u></b> Private<br/><b><u>Enrollment:</u></b> 335",
        "styleUrl": "#Open"
      }
    },
    {
      "type": "Feature",
      "geometry": {
        "type": "Point",
        "coordinates": [
          -98.96876,
          31.728433
        ]
      },
      "properties": {
        "description": "<b><u>Address:</u></b> 901 CC WOODSON, BROWNWOOD, TX 76801<br/><b><u>Type:</u></b> Private<br/><b><u>Enrollment:</u></b> 33",
        "styleUrl": "#Open"
      }
    },
    {
      "type": "Feature",
      "geometry": {
        "type": "Point",
        "coordinates": [
          -102.120546,
          31.999822
        ]
      },
      "properties": {
        "description": "<b><u>Address:</u></b> 1011 AUSTIN ST, MIDLAND, TX 79703<br/><b><u>Type:</u></b> Private<br/><b><u>Enrollment:</u></b> 100",
        "styleUrl": "#Open"
      }
    },
    {
      "type": "Feature",
      "geometry": {
        "type": "Point",
        "coordinates": [
          -96.814141,
          32.8545
        ]
      },
      "properties": {
        "description": "<b><u>Address:</u></b> 8200 DEVONSHIRE DR, DALLAS, TX 75209<br/><b><u>Type:</u></b> Private<br/><b><u>Enrollment:</u></b> 15",
        "styleUrl": "#Open"
      }
    },
    {
      "type": "Feature",
      "geometry": {
        "type": "Point",
        "coordinates": [
          -97.297304,
          32.77523
        ]
      },
      "properties": {
        "description": "<b><u>Address:</u></b> 824 HUDGINS AVE, FORT WORTH, TX 76111<br/><b><u>Type:</u></b> Private<br/><b><u>Enrollment:</u></b> 91",
        "styleUrl": "#Open"
      }
    },
    {
      "type": "Feature",
      "geometry": {
        "type": "Point",
        "coordinates": [
          -95.342611,
          32.32132
        ]
      },
      "properties": {
        "description": "<b><u>Address:</u></b> 2695 S SW LOOP 323, TYLER, TX 75701<br/><b><u>Type:</u></b> Private<br/><b><u>Enrollment:</u></b> 616",
        "styleUrl": "#Open"
      }
    },
    {
      "type": "Feature",
      "geometry": {
        "type": "Point",
        "coordinates": [
          -98.480406,
          29.427858
        ]
      },
      "properties": {
        "description": "<b><u>Address:</u></b> 618 LIVE OAK ST, SAN ANTONIO, TX 78202<br/><b><u>Type:</u></b> Private<br/><b><u>Enrollment:</u></b> 128",
        "styleUrl": "#Open"
      }
    },
    {
      "type": "Feature",
      "geometry": {
        "type": "Point",
        "coordinates": [
          -98.533031,
          29.60617
        ]
      },
      "properties": {
        "description": "<b><u>Address:</u></b> 17722 ROGERS RANCH PKWY, SAN ANTONIO, TX 78258<br/><b><u>Type:</u></b> Private<br/><b><u>Enrollment:</u></b> 246",
        "styleUrl": "#Open"
      }
    },
    {
      "type": "Feature",
      "geometry": {
        "type": "Point",
        "coordinates": [
          -98.374231,
          29.3969
        ]
      },
      "properties": {
        "description": "<b><u>Address:</u></b> 5866 US HIGHWAY 87 E, SAN ANTONIO, TX 78222<br/><b><u>Type:</u></b> Private<br/><b><u>Enrollment:</u></b> 83",
        "styleUrl": "#Open"
      }
    },
    {
      "type": "Feature",
      "geometry": {
        "type": "Point",
        "coordinates": [
          -95.201151,
          30.05495
        ]
      },
      "properties": {
        "description": "<b><u>Address:</u></b> 3535 CEDAR KNOLLS DR, KINGWOOD, TX 77339<br/><b><u>Type:</u></b> Private<br/><b><u>Enrollment:</u></b> 106",
        "styleUrl": "#Open"
      }
    },
    {
      "type": "Feature",
      "geometry": {
        "type": "Point",
        "coordinates": [
          -97.498981,
          32.74376
        ]
      },
      "properties": {
        "description": "<b><u>Address:</u></b> 1701 WIND STAR WAY, FORT WORTH, TX 76108<br/><b><u>Type:</u></b> Private<br/><b><u>Enrollment:</u></b> 451",
        "styleUrl": "#Open"
      }
    },
    {
      "type": "Feature",
      "geometry": {
        "type": "Point",
        "coordinates": [
          -97.808931,
          30.28077
        ]
      },
      "properties": {
        "description": "<b><u>Address:</u></b> 3901 BEE CAVE RD, WEST LAKE HILLS, TX 78746<br/><b><u>Type:</u></b> Private<br/><b><u>Enrollment:</u></b> 560",
        "styleUrl": "#Open"
      }
    },
    {
      "type": "Feature",
      "geometry": {
        "type": "Point",
        "coordinates": [
          -97.738931,
          30.33415
        ]
      },
      "properties": {
        "description": "<b><u>Address:</u></b> 2011 W KOENIG LN, AUSTIN, TX 78756<br/><b><u>Type:</u></b> Private<br/><b><u>Enrollment:</u></b> 43",
        "styleUrl": "#Open"
      }
    },
    {
      "type": "Feature",
      "geometry": {
        "type": "Point",
        "coordinates": [
          -98.270351,
          30.59408
        ]
      },
      "properties": {
        "description": "<b><u>Address:</u></b> 2400 COMMERCE ST, MARBLE FALLS, TX 78654<br/><b><u>Type:</u></b> Private<br/><b><u>Enrollment:</u></b> 3",
        "styleUrl": "#Open"
      }
    },
    {
      "type": "Feature",
      "geometry": {
        "type": "Point",
        "coordinates": [
          -97.673901,
          30.54756
        ]
      },
      "properties": {
        "description": "<b><u>Address:</u></b> 4 APPLEGATE CIR, ROUND ROCK, TX 78665<br/><b><u>Type:</u></b> Private<br/><b><u>Enrollment:</u></b> 12",
        "styleUrl": "#Open"
      }
    },
    {
      "type": "Feature",
      "geometry": {
        "type": "Point",
        "coordinates": [
          -95.579909,
          29.584621
        ]
      },
      "properties": {
        "description": "<b><u>Address:</u></b> 2777 DULLES AVE, MISSOURI CITY, TX 77459<br/><b><u>Type:</u></b> Private<br/><b><u>Enrollment:</u></b> 151",
        "styleUrl": "#Open"
      }
    },
    {
      "type": "Feature",
      "geometry": {
        "type": "Point",
        "coordinates": [
          -96.692021,
          33.19813
        ]
      },
      "properties": {
        "description": "<b><u>Address:</u></b> 5651 VIRGINIA PKWY, MCKINNEY, TX 75071<br/><b><u>Type:</u></b> Private<br/><b><u>Enrollment:</u></b> 17",
        "styleUrl": "#Open"
      }
    },
    {
      "type": "Feature",
      "geometry": {
        "type": "Point",
        "coordinates": [
          -98.592854,
          29.535178
        ]
      },
      "properties": {
        "description": "<b><u>Address:</u></b> 5409 ENCINO PARK RD, SAN ANTONIO, TX 78240<br/><b><u>Type:</u></b> Private<br/><b><u>Enrollment:</u></b> 6",
        "styleUrl": "#Open"
      }
    },
    {
      "type": "Feature",
      "geometry": {
        "type": "Point",
        "coordinates": [
          -97.873581,
          30.29124
        ]
      },
      "properties": {
        "description": "<b><u>Address:</u></b> 2500 WIMBERLY LN, AUSTIN, TX 78735<br/><b><u>Type:</u></b> Private<br/><b><u>Enrollment:</u></b> 433",
        "styleUrl": "#Open"
      }
    },
    {
      "type": "Feature",
      "geometry": {
        "type": "Point",
        "coordinates": [
          -97.232601,
          32.86101
        ]
      },
      "properties": {
        "description": "<b><u>Address:</u></b> 7025 MID CITIES BLVD, FORT WORTH, TX 76182<br/><b><u>Type:</u></b> Private<br/><b><u>Enrollment:</u></b> 18",
        "styleUrl": "#Open"
      }
    },
    {
      "type": "Feature",
      "geometry": {
        "type": "Point",
        "coordinates": [
          -95.480441,
          29.746927
        ]
      },
      "properties": {
        "description": "<b><u>Address:</u></b> 1900 BERING DR, HOUSTON, TX 77057<br/><b><u>Type:</u></b> Private<br/><b><u>Enrollment:</u></b> 7",
        "styleUrl": "#Open"
      }
    },
    {
      "type": "Feature",
      "geometry": {
        "type": "Point",
        "coordinates": [
          -95.473732,
          30.137334
        ]
      },
      "properties": {
        "description": "<b><u>Address:</u></b> 2310 GOLDEN RD, SPRING, TX 77380<br/><b><u>Type:</u></b> Private<br/><b><u>Enrollment:</u></b> 47",
        "styleUrl": "#Open"
      }
    },
    {
      "type": "Feature",
      "geometry": {
        "type": "Point",
        "coordinates": [
          -95.456811,
          29.66789
        ]
      },
      "properties": {
        "description": "<b><u>Address:</u></b> 4711 MCDERMED DR, HOUSTON, TX 77035<br/><b><u>Type:</u></b> Private<br/><b><u>Enrollment:</u></b> 270",
        "styleUrl": "#Open"
      }
    },
    {
      "type": "Feature",
      "geometry": {
        "type": "Point",
        "coordinates": [
          -95.476222,
          29.795577
        ]
      },
      "properties": {
        "description": "<b><u>Address:</u></b> 7330 WESTVIEW DR, HOUSTON, TX 77055<br/><b><u>Type:</u></b> Private<br/><b><u>Enrollment:</u></b> 222",
        "styleUrl": "#Open"
      }
    },
    {
      "type": "Feature",
      "geometry": {
        "type": "Point",
        "coordinates": [
          -95.4353,
          29.9781
        ]
      },
      "properties": {
        "description": "<b><u>Address:</u></b> 13331 KUYKENDAHL RD # 101, HOUSTON, TX 77090<br/><b><u>Type:</u></b> Private<br/><b><u>Enrollment:</u></b> 9",
        "styleUrl": "#Open"
      }
    },
    {
      "type": "Feature",
      "geometry": {
        "type": "Point",
        "coordinates": [
          -96.258261,
          29.95154
        ]
      },
      "properties": {
        "description": "<b><u>Address:</u></b> 24 N MASONIC ST, BELLVILLE, TX 77418<br/><b><u>Type:</u></b> Private<br/><b><u>Enrollment:</u></b> 12",
        "styleUrl": "#Open"
      }
    },
    {
      "type": "Feature",
      "geometry": {
        "type": "Point",
        "coordinates": [
          -98.438481,
          29.48118
        ]
      },
      "properties": {
        "description": "<b><u>Address:</u></b> 1300 WILTSHIRE AVE, SAN ANTONIO, TX 78209<br/><b><u>Type:</u></b> Private<br/><b><u>Enrollment:</u></b> 7",
        "styleUrl": "#Open"
      }
    },
    {
      "type": "Feature",
      "geometry": {
        "type": "Point",
        "coordinates": [
          -98.52485,
          29.533859
        ]
      },
      "properties": {
        "description": "<b><u>Address:</u></b> 2216 NW MILITARY HWY, SAN ANTONIO, TX 78213<br/><b><u>Type:</u></b> Private<br/><b><u>Enrollment:</u></b> 525",
        "styleUrl": "#Open"
      }
    },
    {
      "type": "Feature",
      "geometry": {
        "type": "Point",
        "coordinates": [
          -95.387446,
          29.871768
        ]
      },
      "properties": {
        "description": "<b><u>Address:</u></b> 801 ROSELANE ST, HOUSTON, TX 77037<br/><b><u>Type:</u></b> Private<br/><b><u>Enrollment:</u></b> 218",
        "styleUrl": "#Open"
      }
    },
    {
      "type": "Feature",
      "geometry": {
        "type": "Point",
        "coordinates": [
          -99.791841,
          32.42966
        ]
      },
      "properties": {
        "description": "<b><u>Address:</u></b> 1600 SHERMAN DR, ABILENE, TX 79605<br/><b><u>Type:</u></b> Private<br/><b><u>Enrollment:</u></b> 94",
        "styleUrl": "#Open"
      }
    },
    {
      "type": "Feature",
      "geometry": {
        "type": "Point",
        "coordinates": [
          -106.437851,
          31.794917
        ]
      },
      "properties": {
        "description": "<b><u>Address:</u></b> 2001 RADFORD ST, EL PASO, TX 79903<br/><b><u>Type:</u></b> Private<br/><b><u>Enrollment:</u></b> 216",
        "styleUrl": "#Open"
      }
    },
    {
      "type": "Feature",
      "geometry": {
        "type": "Point",
        "coordinates": [
          -95.765688,
          29.575878
        ]
      },
      "properties": {
        "description": "<b><u>Address:</u></b> 1201 AUSTIN ST, RICHMOND, TX 77469<br/><b><u>Type:</u></b> Private<br/><b><u>Enrollment:</u></b> 162",
        "styleUrl": "#Open"
      }
    },
    {
      "type": "Feature",
      "geometry": {
        "type": "Point",
        "coordinates": [
          -94.648377,
          31.615838
        ]
      },
      "properties": {
        "description": "<b><u>Address:</u></b> 1428 N MOUND ST, NACOGDOCHES, TX 75961<br/><b><u>Type:</u></b> Private<br/><b><u>Enrollment:</u></b> 65",
        "styleUrl": "#Open"
      }
    },
    {
      "type": "Feature",
      "geometry": {
        "type": "Point",
        "coordinates": [
          -96.804518,
          32.988474
        ]
      },
      "properties": {
        "description": "<b><u>Address:</u></b> 17301 PRESTON RD, DALLAS, TX 75252<br/><b><u>Type:</u></b> Private<br/><b><u>Enrollment:</u></b> 1023",
        "styleUrl": "#Open"
      }
    },
    {
      "type": "Feature",
      "geometry": {
        "type": "Point",
        "coordinates": [
          -93.784575,
          30.123741
        ]
      },
      "properties": {
        "description": "<b><u>Address:</u></b> 3400 MARTIN LUTHER KING JR DR, ORANGE, TX 77632<br/><b><u>Type:</u></b> Private<br/><b><u>Enrollment:</u></b> 66",
        "styleUrl": "#Open"
      }
    },
    {
      "type": "Feature",
      "geometry": {
        "type": "Point",
        "coordinates": [
          -97.700199,
          31.102089
        ]
      },
      "properties": {
        "description": "<b><u>Address:</u></b> 3621 E VETERANS MEMORIAL BLVD, KILLEEN, TX 76543<br/><b><u>Type:</u></b> Private<br/><b><u>Enrollment:</u></b> 10",
        "styleUrl": "#Open"
      }
    },
    {
      "type": "Feature",
      "geometry": {
        "type": "Point",
        "coordinates": [
          -97.118581,
          32.72203
        ]
      },
      "properties": {
        "description": "<b><u>Address:</u></b> 915 W PARK ROW DR, ARLINGTON, TX 76013<br/><b><u>Type:</u></b> Private<br/><b><u>Enrollment:</u></b> 82",
        "styleUrl": "#Open"
      }
    },
    {
      "type": "Feature",
      "geometry": {
        "type": "Point",
        "coordinates": [
          -96.624311,
          33.01293
        ]
      },
      "properties": {
        "description": "<b><u>Address:</u></b> 120 HERITAGE PKWY, MURPHY, TX 75094<br/><b><u>Type:</u></b> Private<br/><b><u>Enrollment:</u></b> 2",
        "styleUrl": "#Open"
      }
    },
    {
      "type": "Feature",
      "geometry": {
        "type": "Point",
        "coordinates": [
          -96.787621,
          32.93166
        ]
      },
      "properties": {
        "description": "<b><u>Address:</u></b> 13555 HILLCREST RD, DALLAS, TX 75240<br/><b><u>Type:</u></b> Private<br/><b><u>Enrollment:</u></b> 4",
        "styleUrl": "#Open"
      }
    },
    {
      "type": "Feature",
      "geometry": {
        "type": "Point",
        "coordinates": [
          -100.488241,
          31.39511
        ]
      },
      "properties": {
        "description": "<b><u>Address:</u></b> 6002 KNICKERBOCKER RD, SAN ANGELO, TX 76904<br/><b><u>Type:</u></b> Private<br/><b><u>Enrollment:</u></b> 10",
        "styleUrl": "#Open"
      }
    },
    {
      "type": "Feature",
      "geometry": {
        "type": "Point",
        "coordinates": [
          -96.706401,
          33.09966
        ]
      },
      "properties": {
        "description": "<b><u>Address:</u></b> 106 TATUM DR, ALLEN, TX 75013<br/><b><u>Type:</u></b> Private<br/><b><u>Enrollment:</u></b> 20",
        "styleUrl": "#Open"
      }
    },
    {
      "type": "Feature",
      "geometry": {
        "type": "Point",
        "coordinates": [
          -95.336301,
          32.27551
        ]
      },
      "properties": {
        "description": "<b><u>Address:</u></b> 6704 OLD JACKSONVILLE HWY, TYLER, TX 75703<br/><b><u>Type:</u></b> Private<br/><b><u>Enrollment:</u></b> 99",
        "styleUrl": "#Open"
      }
    },
    {
      "type": "Feature",
      "geometry": {
        "type": "Point",
        "coordinates": [
          -96.521549,
          32.997303
        ]
      },
      "properties": {
        "description": "<b><u>Address:</u></b> 345 E FM 544, WYLIE, TX 75098<br/><b><u>Type:</u></b> Private<br/><b><u>Enrollment:</u></b> 42",
        "styleUrl": "#Open"
      }
    },
    {
      "type": "Feature",
      "geometry": {
        "type": "Point",
        "coordinates": [
          -96.721901,
          33.00774
        ]
      },
      "properties": {
        "description": "<b><u>Address:</u></b> 1717 W PLANO PKWY, PLANO, TX 75075<br/><b><u>Type:</u></b> Private<br/><b><u>Enrollment:</u></b> 35",
        "styleUrl": "#Open"
      }
    },
    {
      "type": "Feature",
      "geometry": {
        "type": "Point",
        "coordinates": [
          -98.495311,
          29.55691
        ]
      },
      "properties": {
        "description": "<b><u>Address:</u></b> 231 E N LOOP RD, SAN ANTONIO, TX 78216<br/><b><u>Type:</u></b> Private<br/><b><u>Enrollment:</u></b> 23",
        "styleUrl": "#Open"
      }
    },
    {
      "type": "Feature",
      "geometry": {
        "type": "Point",
        "coordinates": [
          -106.563643,
          31.859603
        ]
      },
      "properties": {
        "description": "<b><u>Address:</u></b> 600 E REDD RD, EL PASO, TX 79912<br/><b><u>Type:</u></b> Private<br/><b><u>Enrollment:</u></b> 59",
        "styleUrl": "#Open"
      }
    },
    {
      "type": "Feature",
      "geometry": {
        "type": "Point",
        "coordinates": [
          -96.642201,
          33.00277
        ]
      },
      "properties": {
        "description": "<b><u>Address:</u></b> 4301 E RENNER RD, RICHARDSON, TX 75082<br/><b><u>Type:</u></b> Private<br/><b><u>Enrollment:</u></b> 26",
        "styleUrl": "#Open"
      }
    },
    {
      "type": "Feature",
      "geometry": {
        "type": "Point",
        "coordinates": [
          -96.859881,
          33.11541
        ]
      },
      "properties": {
        "description": "<b><u>Address:</u></b> 3443 LEBANON RD, FRISCO, TX 75034<br/><b><u>Type:</u></b> Private<br/><b><u>Enrollment:</u></b> 116",
        "styleUrl": "#Open"
      }
    },
    {
      "type": "Feature",
      "geometry": {
        "type": "Point",
        "coordinates": [
          -95.180289,
          29.593187
        ]
      },
      "properties": {
        "description": "<b><u>Address:</u></b> 730 FM 1959 RD, HOUSTON, TX 77034<br/><b><u>Type:</u></b> Private<br/><b><u>Enrollment:</u></b> 60",
        "styleUrl": "#Open"
      }
    },
    {
      "type": "Feature",
      "geometry": {
        "type": "Point",
        "coordinates": [
          -103.657125,
          30.380752
        ]
      },
      "properties": {
        "description": "<b><u>Address:</u></b> 1901 LOOP RD, ALPINE, TX 79830<br/><b><u>Type:</u></b> Private<br/><b><u>Enrollment:</u></b> 48",
        "styleUrl": "#Open"
      }
    },
    {
      "type": "Feature",
      "geometry": {
        "type": "Point",
        "coordinates": [
          -96.842736,
          33.029172
        ]
      },
      "properties": {
        "description": "<b><u>Address:</u></b> 2200 MIDWAY RD, PLANO, TX 75093<br/><b><u>Type:</u></b> Private<br/><b><u>Enrollment:</u></b> 75",
        "styleUrl": "#Open"
      }
    },
    {
      "type": "Feature",
      "geometry": {
        "type": "Point",
        "coordinates": [
          -96.456769,
          32.914295
        ]
      },
      "properties": {
        "description": "<b><u>Address:</u></b> 1408 S GOLIAD, ROCKWALL, TX 75087<br/><b><u>Type:</u></b> Private<br/><b><u>Enrollment:</u></b> 338",
        "styleUrl": "#Open"
      }
    },
    {
      "type": "Feature",
      "geometry": {
        "type": "Point",
        "coordinates": [
          -97.749766,
          30.248325
        ]
      },
      "properties": {
        "description": "<b><u>Address:</u></b> 1511 S CONGRESS AVE, AUSTIN, TX 78704<br/><b><u>Type:</u></b> Private<br/><b><u>Enrollment:</u></b> 42",
        "styleUrl": "#Open"
      }
    },
    {
      "type": "Feature",
      "geometry": {
        "type": "Point",
        "coordinates": [
          -98.171996,
          26.187255
        ]
      },
      "properties": {
        "description": "<b><u>Address:</u></b> 505 S IRONWOOD, PHARR, TX 78577<br/><b><u>Type:</u></b> Private<br/><b><u>Enrollment:</u></b> 99",
        "styleUrl": "#Open"
      }
    },
    {
      "type": "Feature",
      "geometry": {
        "type": "Point",
        "coordinates": [
          -97.141168,
          32.660299
        ]
      },
      "properties": {
        "description": "<b><u>Address:</u></b> 2015 SW GREEN OAKS BLVD, ARLINGTON, TX 76017<br/><b><u>Type:</u></b> Private<br/><b><u>Enrollment:</u></b> 285",
        "styleUrl": "#Open"
      }
    },
    {
      "type": "Feature",
      "geometry": {
        "type": "Point",
        "coordinates": [
          -94.000451,
          30.9231
        ]
      },
      "properties": {
        "description": "<b><u>Address:</u></b> 314 N MAIN ST, JASPER, TX 75951<br/><b><u>Type:</u></b> Private<br/><b><u>Enrollment:</u></b> 71",
        "styleUrl": "#Open"
      }
    },
    {
      "type": "Feature",
      "geometry": {
        "type": "Point",
        "coordinates": [
          -95.305951,
          32.2693
        ]
      },
      "properties": {
        "description": "<b><u>Address:</u></b> 7330 S BROADWAY AVE, TYLER, TX 75703<br/><b><u>Type:</u></b> Private<br/><b><u>Enrollment:</u></b> 198",
        "styleUrl": "#Open"
      }
    },
    {
      "type": "Feature",
      "geometry": {
        "type": "Point",
        "coordinates": [
          -97.691302,
          31.121848
        ]
      },
      "properties": {
        "description": "<b><u>Address:</u></b> 3412 LAKE RD, KILLEEN, TX 76543<br/><b><u>Type:</u></b> Private<br/><b><u>Enrollment:</u></b> 64",
        "styleUrl": "#Open"
      }
    },
    {
      "type": "Feature",
      "geometry": {
        "type": "Point",
        "coordinates": [
          -97.335511,
          32.72892
        ]
      },
      "properties": {
        "description": "<b><u>Address:</u></b> 1400 COLLEGE AVE, FORT WORTH, TX 76104<br/><b><u>Type:</u></b> Private<br/><b><u>Enrollment:</u></b> 35",
        "styleUrl": "#Open"
      }
    },
    {
      "type": "Feature",
      "geometry": {
        "type": "Point",
        "coordinates": [
          -95.552577,
          29.678083
        ]
      },
      "properties": {
        "description": "<b><u>Address:</u></b> 9896 BISSONNET ST STE 230, HOUSTON, TX 77036<br/><b><u>Type:</u></b> Private<br/><b><u>Enrollment:</u></b> 14",
        "styleUrl": "#Open"
      }
    },
    {
      "type": "Feature",
      "geometry": {
        "type": "Point",
        "coordinates": [
          -97.366391,
          27.67358
        ]
      },
      "properties": {
        "description": "<b><u>Address:</u></b> 6645 DOWNING ST, CORPUS CHRISTI, TX 78414<br/><b><u>Type:</u></b> Private<br/><b><u>Enrollment:</u></b> 10",
        "styleUrl": "#Open"
      }
    },
    {
      "type": "Feature",
      "geometry": {
        "type": "Point",
        "coordinates": [
          -98.448732,
          29.741846
        ]
      },
      "properties": {
        "description": "<b><u>Address:</u></b> 2500 BULVERDE RD, BULVERDE, TX 78163<br/><b><u>Type:</u></b> Private<br/><b><u>Enrollment:</u></b> 148",
        "styleUrl": "#Open"
      }
    },
    {
      "type": "Feature",
      "geometry": {
        "type": "Point",
        "coordinates": [
          -98.487014,
          29.615408
        ]
      },
      "properties": {
        "description": "<b><u>Address:</u></b> 322 E SONTERRA BLVD, SAN ANTONIO, TX 78258<br/><b><u>Type:</u></b> Private<br/><b><u>Enrollment:</u></b> 12",
        "styleUrl": "#Open"
      }
    },
    {
      "type": "Feature",
      "geometry": {
        "type": "Point",
        "coordinates": [
          -98.435427,
          29.50658
        ]
      },
      "properties": {
        "description": "<b><u>Address:</u></b> 7734 ROBIN REST DR, SAN ANTONIO, TX 78209<br/><b><u>Type:</u></b> Private<br/><b><u>Enrollment:</u></b> 177",
        "styleUrl": "#Open"
      }
    },
    {
      "type": "Feature",
      "geometry": {
        "type": "Point",
        "coordinates": [
          -96.980815,
          32.750328
        ]
      },
      "properties": {
        "description": "<b><u>Address:</u></b> 400 NE 17TH ST, GRAND PRAIRIE, TX 75050<br/><b><u>Type:</u></b> Private<br/><b><u>Enrollment:</u></b> 116",
        "styleUrl": "#Open"
      }
    },
    {
      "type": "Feature",
      "geometry": {
        "type": "Point",
        "coordinates": [
          -96.819741,
          32.9166
        ]
      },
      "properties": {
        "description": "<b><u>Address:</u></b> 12345 INWOOD RD, DALLAS, TX 75244<br/><b><u>Type:</u></b> Private<br/><b><u>Enrollment:</u></b> 1143",
        "styleUrl": "#Open"
      }
    },
    {
      "type": "Feature",
      "geometry": {
        "type": "Point",
        "coordinates": [
          -95.413819,
          29.843573
        ]
      },
      "properties": {
        "description": "<b><u>Address:</u></b> 811 W DONOVAN ST, HOUSTON, TX 77091<br/><b><u>Type:</u></b> Private<br/><b><u>Enrollment:</u></b> 534",
        "styleUrl": "#Open"
      }
    },
    {
      "type": "Feature",
      "geometry": {
        "type": "Point",
        "coordinates": [
          -95.474025,
          30.355464
        ]
      },
      "properties": {
        "description": "<b><u>Address:</u></b> 3401 N FRAZIER ST, CONROE, TX 77303<br/><b><u>Type:</u></b> Private<br/><b><u>Enrollment:</u></b> 254",
        "styleUrl": "#Open"
      }
    },
    {
      "type": "Feature",
      "geometry": {
        "type": "Point",
        "coordinates": [
          -97.428991,
          27.70885
        ]
      },
      "properties": {
        "description": "<b><u>Address:</u></b> 3114 SARATOGA BLVD, CORPUS CHRISTI, TX 78415<br/><b><u>Type:</u></b> Private<br/><b><u>Enrollment:</u></b> 169",
        "styleUrl": "#Open"
      }
    },
    {
      "type": "Feature",
      "geometry": {
        "type": "Point",
        "coordinates": [
          -97.412481,
          31.04071
        ]
      },
      "properties": {
        "description": "<b><u>Address:</u></b> 4141 W FM 93, TEMPLE, TX 76502<br/><b><u>Type:</u></b> Private<br/><b><u>Enrollment:</u></b> 355",
        "styleUrl": "#Open"
      }
    },
    {
      "type": "Feature",
      "geometry": {
        "type": "Point",
        "coordinates": [
          -97.719331,
          30.31288
        ]
      },
      "properties": {
        "description": "<b><u>Address:</u></b> 5001 EVANS AVE, AUSTIN, TX 78751<br/><b><u>Type:</u></b> Private<br/><b><u>Enrollment:</u></b> 151",
        "styleUrl": "#Open"
      }
    },
    {
      "type": "Feature",
      "geometry": {
        "type": "Point",
        "coordinates": [
          -96.247271,
          32.82341
        ]
      },
      "properties": {
        "description": "<b><u>Address:</u></b> 18688 FM 986, TERRELL, TX 75160<br/><b><u>Type:</u></b> Private<br/><b><u>Enrollment:</u></b> 236",
        "styleUrl": "#Open"
      }
    },
    {
      "type": "Feature",
      "geometry": {
        "type": "Point",
        "coordinates": [
          -95.176779,
          29.928746
        ]
      },
      "properties": {
        "description": "<b><u>Address:</u></b> 14002 W LAKE HOUSTON PKWY, HOUSTON, TX 77044<br/><b><u>Type:</u></b> Private<br/><b><u>Enrollment:</u></b> 16",
        "styleUrl": "#Open"
      }
    },
    {
      "type": "Feature",
      "geometry": {
        "type": "Point",
        "coordinates": [
          -97.167411,
          32.66971
        ]
      },
      "properties": {
        "description": "<b><u>Address:</u></b> 4620 PARK SPRINGS BLVD, ARLINGTON, TX 76017<br/><b><u>Type:</u></b> Private<br/><b><u>Enrollment:</u></b> 29",
        "styleUrl": "#Open"
      }
    },
    {
      "type": "Feature",
      "geometry": {
        "type": "Point",
        "coordinates": [
          -100.407513,
          32.473408
        ]
      },
      "properties": {
        "description": "<b><u>Address:</u></b> 400 ELM ST, SWEETWATER, TX 79556<br/><b><u>Type:</u></b> Private<br/><b><u>Enrollment:</u></b> 28",
        "styleUrl": "#Open"
      }
    },
    {
      "type": "Feature",
      "geometry": {
        "type": "Point",
        "coordinates": [
          -95.577101,
          29.58104
        ]
      },
      "properties": {
        "description": "<b><u>Address:</u></b> 2850 COLONIAL LAKES DR, MISSOURI CITY, TX 77459<br/><b><u>Type:</u></b> Private<br/><b><u>Enrollment:</u></b> 7",
        "styleUrl": "#Open"
      }
    },
    {
      "type": "Feature",
      "geometry": {
        "type": "Point",
        "coordinates": [
          -96.989371,
          32.97644
        ]
      },
      "properties": {
        "description": "<b><u>Address:</u></b> 275 E PKWY BLVD, COPPELL, TX 75019<br/><b><u>Type:</u></b> Private<br/><b><u>Enrollment:</u></b> 22",
        "styleUrl": "#Open"
      }
    },
    {
      "type": "Feature",
      "geometry": {
        "type": "Point",
        "coordinates": [
          -95.607033,
          29.653029
        ]
      },
      "properties": {
        "description": "<b><u>Address:</u></b> 12707 ALSTON RD, SUGAR LAND, TX 77478<br/><b><u>Type:</u></b> Private<br/><b><u>Enrollment:</u></b> 7",
        "styleUrl": "#Open"
      }
    },
    {
      "type": "Feature",
      "geometry": {
        "type": "Point",
        "coordinates": [
          -101.956361,
          33.52403
        ]
      },
      "properties": {
        "description": "<b><u>Address:</u></b> 7713 MILWAUKEE AVE, LUBBOCK, TX 79424<br/><b><u>Type:</u></b> Private<br/><b><u>Enrollment:</u></b> 17",
        "styleUrl": "#Open"
      }
    },
    {
      "type": "Feature",
      "geometry": {
        "type": "Point",
        "coordinates": [
          -95.547261,
          30.13975
        ]
      },
      "properties": {
        "description": "<b><u>Address:</u></b> 26025 STRAKE DR, THE WOODLANDS, TX 77389<br/><b><u>Type:</u></b> Private<br/><b><u>Enrollment:</u></b> 18",
        "styleUrl": "#Open"
      }
    },
    {
      "type": "Feature",
      "geometry": {
        "type": "Point",
        "coordinates": [
          -97.587021,
          27.84756
        ]
      },
      "properties": {
        "description": "<b><u>Address:</u></b> 11222 LEOPARD ST, CORPUS CHRISTI, TX 78410<br/><b><u>Type:</u></b> Private<br/><b><u>Enrollment:</u></b> 28",
        "styleUrl": "#Open"
      }
    },
    {
      "type": "Feature",
      "geometry": {
        "type": "Point",
        "coordinates": [
          -97.400869,
          32.957634
        ]
      },
      "properties": {
        "description": "<b><u>Address:</u></b> 12501 HWY 287, HASLET, TX 76052<br/><b><u>Type:</u></b> Private<br/><b><u>Enrollment:</u></b> 105",
        "styleUrl": "#Open"
      }
    },
    {
      "type": "Feature",
      "geometry": {
        "type": "Point",
        "coordinates": [
          -96.706841,
          32.828814
        ]
      },
      "properties": {
        "description": "<b><u>Address:</u></b> 9150 GARLAND RD, DALLAS, TX 75218<br/><b><u>Type:</u></b> Private<br/><b><u>Enrollment:</u></b> 171",
        "styleUrl": "#Open"
      }
    },
    {
      "type": "Feature",
      "geometry": {
        "type": "Point",
        "coordinates": [
          -97.848732,
          30.476944
        ]
      },
      "properties": {
        "description": "<b><u>Address:</u></b> 2121 CYPRESS CREEK RD, CEDAR PARK, TX 78613<br/><b><u>Type:</u></b> Private<br/><b><u>Enrollment:</u></b> 251",
        "styleUrl": "#Open"
      }
    },
    {
      "type": "Feature",
      "geometry": {
        "type": "Point",
        "coordinates": [
          -95.618028,
          29.74721
        ]
      },
      "properties": {
        "description": "<b><u>Address:</u></b> 13077 WESTELLA DR, HOUSTON, TX 77077<br/><b><u>Type:</u></b> Private<br/><b><u>Enrollment:</u></b> 380",
        "styleUrl": "#Open"
      }
    },
    {
      "type": "Feature",
      "geometry": {
        "type": "Point",
        "coordinates": [
          -97.874402,
          29.884803
        ]
      },
      "properties": {
        "description": "<b><u>Address:</u></b> 2800 HWY AIRPORT BLVD, SAN MARCOS, TX 78666<br/><b><u>Type:</u></b> Private<br/><b><u>Enrollment:</u></b> 101",
        "styleUrl": "#Open"
      }
    },
    {
      "type": "Feature",
      "geometry": {
        "type": "Point",
        "coordinates": [
          -95.777452,
          29.541121
        ]
      },
      "properties": {
        "description": "<b><u>Address:</u></b> 4808 AIRPORT AVE, ROSENBERG, TX 77471<br/><b><u>Type:</u></b> Private<br/><b><u>Enrollment:</u></b> 44",
        "styleUrl": "#Open"
      }
    },
    {
      "type": "Feature",
      "geometry": {
        "type": "Point",
        "coordinates": [
          -96.821946,
          32.74562
        ]
      },
      "properties": {
        "description": "<b><u>Address:</u></b> 106 E 10TH ST, DALLAS, TX 75203<br/><b><u>Type:</u></b> Private<br/><b><u>Enrollment:</u></b> 192",
        "styleUrl": "#Open"
      }
    },
    {
      "type": "Feature",
      "geometry": {
        "type": "Point",
        "coordinates": [
          -95.611971,
          30.69996
        ]
      },
      "properties": {
        "description": "<b><u>Address:</u></b> 3891 STATE HIGHWAY 30 W, HUNTSVILLE, TX 77340<br/><b><u>Type:</u></b> Private<br/><b><u>Enrollment:</u></b> 442",
        "styleUrl": "#Open"
      }
    },
    {
      "type": "Feature",
      "geometry": {
        "type": "Point",
        "coordinates": [
          -97.365291,
          32.63597
        ]
      },
      "properties": {
        "description": "<b><u>Address:</u></b> 3040 SYCAMORE SCHOOL RD, FORT WORTH, TX 76133<br/><b><u>Type:</u></b> Private<br/><b><u>Enrollment:</u></b> 51",
        "styleUrl": "#Open"
      }
    },
    {
      "type": "Feature",
      "geometry": {
        "type": "Point",
        "coordinates": [
          -106.5859,
          31.840233
        ]
      },
      "properties": {
        "description": "<b><u>Address:</u></b> 5005 LOVE RD, EL PASO, TX 79922<br/><b><u>Type:</u></b> Private<br/><b><u>Enrollment:</u></b> 370",
        "styleUrl": "#Open"
      }
    },
    {
      "type": "Feature",
      "geometry": {
        "type": "Point",
        "coordinates": [
          -95.388178,
          29.726631
        ]
      },
      "properties": {
        "description": "<b><u>Address:</u></b> 5400 FANNIN ST, HOUSTON, TX 77004<br/><b><u>Type:</u></b> Private<br/><b><u>Enrollment:</u></b> 12",
        "styleUrl": "#Open"
      }
    },
    {
      "type": "Feature",
      "geometry": {
        "type": "Point",
        "coordinates": [
          -97.256161,
          32.85198
        ]
      },
      "properties": {
        "description": "<b><u>Address:</u></b> 5825 WHITLEY RD, HALTOM CITY, TX 76148<br/><b><u>Type:</u></b> Private<br/><b><u>Enrollment:</u></b> 25",
        "styleUrl": "#Open"
      }
    },
    {
      "type": "Feature",
      "geometry": {
        "type": "Point",
        "coordinates": [
          -97.107271,
          33.02257
        ]
      },
      "properties": {
        "description": "<b><u>Address:</u></b> 4900 WICHITA TRL, FLOWER MOUND, TX 75022<br/><b><u>Type:</u></b> Private<br/><b><u>Enrollment:</u></b> 750",
        "styleUrl": "#Open"
      }
    },
    {
      "type": "Feature",
      "geometry": {
        "type": "Point",
        "coordinates": [
          -95.307061,
          29.77741
        ]
      },
      "properties": {
        "description": "<b><u>Address:</u></b> 623 KRESS ST, HOUSTON, TX 77020<br/><b><u>Type:</u></b> Private<br/><b><u>Enrollment:</u></b> 81",
        "styleUrl": "#Open"
      }
    },
    {
      "type": "Feature",
      "geometry": {
        "type": "Point",
        "coordinates": [
          -95.563178,
          29.728454
        ]
      },
      "properties": {
        "description": "<b><u>Address:</u></b> 10600 RICHMOND AVE, HOUSTON, TX 77042<br/><b><u>Type:</u></b> Private<br/><b><u>Enrollment:</u></b> 37",
        "styleUrl": "#Open"
      }
    },
    {
      "type": "Feature",
      "geometry": {
        "type": "Point",
        "coordinates": [
          -96.773371,
          33.05866
        ]
      },
      "properties": {
        "description": "<b><u>Address:</u></b> 6308 STONEWOOD DR, PLANO, TX 75024<br/><b><u>Type:</u></b> Private<br/><b><u>Enrollment:</u></b> 47",
        "styleUrl": "#Open"
      }
    },
    {
      "type": "Feature",
      "geometry": {
        "type": "Point",
        "coordinates": [
          -97.828722,
          30.208808
        ]
      },
      "properties": {
        "description": "<b><u>Address:</u></b> 3338 PAISANO TRL, AUSTIN, TX 78745<br/><b><u>Type:</u></b> Private<br/><b><u>Enrollment:</u></b> 66",
        "styleUrl": "#Open"
      }
    },
    {
      "type": "Feature",
      "geometry": {
        "type": "Point",
        "coordinates": [
          -96.733559,
          33.062767
        ]
      },
      "properties": {
        "description": "<b><u>Address:</u></b> 6520 CUSTER RD, PLANO, TX 75023<br/><b><u>Type:</u></b> Private<br/><b><u>Enrollment:</u></b> 20",
        "styleUrl": "#Open"
      }
    },
    {
      "type": "Feature",
      "geometry": {
        "type": "Point",
        "coordinates": [
          -96.972327,
          32.869555
        ]
      },
      "properties": {
        "description": "<b><u>Address:</u></b> 2001 W WALNUT HILL LN, IRVING, TX 75038<br/><b><u>Type:</u></b> Private<br/><b><u>Enrollment:</u></b> 245",
        "styleUrl": "#Open"
      }
    },
    {
      "type": "Feature",
      "geometry": {
        "type": "Point",
        "coordinates": [
          -97.352231,
          32.95856
        ]
      },
      "properties": {
        "description": "<b><u>Address:</u></b> 1200 FM 156 S, HASLET, TX 76052<br/><b><u>Type:</u></b> Private<br/><b><u>Enrollment:</u></b> 166",
        "styleUrl": "#Open"
      }
    },
    {
      "type": "Feature",
      "geometry": {
        "type": "Point",
        "coordinates": [
          -98.475069,
          28.970549
        ]
      },
      "properties": {
        "description": "<b><u>Address:</u></b> 626 MARKET ST, PLEASANTON, TX 78064<br/><b><u>Type:</u></b> Private<br/><b><u>Enrollment:</u></b> 53",
        "styleUrl": "#Open"
      }
    },
    {
      "type": "Feature",
      "geometry": {
        "type": "Point",
        "coordinates": [
          -96.903631,
          29.67614
        ]
      },
      "properties": {
        "description": "<b><u>Address:</u></b> 405 BLACK ST, SCHULENBURG, TX 78956<br/><b><u>Type:</u></b> Private<br/><b><u>Enrollment:</u></b> 135",
        "styleUrl": "#Open"
      }
    },
    {
      "type": "Feature",
      "geometry": {
        "type": "Point",
        "coordinates": [
          -97.166574,
          31.561891
        ]
      },
      "properties": {
        "description": "<b><u>Address:</u></b> 2208 N 23RD ST, WACO, TX 76708<br/><b><u>Type:</u></b> Private<br/><b><u>Enrollment:</u></b> 315",
        "styleUrl": "#Open"
      }
    },
    {
      "type": "Feature",
      "geometry": {
        "type": "Point",
        "coordinates": [
          -97.256551,
          32.76131
        ]
      },
      "properties": {
        "description": "<b><u>Address:</u></b> 4501 BRIDGE ST, FORT WORTH, TX 76103<br/><b><u>Type:</u></b> Private<br/><b><u>Enrollment:</u></b> 760",
        "styleUrl": "#Open"
      }
    },
    {
      "type": "Feature",
      "geometry": {
        "type": "Point",
        "coordinates": [
          -101.865721,
          35.19861
        ]
      },
      "properties": {
        "description": "<b><u>Address:</u></b> 1515 S GEORGIA ST, AMARILLO, TX 79102<br/><b><u>Type:</u></b> Private<br/><b><u>Enrollment:</u></b> 215",
        "styleUrl": "#Open"
      }
    },
    {
      "type": "Feature",
      "geometry": {
        "type": "Point",
        "coordinates": [
          -95.36878,
          29.719588
        ]
      },
      "properties": {
        "description": "<b><u>Address:</u></b> 3002 ROSEDALE ST, HOUSTON, TX 77004<br/><b><u>Type:</u></b> Private<br/><b><u>Enrollment:</u></b> 186",
        "styleUrl": "#Open"
      }
    },
    {
      "type": "Feature",
      "geometry": {
        "type": "Point",
        "coordinates": [
          -97.374194,
          33.654926
        ]
      },
      "properties": {
        "description": "<b><u>Address:</u></b> 153 E 6TH ST, MUENSTER, TX 76252<br/><b><u>Type:</u></b> Private<br/><b><u>Enrollment:</u></b> 182",
        "styleUrl": "#Open"
      }
    },
    {
      "type": "Feature",
      "geometry": {
        "type": "Point",
        "coordinates": [
          -106.407206,
          31.894705
        ]
      },
      "properties": {
        "description": "<b><u>Address:</u></b> 9901 MCCOMBS ST, EL PASO, TX 79924<br/><b><u>Type:</u></b> Private<br/><b><u>Enrollment:</u></b> 75",
        "styleUrl": "#Open"
      }
    },
    {
      "type": "Feature",
      "geometry": {
        "type": "Point",
        "coordinates": [
          -96.563281,
          33.65691
        ]
      },
      "properties": {
        "description": "<b><u>Address:</u></b> 4400 US HIGHWAY 82 E, SHERMAN, TX 75090<br/><b><u>Type:</u></b> Private<br/><b><u>Enrollment:</u></b> 125",
        "styleUrl": "#Open"
      }
    },
    {
      "type": "Feature",
      "geometry": {
        "type": "Point",
        "coordinates": [
          -95.708941,
          30.1851
        ]
      },
      "properties": {
        "description": "<b><u>Address:</u></b> 37135 FM1774, MAGNOLIA, TX 77355<br/><b><u>Type:</u></b> Private<br/><b><u>Enrollment:</u></b> 37",
        "styleUrl": "#Open"
      }
    },
    {
      "type": "Feature",
      "geometry": {
        "type": "Point",
        "coordinates": [
          -96.845961,
          33.12863
        ]
      },
      "properties": {
        "description": "<b><u>Address:</u></b> 5000 ACADEMY DR, FRISCO, TX 75034<br/><b><u>Type:</u></b> Private<br/><b><u>Enrollment:</u></b> 1058",
        "styleUrl": "#Open"
      }
    },
    {
      "type": "Feature",
      "geometry": {
        "type": "Point",
        "coordinates": [
          -97.991727,
          26.171166
        ]
      },
      "properties": {
        "description": "<b><u>Address:</u></b> 905 N TEXAS BLVD, WESLACO, TX 78596<br/><b><u>Type:</u></b> Private<br/><b><u>Enrollment:</u></b> 26",
        "styleUrl": "#Open"
      }
    },
    {
      "type": "Feature",
      "geometry": {
        "type": "Point",
        "coordinates": [
          -95.275269,
          29.566553
        ]
      },
      "properties": {
        "description": "<b><u>Address:</u></b> 2213 OLD ALVIN RD, PEARLAND, TX 77581<br/><b><u>Type:</u></b> Private<br/><b><u>Enrollment:</u></b> 294",
        "styleUrl": "#Open"
      }
    },
    {
      "type": "Feature",
      "geometry": {
        "type": "Point",
        "coordinates": [
          -96.730754,
          32.939655
        ]
      },
      "properties": {
        "description": "<b><u>Address:</u></b> 840 ABRAMS RD, RICHARDSON, TX 75081<br/><b><u>Type:</u></b> Private<br/><b><u>Enrollment:</u></b> 237",
        "styleUrl": "#Open"
      }
    },
    {
      "type": "Feature",
      "geometry": {
        "type": "Point",
        "coordinates": [
          -99.095131,
          29.98961
        ]
      },
      "properties": {
        "description": "<b><u>Address:</u></b> 235 PETERSON FARM RD, KERRVILLE, TX 78028<br/><b><u>Type:</u></b> Private<br/><b><u>Enrollment:</u></b> 89",
        "styleUrl": "#Open"
      }
    },
    {
      "type": "Feature",
      "geometry": {
        "type": "Point",
        "coordinates": [
          -97.748329,
          30.272353
        ]
      },
      "properties": {
        "description": "<b><u>Address:</u></b> 807 RIO GRANDE ST, AUSTIN, TX 78701<br/><b><u>Type:</u></b> Private<br/><b><u>Enrollment:</u></b> 411",
        "styleUrl": "#Open"
      }
    },
    {
      "type": "Feature",
      "geometry": {
        "type": "Point",
        "coordinates": [
          -97.505561,
          25.93763
        ]
      },
      "properties": {
        "description": "<b><u>Address:</u></b> 1175 W PRICE RD STE 3, BROWNSVILLE, TX 78520<br/><b><u>Type:</u></b> Private<br/><b><u>Enrollment:</u></b> 20",
        "styleUrl": "#Open"
      }
    },
    {
      "type": "Feature",
      "geometry": {
        "type": "Point",
        "coordinates": [
          -102.302541,
          31.91048
        ]
      },
      "properties": {
        "description": "<b><u>Address:</u></b> 6901 E HWY 191, ODESSA, TX 79762<br/><b><u>Type:</u></b> Private<br/><b><u>Enrollment:</u></b> 5",
        "styleUrl": "#Open"
      }
    },
    {
      "type": "Feature",
      "geometry": {
        "type": "Point",
        "coordinates": [
          -96.767741,
          33.02706
        ]
      },
      "properties": {
        "description": "<b><u>Address:</u></b> 3901 W PARK BLVD, PLANO, TX 75075<br/><b><u>Type:</u></b> Private<br/><b><u>Enrollment:</u></b> 11",
        "styleUrl": "#Open"
      }
    },
    {
      "type": "Feature",
      "geometry": {
        "type": "Point",
        "coordinates": [
          -97.830572,
          30.446372
        ]
      },
      "properties": {
        "description": "<b><u>Address:</u></b> 10713 N FM 620 RD STE 601, AUSTIN, TX 78726<br/><b><u>Type:</u></b> Private<br/><b><u>Enrollment:</u></b> 19",
        "styleUrl": "#Open"
      }
    },
    {
      "type": "Feature",
      "geometry": {
        "type": "Point",
        "coordinates": [
          -95.510083,
          30.075145
        ]
      },
      "properties": {
        "description": "<b><u>Address:</u></b> 5920 FM  2920, SPRING, TX 77388<br/><b><u>Type:</u></b> Private<br/><b><u>Enrollment:</u></b> 10",
        "styleUrl": "#Open"
      }
    },
    {
      "type": "Feature",
      "geometry": {
        "type": "Point",
        "coordinates": [
          -96.65255,
          33.118581
        ]
      },
      "properties": {
        "description": "<b><u>Address:</u></b> 550 TRINITY DR, ALLEN, TX 75002<br/><b><u>Type:</u></b> Private<br/><b><u>Enrollment:</u></b> 45",
        "styleUrl": "#Open"
      }
    },
    {
      "type": "Feature",
      "geometry": {
        "type": "Point",
        "coordinates": [
          -106.257051,
          31.77031
        ]
      },
      "properties": {
        "description": "<b><u>Address:</u></b> 2191 SUN COUNTRY DR, EL PASO, TX 79938<br/><b><u>Type:</u></b> Private<br/><b><u>Enrollment:</u></b> 26",
        "styleUrl": "#Open"
      }
    },
    {
      "type": "Feature",
      "geometry": {
        "type": "Point",
        "coordinates": [
          -96.888843,
          32.941647
        ]
      },
      "properties": {
        "description": "<b><u>Address:</u></b> 2713 COOKSCREEK PL, DALLAS, TX 75234<br/><b><u>Type:</u></b> Private<br/><b><u>Enrollment:</u></b> 6",
        "styleUrl": "#Open"
      }
    },
    {
      "type": "Feature",
      "geometry": {
        "type": "Point",
        "coordinates": [
          -97.400869,
          32.957634
        ]
      },
      "properties": {
        "description": "<b><u>Address:</u></b> 12501 HWY 287, HASLET, TX 76052<br/><b><u>Type:</u></b> Private<br/><b><u>Enrollment:</u></b> 118",
        "styleUrl": "#Open"
      }
    },
    {
      "type": "Feature",
      "geometry": {
        "type": "Point",
        "coordinates": [
          -97.054248,
          28.024812
        ]
      },
      "properties": {
        "description": "<b><u>Address:</u></b> 111 N CHURCH ST, ROCKPORT, TX 78382<br/><b><u>Type:</u></b> Private<br/><b><u>Enrollment:</u></b> 83",
        "styleUrl": "#Open"
      }
    },
    {
      "type": "Feature",
      "geometry": {
        "type": "Point",
        "coordinates": [
          -96.776346,
          32.762994
        ]
      },
      "properties": {
        "description": "<b><u>Address:</u></b> 1819 MARTIN LUTHER KING JR BLVD, DALLAS, TX 75215<br/><b><u>Type:</u></b> Private<br/><b><u>Enrollment:</u></b> 45",
        "styleUrl": "#Open"
      }
    },
    {
      "type": "Feature",
      "geometry": {
        "type": "Point",
        "coordinates": [
          -96.630381,
          32.893965
        ]
      },
      "properties": {
        "description": "<b><u>Address:</u></b> 2000 S 1ST ST, GARLAND, TX 75041<br/><b><u>Type:</u></b> Private<br/><b><u>Enrollment:</u></b> 26",
        "styleUrl": "#Open"
      }
    },
    {
      "type": "Feature",
      "geometry": {
        "type": "Point",
        "coordinates": [
          -98.878829,
          29.353824
        ]
      },
      "properties": {
        "description": "<b><u>Address:</u></b> 702 US HIGHWAY 90 W, CASTROVILLE, TX 78009<br/><b><u>Type:</u></b> Private<br/><b><u>Enrollment:</u></b> 1",
        "styleUrl": "#Open"
      }
    },
    {
      "type": "Feature",
      "geometry": {
        "type": "Point",
        "coordinates": [
          -96.441203,
          32.888447
        ]
      },
      "properties": {
        "description": "<b><u>Address:</u></b> 2922 S GOLIAD ST, ROCKWALL, TX 75032<br/><b><u>Type:</u></b> Private<br/><b><u>Enrollment:</u></b> 26",
        "styleUrl": "#Open"
      }
    },
    {
      "type": "Feature",
      "geometry": {
        "type": "Point",
        "coordinates": [
          -96.838975,
          32.389563
        ]
      },
      "properties": {
        "description": "<b><u>Address:</u></b> 506 E MARVIN AVE, WAXAHACHIE, TX 75165<br/><b><u>Type:</u></b> Private<br/><b><u>Enrollment:</u></b> 105",
        "styleUrl": "#Open"
      }
    },
    {
      "type": "Feature",
      "geometry": {
        "type": "Point",
        "coordinates": [
          -100.976964,
          35.554628
        ]
      },
      "properties": {
        "description": "<b><u>Address:</u></b> 1633 N NELSON, PAMPA, TX 79065<br/><b><u>Type:</u></b> Private<br/><b><u>Enrollment:</u></b> 34",
        "styleUrl": "#Open"
      }
    },
    {
      "type": "Feature",
      "geometry": {
        "type": "Point",
        "coordinates": [
          -96.291071,
          32.75264
        ]
      },
      "properties": {
        "description": "<b><u>Address:</u></b> 834 GRIFFITH AVE, TERRELL, TX 75160<br/><b><u>Type:</u></b> Private<br/><b><u>Enrollment:</u></b> 3",
        "styleUrl": "#Open"
      }
    },
    {
      "type": "Feature",
      "geometry": {
        "type": "Point",
        "coordinates": [
          -95.617011,
          31.74647
        ]
      },
      "properties": {
        "description": "<b><u>Address:</u></b> 1500 CROCKETT RD, PALESTINE, TX 75801<br/><b><u>Type:</u></b> Private<br/><b><u>Enrollment:</u></b> 81",
        "styleUrl": "#Open"
      }
    },
    {
      "type": "Feature",
      "geometry": {
        "type": "Point",
        "coordinates": [
          -98.644096,
          29.476989
        ]
      },
      "properties": {
        "description": "<b><u>Address:</u></b> 7990 GRISSOM RD, SAN ANTONIO, TX 78251<br/><b><u>Type:</u></b> Private<br/><b><u>Enrollment:</u></b> 56",
        "styleUrl": "#Open"
      }
    },
    {
      "type": "Feature",
      "geometry": {
        "type": "Point",
        "coordinates": [
          -97.774893,
          30.517111
        ]
      },
      "properties": {
        "description": "<b><u>Address:</u></b> 307 GLACIAL STREAM LN, CEDAR PARK, TX 78613<br/><b><u>Type:</u></b> Private<br/><b><u>Enrollment:</u></b> 50",
        "styleUrl": "#Open"
      }
    },
    {
      "type": "Feature",
      "geometry": {
        "type": "Point",
        "coordinates": [
          -97.192811,
          32.90778
        ]
      },
      "properties": {
        "description": "<b><u>Address:</u></b> 8521 DAVIS BLVD, NORTH RICHLAND HILLS, TX 76182<br/><b><u>Type:</u></b> Private<br/><b><u>Enrollment:</u></b> 93",
        "styleUrl": "#Open"
      }
    },
    {
      "type": "Feature",
      "geometry": {
        "type": "Point",
        "coordinates": [
          -97.357561,
          27.6651
        ]
      },
      "properties": {
        "description": "<b><u>Address:</u></b> 3202 RODD FIELD RD, CORPUS CHRISTI, TX 78414<br/><b><u>Type:</u></b> Private<br/><b><u>Enrollment:</u></b> 4",
        "styleUrl": "#Open"
      }
    },
    {
      "type": "Feature",
      "geometry": {
        "type": "Point",
        "coordinates": [
          -96.194052,
          33.617748
        ]
      },
      "properties": {
        "description": "<b><u>Address:</u></b> 1510 W FM 898, BONHAM, TX 75418<br/><b><u>Type:</u></b> Private<br/><b><u>Enrollment:</u></b> 11",
        "styleUrl": "#Open"
      }
    },
    {
      "type": "Feature",
      "geometry": {
        "type": "Point",
        "coordinates": [
          -95.810521,
          29.71825
        ]
      },
      "properties": {
        "description": "<b><u>Address:</u></b> 26900 CINCO RANCH BLVD, KATY, TX 77494<br/><b><u>Type:</u></b> Private<br/><b><u>Enrollment:</u></b> 20",
        "styleUrl": "#Open"
      }
    },
    {
      "type": "Feature",
      "geometry": {
        "type": "Point",
        "coordinates": [
          -96.626731,
          33.11574
        ]
      },
      "properties": {
        "description": "<b><u>Address:</u></b> 1695 E EXCHANGE PKWY, ALLEN, TX 75002<br/><b><u>Type:</u></b> Private<br/><b><u>Enrollment:</u></b> 51",
        "styleUrl": "#Open"
      }
    },
    {
      "type": "Feature",
      "geometry": {
        "type": "Point",
        "coordinates": [
          -99.757431,
          32.43145
        ]
      },
      "properties": {
        "description": "<b><u>Address:</u></b> 1434 MATADOR ST, ABILENE, TX 79605<br/><b><u>Type:</u></b> Private<br/><b><u>Enrollment:</u></b> 39",
        "styleUrl": "#Open"
      }
    },
    {
      "type": "Feature",
      "geometry": {
        "type": "Point",
        "coordinates": [
          -95.651051,
          29.65356
        ]
      },
      "properties": {
        "description": "<b><u>Address:</u></b> 11118 S HWY 6, SUGAR LAND, TX 77498<br/><b><u>Type:</u></b> Private<br/><b><u>Enrollment:</u></b> 6",
        "styleUrl": "#Open"
      }
    },
    {
      "type": "Feature",
      "geometry": {
        "type": "Point",
        "coordinates": [
          -97.308201,
          32.78336
        ]
      },
      "properties": {
        "description": "<b><u>Address:</u></b> 1516 N SYLVANIA AVE, FORT WORTH, TX 76111<br/><b><u>Type:</u></b> Private<br/><b><u>Enrollment:</u></b> 50",
        "styleUrl": "#Open"
      }
    },
    {
      "type": "Feature",
      "geometry": {
        "type": "Point",
        "coordinates": [
          -97.411491,
          31.11879
        ]
      },
      "properties": {
        "description": "<b><u>Address:</u></b> 6608 W ADAMS AVE, TEMPLE, TX 76502<br/><b><u>Type:</u></b> Private<br/><b><u>Enrollment:</u></b> 91",
        "styleUrl": "#Open"
      }
    },
    {
      "type": "Feature",
      "geometry": {
        "type": "Point",
        "coordinates": [
          -98.444553,
          29.524605
        ]
      },
      "properties": {
        "description": "<b><u>Address:</u></b> 2903 NACOGDOCHES RD, SAN ANTONIO, TX 78217<br/><b><u>Type:</u></b> Private<br/><b><u>Enrollment:</u></b> 5",
        "styleUrl": "#Open"
      }
    },
    {
      "type": "Feature",
      "geometry": {
        "type": "Point",
        "coordinates": [
          -95.487455,
          30.037133
        ]
      },
      "properties": {
        "description": "<b><u>Address:</u></b> 18323 KUYKENDAHL RD, SPRING, TX 77379<br/><b><u>Type:</u></b> Private<br/><b><u>Enrollment:</u></b> 2",
        "styleUrl": "#Open"
      }
    },
    {
      "type": "Feature",
      "geometry": {
        "type": "Point",
        "coordinates": [
          -97.737201,
          30.333249
        ]
      },
      "properties": {
        "description": "<b><u>Address:</u></b> 1903 W KOENIG LN, AUSTIN, TX 78756<br/><b><u>Type:</u></b> Private<br/><b><u>Enrollment:</u></b> 28",
        "styleUrl": "#Open"
      }
    },
    {
      "type": "Feature",
      "geometry": {
        "type": "Point",
        "coordinates": [
          -96.92196,
          32.855233
        ]
      },
      "properties": {
        "description": "<b><u>Address:</u></b> 1 CISTERCIAN RD, IRVING, TX 75039<br/><b><u>Type:</u></b> Private<br/><b><u>Enrollment:</u></b> 357",
        "styleUrl": "#Open"
      }
    },
    {
      "type": "Feature",
      "geometry": {
        "type": "Point",
        "coordinates": [
          -94.939082,
          30.708222
        ]
      },
      "properties": {
        "description": "<b><u>Address:</u></b> 622 NOBLITT ST, LIVINGSTON, TX 77351<br/><b><u>Type:</u></b> Private<br/><b><u>Enrollment:</u></b> 42",
        "styleUrl": "#Open"
      }
    },
    {
      "type": "Feature",
      "geometry": {
        "type": "Point",
        "coordinates": [
          -96.912781,
          32.96643
        ]
      },
      "properties": {
        "description": "<b><u>Address:</u></b> 1935 OLD DENTON RD, DALLAS, TX 75006<br/><b><u>Type:</u></b> Private<br/><b><u>Enrollment:</u></b> 51",
        "styleUrl": "#Open"
      }
    },
    {
      "type": "Feature",
      "geometry": {
        "type": "Point",
        "coordinates": [
          -96.728629,
          33.008041
        ]
      },
      "properties": {
        "description": "<b><u>Address:</u></b> 1801 W PLANO PKWY, PLANO, TX 75075<br/><b><u>Type:</u></b> Private<br/><b><u>Enrollment:</u></b> 11",
        "styleUrl": "#Open"
      }
    },
    {
      "type": "Feature",
      "geometry": {
        "type": "Point",
        "coordinates": [
          -94.101682,
          30.078338
        ]
      },
      "properties": {
        "description": "<b><u>Address:</u></b> 850 FORSYTHE ST, BEAUMONT, TX 77701<br/><b><u>Type:</u></b> Private<br/><b><u>Enrollment:</u></b> 167",
        "styleUrl": "#Open"
      }
    },
    {
      "type": "Feature",
      "geometry": {
        "type": "Point",
        "coordinates": [
          -97.234236,
          32.736092
        ]
      },
      "properties": {
        "description": "<b><u>Address:</u></b> 712 WEILER BLVD, FORT WORTH, TX 76112<br/><b><u>Type:</u></b> Private<br/><b><u>Enrollment:</u></b> 114",
        "styleUrl": "#Open"
      }
    },
    {
      "type": "Feature",
      "geometry": {
        "type": "Point",
        "coordinates": [
          -95.45603,
          30.08204
        ]
      },
      "properties": {
        "description": "<b><u>Address:</u></b> 2601 SPRING STUEBNER RD, SPRING, TX 77389<br/><b><u>Type:</u></b> Private<br/><b><u>Enrollment:</u></b> 178",
        "styleUrl": "#Open"
      }
    },
    {
      "type": "Feature",
      "geometry": {
        "type": "Point",
        "coordinates": [
          -96.799641,
          32.91615
        ]
      },
      "properties": {
        "description": "<b><u>Address:</u></b> 6144 CHURCHILL WAY, DALLAS, TX 75230<br/><b><u>Type:</u></b> Private<br/><b><u>Enrollment:</u></b> 404",
        "styleUrl": "#Open"
      }
    },
    {
      "type": "Feature",
      "geometry": {
        "type": "Point",
        "coordinates": [
          -95.539921,
          29.7257
        ]
      },
      "properties": {
        "description": "<b><u>Address:</u></b> 3500 S GESSNER RD STE 200, HOUSTON, TX 77063<br/><b><u>Type:</u></b> Private<br/><b><u>Enrollment:</u></b> 55",
        "styleUrl": "#Open"
      }
    },
    {
      "type": "Feature",
      "geometry": {
        "type": "Point",
        "coordinates": [
          -97.960211,
          29.89373
        ]
      },
      "properties": {
        "description": "<b><u>Address:</u></b> 1523 OLD RANCH RD 12, SAN MARCOS, TX 78666<br/><b><u>Type:</u></b> Private<br/><b><u>Enrollment:</u></b> 47",
        "styleUrl": "#Open"
      }
    },
    {
      "type": "Feature",
      "geometry": {
        "type": "Point",
        "coordinates": [
          -97.679251,
          26.20274
        ]
      },
      "properties": {
        "description": "<b><u>Address:</u></b> 1417 E AUSTIN AVE, HARLINGEN, TX 78550<br/><b><u>Type:</u></b> Private<br/><b><u>Enrollment:</u></b> 131",
        "styleUrl": "#Open"
      }
    },
    {
      "type": "Feature",
      "geometry": {
        "type": "Point",
        "coordinates": [
          -94.790641,
          29.297183
        ]
      },
      "properties": {
        "description": "<b><u>Address:</u></b> 1320 23RD ST, GALVESTON, TX 77550<br/><b><u>Type:</u></b> Private<br/><b><u>Enrollment:</u></b> 69",
        "styleUrl": "#Open"
      }
    },
    {
      "type": "Feature",
      "geometry": {
        "type": "Point",
        "coordinates": [
          -97.318961,
          32.78378
        ]
      },
      "properties": {
        "description": "<b><u>Address:</u></b> 1401 OAKHURST SCENIC DR, FORT WORTH, TX 76111<br/><b><u>Type:</u></b> Private<br/><b><u>Enrollment:</u></b> 309",
        "styleUrl": "#Open"
      }
    },
    {
      "type": "Feature",
      "geometry": {
        "type": "Point",
        "coordinates": [
          -96.803224,
          32.970991
        ]
      },
      "properties": {
        "description": "<b><u>Address:</u></b> 16150 PRESTON RD, DALLAS, TX 75248<br/><b><u>Type:</u></b> Private<br/><b><u>Enrollment:</u></b> 90",
        "styleUrl": "#Open"
      }
    },
    {
      "type": "Feature",
      "geometry": {
        "type": "Point",
        "coordinates": [
          -95.470211,
          29.99514
        ]
      },
      "properties": {
        "description": "<b><u>Address:</u></b> 14901 WELCOME LN, HOUSTON, TX 77014<br/><b><u>Type:</u></b> Private<br/><b><u>Enrollment:</u></b> 33",
        "styleUrl": "#Open"
      }
    },
    {
      "type": "Feature",
      "geometry": {
        "type": "Point",
        "coordinates": [
          -96.8426,
          32.941289
        ]
      },
      "properties": {
        "description": "<b><u>Address:</u></b> 4141 SPRING VALLEY RD, ADDISON, TX 75001<br/><b><u>Type:</u></b> Private<br/><b><u>Enrollment:</u></b> 1302",
        "styleUrl": "#Open"
      }
    },
    {
      "type": "Feature",
      "geometry": {
        "type": "Point",
        "coordinates": [
          -95.427241,
          29.7433
        ]
      },
      "properties": {
        "description": "<b><u>Address:</u></b> 2450 RIVER OAKS BLVD, HOUSTON, TX 77019<br/><b><u>Type:</u></b> Private<br/><b><u>Enrollment:</u></b> 1",
        "styleUrl": "#Open"
      }
    },
    {
      "type": "Feature",
      "geometry": {
        "type": "Point",
        "coordinates": [
          -97.060971,
          33.0677
        ]
      },
      "properties": {
        "description": "<b><u>Address:</u></b> 6000 MORRISS RD, FLOWER MOUND, TX 75028<br/><b><u>Type:</u></b> Private<br/><b><u>Enrollment:</u></b> 31",
        "styleUrl": "#Open"
      }
    },
    {
      "type": "Feature",
      "geometry": {
        "type": "Point",
        "coordinates": [
          -95.473278,
          29.703095
        ]
      },
      "properties": {
        "description": "<b><u>Address:</u></b> 7000 FERRIS ST, BELLAIRE, TX 77401<br/><b><u>Type:</u></b> Private<br/><b><u>Enrollment:</u></b> 164",
        "styleUrl": "#Open"
      }
    },
    {
      "type": "Feature",
      "geometry": {
        "type": "Point",
        "coordinates": [
          -95.638196,
          29.592405
        ]
      },
      "properties": {
        "description": "<b><u>Address:</u></b> 2140 FIRST COLONY BLVD, SUGAR LAND, TX 77479<br/><b><u>Type:</u></b> Private<br/><b><u>Enrollment:</u></b> 197",
        "styleUrl": "#Open"
      }
    },
    {
      "type": "Feature",
      "geometry": {
        "type": "Point",
        "coordinates": [
          -95.949921,
          28.98371
        ]
      },
      "properties": {
        "description": "<b><u>Address:</u></b> 2001 KATY AVE, BAY CITY, TX 77414<br/><b><u>Type:</u></b> Private<br/><b><u>Enrollment:</u></b> 47",
        "styleUrl": "#Open"
      }
    },
    {
      "type": "Feature",
      "geometry": {
        "type": "Point",
        "coordinates": [
          -98.551091,
          29.3973
        ]
      },
      "properties": {
        "description": "<b><u>Address:</u></b> 1147 CUPPLES RD, SAN ANTONIO, TX 78226<br/><b><u>Type:</u></b> Private<br/><b><u>Enrollment:</u></b> 92",
        "styleUrl": "#Open"
      }
    },
    {
      "type": "Feature",
      "geometry": {
        "type": "Point",
        "coordinates": [
          -96.885981,
          33.00638
        ]
      },
      "properties": {
        "description": "<b><u>Address:</u></b> 1901 E PETERS COLONY RD, CARROLLTON, TX 75007<br/><b><u>Type:</u></b> Private<br/><b><u>Enrollment:</u></b> 5",
        "styleUrl": "#Open"
      }
    },
    {
      "type": "Feature",
      "geometry": {
        "type": "Point",
        "coordinates": [
          -98.693351,
          29.58079
        ]
      },
      "properties": {
        "description": "<b><u>Address:</u></b> 14837 OLD BANDERA RD, HELOTES, TX 78023<br/><b><u>Type:</u></b> Private<br/><b><u>Enrollment:</u></b> 76",
        "styleUrl": "#Open"
      }
    },
    {
      "type": "Feature",
      "geometry": {
        "type": "Point",
        "coordinates": [
          -97.006295,
          28.803429
        ]
      },
      "properties": {
        "description": "<b><u>Address:</u></b> 206 POWER AVE, VICTORIA, TX 77901<br/><b><u>Type:</u></b> Private<br/><b><u>Enrollment:</u></b> 97",
        "styleUrl": "#Open"
      }
    },
    {
      "type": "Feature",
      "geometry": {
        "type": "Point",
        "coordinates": [
          -97.389601,
          32.76401
        ]
      },
      "properties": {
        "description": "<b><u>Address:</u></b> 4611 BLACKSTONE DR, FORT WORTH, TX 76114<br/><b><u>Type:</u></b> Private<br/><b><u>Enrollment:</u></b> 35",
        "styleUrl": "#Open"
      }
    },
    {
      "type": "Feature",
      "geometry": {
        "type": "Point",
        "coordinates": [
          -98.983101,
          31.71743
        ]
      },
      "properties": {
        "description": "<b><u>Address:</u></b> 700 FISK AVE, BROWNWOOD, TX 76801<br/><b><u>Type:</u></b> Private<br/><b><u>Enrollment:</u></b> 27",
        "styleUrl": "#Open"
      }
    },
    {
      "type": "Feature",
      "geometry": {
        "type": "Point",
        "coordinates": [
          -96.6096,
          32.824935
        ]
      },
      "properties": {
        "description": "<b><u>Address:</u></b> 933 BARNES BRIDGE RD, MESQUITE, TX 75150<br/><b><u>Type:</u></b> Private<br/><b><u>Enrollment:</u></b> 61",
        "styleUrl": "#Open"
      }
    },
    {
      "type": "Feature",
      "geometry": {
        "type": "Point",
        "coordinates": [
          -96.340172,
          30.629892
        ]
      },
      "properties": {
        "description": "<b><u>Address:</u></b> 1411 HENSEL ST, COLLEGE STATION, TX 77840<br/><b><u>Type:</u></b> Private<br/><b><u>Enrollment:</u></b> 10",
        "styleUrl": "#Open"
      }
    },
    {
      "type": "Feature",
      "geometry": {
        "type": "Point",
        "coordinates": [
          -96.847592,
          32.663391
        ]
      },
      "properties": {
        "description": "<b><u>Address:</u></b> 1660 W CAMP WISDOM RD, DALLAS, TX 75232<br/><b><u>Type:</u></b> Private<br/><b><u>Enrollment:</u></b> 360",
        "styleUrl": "#Open"
      }
    },
    {
      "type": "Feature",
      "geometry": {
        "type": "Point",
        "coordinates": [
          -97.427231,
          32.72254
        ]
      },
      "properties": {
        "description": "<b><u>Address:</u></b> 3420 CLAYTON RD E, FORT WORTH, TX 76116<br/><b><u>Type:</u></b> Private<br/><b><u>Enrollment:</u></b> 123",
        "styleUrl": "#Open"
      }
    },
    {
      "type": "Feature",
      "geometry": {
        "type": "Point",
        "coordinates": [
          -98.630361,
          29.61358
        ]
      },
      "properties": {
        "description": "<b><u>Address:</u></b> 18104 BABCOCK RD, SAN ANTONIO, TX 78255<br/><b><u>Type:</u></b> Private<br/><b><u>Enrollment:</u></b> 106",
        "styleUrl": "#Open"
      }
    },
    {
      "type": "Feature",
      "geometry": {
        "type": "Point",
        "coordinates": [
          -97.166083,
          32.66947
        ]
      },
      "properties": {
        "description": "<b><u>Address:</u></b> 4621 PARK SPRINGS BLVD, ARLINGTON, TX 76017<br/><b><u>Type:</u></b> Private<br/><b><u>Enrollment:</u></b> 66",
        "styleUrl": "#Open"
      }
    },
    {
      "type": "Feature",
      "geometry": {
        "type": "Point",
        "coordinates": [
          -97.054021,
          33.01297
        ]
      },
      "properties": {
        "description": "<b><u>Address:</u></b> 1501 FLOWER MOUND RD, FLOWER MOUND, TX 75028<br/><b><u>Type:</u></b> Private<br/><b><u>Enrollment:</u></b> 49",
        "styleUrl": "#Open"
      }
    },
    {
      "type": "Feature",
      "geometry": {
        "type": "Point",
        "coordinates": [
          -95.670531,
          29.95754
        ]
      },
      "properties": {
        "description": "<b><u>Address:</u></b> 16555 DUNDEE RD, CYPRESS, TX 77429<br/><b><u>Type:</u></b> Private<br/><b><u>Enrollment:</u></b> 14",
        "styleUrl": "#Open"
      }
    },
    {
      "type": "Feature",
      "geometry": {
        "type": "Point",
        "coordinates": [
          -97.361081,
          32.71244
        ]
      },
      "properties": {
        "description": "<b><u>Address:</u></b> 2720 S UNIVERSITY DR, FORT WORTH, TX 76109<br/><b><u>Type:</u></b> Private<br/><b><u>Enrollment:</u></b> 18",
        "styleUrl": "#Open"
      }
    },
    {
      "type": "Feature",
      "geometry": {
        "type": "Point",
        "coordinates": [
          -96.653677,
          32.975021
        ]
      },
      "properties": {
        "description": "<b><u>Address:</u></b> 1625 FERRIS RD, GARLAND, TX 75044<br/><b><u>Type:</u></b> Private<br/><b><u>Enrollment:</u></b> 121",
        "styleUrl": "#Open"
      }
    },
    {
      "type": "Feature",
      "geometry": {
        "type": "Point",
        "coordinates": [
          -96.751026,
          33.062034
        ]
      },
      "properties": {
        "description": "<b><u>Address:</u></b> 6509 INDEPENDENCE PKWY, PLANO, TX 75023<br/><b><u>Type:</u></b> Private<br/><b><u>Enrollment:</u></b> 17",
        "styleUrl": "#Open"
      }
    },
    {
      "type": "Feature",
      "geometry": {
        "type": "Point",
        "coordinates": [
          -95.498561,
          30.15431
        ]
      },
      "properties": {
        "description": "<b><u>Address:</u></b> 3901 S PANTHER CREEK DR, THE WOODLANDS, TX 77381<br/><b><u>Type:</u></b> Private<br/><b><u>Enrollment:</u></b> 11",
        "styleUrl": "#Open"
      }
    },
    {
      "type": "Feature",
      "geometry": {
        "type": "Point",
        "coordinates": [
          -95.341681,
          29.78804
        ]
      },
      "properties": {
        "description": "<b><u>Address:</u></b> 2902 JENSEN DR, HOUSTON, TX 77026<br/><b><u>Type:</u></b> Private<br/><b><u>Enrollment:</u></b> 28",
        "styleUrl": "#Open"
      }
    },
    {
      "type": "Feature",
      "geometry": {
        "type": "Point",
        "coordinates": [
          -97.383111,
          27.70744
        ]
      },
      "properties": {
        "description": "<b><u>Address:</u></b> 5017 CURTIS CLARK DR, CORPUS CHRISTI, TX 78411<br/><b><u>Type:</u></b> Private<br/><b><u>Enrollment:</u></b> 13",
        "styleUrl": "#Open"
      }
    },
    {
      "type": "Feature",
      "geometry": {
        "type": "Point",
        "coordinates": [
          -96.784991,
          32.93232
        ]
      },
      "properties": {
        "description": "<b><u>Address:</u></b> 6930 ALPHA RD, DALLAS, TX 75240<br/><b><u>Type:</u></b> Private<br/><b><u>Enrollment:</u></b> 274",
        "styleUrl": "#Open"
      }
    },
    {
      "type": "Feature",
      "geometry": {
        "type": "Point",
        "coordinates": [
          -102.180366,
          32.030513
        ]
      },
      "properties": {
        "description": "<b><u>Address:</u></b> 5100 AVALON DR, MIDLAND, TX 79707<br/><b><u>Type:</u></b> Private<br/><b><u>Enrollment:</u></b> 114",
        "styleUrl": "#Open"
      }
    },
    {
      "type": "Feature",
      "geometry": {
        "type": "Point",
        "coordinates": [
          -102.511496,
          36.050404
        ]
      },
      "properties": {
        "description": "<b><u>Address:</u></b> 1000 E 16TH ST, DALHART, TX 79022<br/><b><u>Type:</u></b> Private<br/><b><u>Enrollment:</u></b> 95",
        "styleUrl": "#Open"
      }
    },
    {
      "type": "Feature",
      "geometry": {
        "type": "Point",
        "coordinates": [
          -95.18749,
          29.978331
        ]
      },
      "properties": {
        "description": "<b><u>Address:</u></b> 17979 EAGLE SPRINGS PKWY, HUMBLE, TX 77346<br/><b><u>Type:</u></b> Private<br/><b><u>Enrollment:</u></b> 7",
        "styleUrl": "#Open"
      }
    },
    {
      "type": "Feature",
      "geometry": {
        "type": "Point",
        "coordinates": [
          -95.497777,
          29.712547
        ]
      },
      "properties": {
        "description": "<b><u>Address:</u></b> 6210 ROOKIN ST, HOUSTON, TX 77074<br/><b><u>Type:</u></b> Private<br/><b><u>Enrollment:</u></b> 25",
        "styleUrl": "#Open"
      }
    },
    {
      "type": "Feature",
      "geometry": {
        "type": "Point",
        "coordinates": [
          -98.497505,
          29.503291
        ]
      },
      "properties": {
        "description": "<b><u>Address:</u></b> 600 OBLATE DR, SAN ANTONIO, TX 78216<br/><b><u>Type:</u></b> Private<br/><b><u>Enrollment:</u></b> 153",
        "styleUrl": "#Open"
      }
    },
    {
      "type": "Feature",
      "geometry": {
        "type": "Point",
        "coordinates": [
          -98.506129,
          29.538251
        ]
      },
      "properties": {
        "description": "<b><u>Address:</u></b> 770 W RAMSEY RD, SAN ANTONIO, TX 78216<br/><b><u>Type:</u></b> Private<br/><b><u>Enrollment:</u></b> 348",
        "styleUrl": "#Open"
      }
    },
    {
      "type": "Feature",
      "geometry": {
        "type": "Point",
        "coordinates": [
          -102.407298,
          34.822681
        ]
      },
      "properties": {
        "description": "<b><u>Address:</u></b> 120 W PARK AVE, HEREFORD, TX 79045<br/><b><u>Type:</u></b> Private<br/><b><u>Enrollment:</u></b> 59",
        "styleUrl": "#Open"
      }
    },
    {
      "type": "Feature",
      "geometry": {
        "type": "Point",
        "coordinates": [
          -96.874617,
          29.913933
        ]
      },
      "properties": {
        "description": "<b><u>Address:</u></b> 545 E PEARL ST, LA GRANGE, TX 78945<br/><b><u>Type:</u></b> Private<br/><b><u>Enrollment:</u></b> 84",
        "styleUrl": "#Open"
      }
    },
    {
      "type": "Feature",
      "geometry": {
        "type": "Point",
        "coordinates": [
          -94.712977,
          31.357394
        ]
      },
      "properties": {
        "description": "<b><u>Address:</u></b> 2116 LOWERY ST, LUFKIN, TX 75901<br/><b><u>Type:</u></b> Private<br/><b><u>Enrollment:</u></b> 53",
        "styleUrl": "#Open"
      }
    },
    {
      "type": "Feature",
      "geometry": {
        "type": "Point",
        "coordinates": [
          -96.850371,
          32.6957
        ]
      },
      "properties": {
        "description": "<b><u>Address:</u></b> 3900 RUGGED DR, DALLAS, TX 75224<br/><b><u>Type:</u></b> Private<br/><b><u>Enrollment:</u></b> 377",
        "styleUrl": "#Open"
      }
    },
    {
      "type": "Feature",
      "geometry": {
        "type": "Point",
        "coordinates": [
          -106.439495,
          31.768578
        ]
      },
      "properties": {
        "description": "<b><u>Address:</u></b> 237 TOBIN PL, EL PASO, TX 79905<br/><b><u>Type:</u></b> Private<br/><b><u>Enrollment:</u></b> 121",
        "styleUrl": "#Open"
      }
    },
    {
      "type": "Feature",
      "geometry": {
        "type": "Point",
        "coordinates": [
          -95.357361,
          29.756058
        ]
      },
      "properties": {
        "description": "<b><u>Address:</u></b> 609 CRAWFORD ST, HOUSTON, TX 77002<br/><b><u>Type:</u></b> Private<br/><b><u>Enrollment:</u></b> 311",
        "styleUrl": "#Open"
      }
    },
    {
      "type": "Feature",
      "geometry": {
        "type": "Point",
        "coordinates": [
          -106.301161,
          31.79567
        ]
      },
      "properties": {
        "description": "<b><u>Address:</u></b> 3510 GEORGE DIETER DR, EL PASO, TX 79936<br/><b><u>Type:</u></b> Private<br/><b><u>Enrollment:</u></b> 34",
        "styleUrl": "#Open"
      }
    },
    {
      "type": "Feature",
      "geometry": {
        "type": "Point",
        "coordinates": [
          -96.608231,
          32.9654
        ]
      },
      "properties": {
        "description": "<b><u>Address:</u></b> 5500 LAVON DR, GARLAND, TX 75040<br/><b><u>Type:</u></b> Private<br/><b><u>Enrollment:</u></b> 70",
        "styleUrl": "#Open"
      }
    },
    {
      "type": "Feature",
      "geometry": {
        "type": "Point",
        "coordinates": [
          -96.679108,
          32.791517
        ]
      },
      "properties": {
        "description": "<b><u>Address:</u></b> 7898 SAMUELL BLVD, DALLAS, TX 75228<br/><b><u>Type:</u></b> Private<br/><b><u>Enrollment:</u></b> 278",
        "styleUrl": "#Open"
      }
    },
    {
      "type": "Feature",
      "geometry": {
        "type": "Point",
        "coordinates": [
          -96.951321,
          32.84822
        ]
      },
      "properties": {
        "description": "<b><u>Address:</u></b> 3131 N O CONNOR RD, IRVING, TX 75062<br/><b><u>Type:</u></b> Private<br/><b><u>Enrollment:</u></b> 56",
        "styleUrl": "#Open"
      }
    },
    {
      "type": "Feature",
      "geometry": {
        "type": "Point",
        "coordinates": [
          -98.690951,
          29.75059
        ]
      },
      "properties": {
        "description": "<b><u>Address:</u></b> 113 CASCADE CAVERNS RD, BOERNE, TX 78015<br/><b><u>Type:</u></b> Private<br/><b><u>Enrollment:</u></b> 697",
        "styleUrl": "#Open"
      }
    },
    {
      "type": "Feature",
      "geometry": {
        "type": "Point",
        "coordinates": [
          -96.748679,
          32.85202
        ]
      },
      "properties": {
        "description": "<b><u>Address:</u></b> 6464 E LOVERS LN, DALLAS, TX 75214<br/><b><u>Type:</u></b> Private<br/><b><u>Enrollment:</u></b> 14",
        "styleUrl": "#Open"
      }
    },
    {
      "type": "Feature",
      "geometry": {
        "type": "Point",
        "coordinates": [
          -98.46188,
          29.413991
        ]
      },
      "properties": {
        "description": "<b><u>Address:</u></b> 521 S NEW BRAUNFELS AVE, SAN ANTONIO, TX 78203<br/><b><u>Type:</u></b> Private<br/><b><u>Enrollment:</u></b> 58",
        "styleUrl": "#Open"
      }
    },
    {
      "type": "Feature",
      "geometry": {
        "type": "Point",
        "coordinates": [
          -97.817111,
          30.18378
        ]
      },
      "properties": {
        "description": "<b><u>Address:</u></b> 8807 MANCHACA RD, AUSTIN, TX 78748<br/><b><u>Type:</u></b> Private<br/><b><u>Enrollment:</u></b> 1",
        "styleUrl": "#Open"
      }
    },
    {
      "type": "Feature",
      "geometry": {
        "type": "Point",
        "coordinates": [
          -96.539261,
          32.93478
        ]
      },
      "properties": {
        "description": "<b><u>Address:</u></b> 8401 LIBERTY GROVE RD, ROWLETT, TX 75089<br/><b><u>Type:</u></b> Private<br/><b><u>Enrollment:</u></b> 15",
        "styleUrl": "#Open"
      }
    },
    {
      "type": "Feature",
      "geometry": {
        "type": "Point",
        "coordinates": [
          -99.469184,
          27.571068
        ]
      },
      "properties": {
        "description": "<b><u>Address:</u></b> 7519 ROCIO DR, LAREDO, TX 78041<br/><b><u>Type:</u></b> Private<br/><b><u>Enrollment:</u></b> 42",
        "styleUrl": "#Open"
      }
    },
    {
      "type": "Feature",
      "geometry": {
        "type": "Point",
        "coordinates": [
          -96.462971,
          32.92999
        ]
      },
      "properties": {
        "description": "<b><u>Address:</u></b> 401 W WASHINGTON ST, ROCKWALL, TX 75087<br/><b><u>Type:</u></b> Private<br/><b><u>Enrollment:</u></b> 27",
        "styleUrl": "#Open"
      }
    },
    {
      "type": "Feature",
      "geometry": {
        "type": "Point",
        "coordinates": [
          -98.712821,
          29.491352
        ]
      },
      "properties": {
        "description": "<b><u>Address:</u></b> 11161 WESTWOOD LOOP, SAN ANTONIO, TX 78253<br/><b><u>Type:</u></b> Private<br/><b><u>Enrollment:</u></b> 11",
        "styleUrl": "#Open"
      }
    },
    {
      "type": "Feature",
      "geometry": {
        "type": "Point",
        "coordinates": [
          -96.844011,
          32.39506
        ]
      },
      "properties": {
        "description": "<b><u>Address:</u></b> 214 DUNN ST, WAXAHACHIE, TX 75165<br/><b><u>Type:</u></b> Private<br/><b><u>Enrollment:</u></b> 13",
        "styleUrl": "#Open"
      }
    },
    {
      "type": "Feature",
      "geometry": {
        "type": "Point",
        "coordinates": [
          -106.579021,
          31.83319
        ]
      },
      "properties": {
        "description": "<b><u>Address:</u></b> 212 W SUNSET RD, EL PASO, TX 79922<br/><b><u>Type:</u></b> Private<br/><b><u>Enrollment:</u></b> 36",
        "styleUrl": "#Open"
      }
    },
    {
      "type": "Feature",
      "geometry": {
        "type": "Point",
        "coordinates": [
          -97.707451,
          30.63197
        ]
      },
      "properties": {
        "description": "<b><u>Address:</u></b> 1333 W UNIVERSITY AVE, GEORGETOWN, TX 78628<br/><b><u>Type:</u></b> Private<br/><b><u>Enrollment:</u></b> 14",
        "styleUrl": "#Open"
      }
    },
    {
      "type": "Feature",
      "geometry": {
        "type": "Point",
        "coordinates": [
          -97.377359,
          27.726506
        ]
      },
      "properties": {
        "description": "<b><u>Address:</u></b> 750 EVERHART RD, CORPUS CHRISTI, TX 78411<br/><b><u>Type:</u></b> Private<br/><b><u>Enrollment:</u></b> 36",
        "styleUrl": "#Open"
      }
    },
    {
      "type": "Feature",
      "geometry": {
        "type": "Point",
        "coordinates": [
          -98.086801,
          30.20697
        ]
      },
      "properties": {
        "description": "<b><u>Address:</u></b> 28900 RANCH RD 12, DRIPPING SPRINGS, TX 78620<br/><b><u>Type:</u></b> Private<br/><b><u>Enrollment:</u></b> 15",
        "styleUrl": "#Open"
      }
    },
    {
      "type": "Feature",
      "geometry": {
        "type": "Point",
        "coordinates": [
          -95.795525,
          29.7827
        ]
      },
      "properties": {
        "description": "<b><u>Address:</u></b> 24936 KATY RANCH RD, KATY, TX 77494<br/><b><u>Type:</u></b> Private<br/><b><u>Enrollment:</u></b> 10",
        "styleUrl": "#Open"
      }
    },
    {
      "type": "Feature",
      "geometry": {
        "type": "Point",
        "coordinates": [
          -94.179432,
          30.132588
        ]
      },
      "properties": {
        "description": "<b><u>Address:</u></b> 6655 HWY 105, BEAUMONT, TX 77708<br/><b><u>Type:</u></b> Private<br/><b><u>Enrollment:</u></b> 17",
        "styleUrl": "#Open"
      }
    },
    {
      "type": "Feature",
      "geometry": {
        "type": "Point",
        "coordinates": [
          -97.843587,
          30.681022
        ]
      },
      "properties": {
        "description": "<b><u>Address:</u></b> 23857 RONALD W REAGAN BLVD, LIBERTY HILL, TX 78642<br/><b><u>Type:</u></b> Private<br/><b><u>Enrollment:</u></b> 128",
        "styleUrl": "#Open"
      }
    },
    {
      "type": "Feature",
      "geometry": {
        "type": "Point",
        "coordinates": [
          -99.483792,
          27.512215
        ]
      },
      "properties": {
        "description": "<b><u>Address:</u></b> 1300 GALVESTON ST, LAREDO, TX 78040<br/><b><u>Type:</u></b> Private<br/><b><u>Enrollment:</u></b> 291",
        "styleUrl": "#Open"
      }
    },
    {
      "type": "Feature",
      "geometry": {
        "type": "Point",
        "coordinates": [
          -95.427797,
          29.818971
        ]
      },
      "properties": {
        "description": "<b><u>Address:</u></b> 1610 W 34TH 1/2 ST, HOUSTON, TX 77018<br/><b><u>Type:</u></b> Private<br/><b><u>Enrollment:</u></b> 9",
        "styleUrl": "#Open"
      }
    },
    {
      "type": "Feature",
      "geometry": {
        "type": "Point",
        "coordinates": [
          -102.101567,
          32.025717
        ]
      },
      "properties": {
        "description": "<b><u>Address:</u></b> 1600 W WADLEY AVE, MIDLAND, TX 79705<br/><b><u>Type:</u></b> Private<br/><b><u>Enrollment:</u></b> 226",
        "styleUrl": "#Open"
      }
    },
    {
      "type": "Feature",
      "geometry": {
        "type": "Point",
        "coordinates": [
          -95.482826,
          29.707026
        ]
      },
      "properties": {
        "description": "<b><u>Address:</u></b> 5801 DASHWOOD DR, HOUSTON, TX 77081<br/><b><u>Type:</u></b> Private<br/><b><u>Enrollment:</u></b> 53",
        "styleUrl": "#Open"
      }
    },
    {
      "type": "Feature",
      "geometry": {
        "type": "Point",
        "coordinates": [
          -97.790341,
          30.482378
        ]
      },
      "properties": {
        "description": "<b><u>Address:</u></b> 10500 LAKELINE BLVD, AUSTIN, TX 78717<br/><b><u>Type:</u></b> Private<br/><b><u>Enrollment:</u></b> 45",
        "styleUrl": "#Open"
      }
    },
    {
      "type": "Feature",
      "geometry": {
        "type": "Point",
        "coordinates": [
          -96.680954,
          32.791575
        ]
      },
      "properties": {
        "description": "<b><u>Address:</u></b> 7890 SAMUELL BLVD, DALLAS, TX 75228<br/><b><u>Type:</u></b> Private<br/><b><u>Enrollment:</u></b> 2",
        "styleUrl": "#Open"
      }
    },
    {
      "type": "Feature",
      "geometry": {
        "type": "Point",
        "coordinates": [
          -97.892759,
          30.370103
        ]
      },
      "properties": {
        "description": "<b><u>Address:</u></b> 2900 N QUINLAN PARK ROAD, STE 250, AUSTIN, TX 78732<br/><b><u>Type:</u></b> Private<br/><b><u>Enrollment:</u></b> 35",
        "styleUrl": "#Open"
      }
    },
    {
      "type": "Feature",
      "geometry": {
        "type": "Point",
        "coordinates": [
          -96.857828,
          32.6784
        ]
      },
      "properties": {
        "description": "<b><u>Address:</u></b> 5787 S HAMPTON RD STE 115A, DALLAS, TX 75232<br/><b><u>Type:</u></b> Private<br/><b><u>Enrollment:</u></b> 102",
        "styleUrl": "#Open"
      }
    },
    {
      "type": "Feature",
      "geometry": {
        "type": "Point",
        "coordinates": [
          -96.650802,
          32.983047
        ]
      },
      "properties": {
        "description": "<b><u>Address:</u></b> 1601 W CAMPBELL RD, GARLAND, TX 75044<br/><b><u>Type:</u></b> Private<br/><b><u>Enrollment:</u></b> 170",
        "styleUrl": "#Open"
      }
    },
    {
      "type": "Feature",
      "geometry": {
        "type": "Point",
        "coordinates": [
          -96.817561,
          32.902785
        ]
      },
      "properties": {
        "description": "<b><u>Address:</u></b> 11306A INWOOD RD, DALLAS, TX 75229<br/><b><u>Type:</u></b> Private<br/><b><u>Enrollment:</u></b> 142",
        "styleUrl": "#Open"
      }
    },
    {
      "type": "Feature",
      "geometry": {
        "type": "Point",
        "coordinates": [
          -96.779132,
          32.762708
        ]
      },
      "properties": {
        "description": "<b><u>Address:</u></b> 2815 S ERVAY ST, DALLAS, TX 75315<br/><b><u>Type:</u></b> Private<br/><b><u>Enrollment:</u></b> 23",
        "styleUrl": "#Open"
      }
    },
    {
      "type": "Feature",
      "geometry": {
        "type": "Point",
        "coordinates": [
          -96.648495,
          28.959588
        ]
      },
      "properties": {
        "description": "<b><u>Address:</u></b> 807 APOLLO DR, EDNA, TX 77957<br/><b><u>Type:</u></b> Private<br/><b><u>Enrollment:</u></b> 20",
        "styleUrl": "#Open"
      }
    },
    {
      "type": "Feature",
      "geometry": {
        "type": "Point",
        "coordinates": [
          -95.594861,
          29.62518
        ]
      },
      "properties": {
        "description": "<b><u>Address:</u></b> 13303 SW FWY, SUGAR LAND, TX 77478<br/><b><u>Type:</u></b> Private<br/><b><u>Enrollment:</u></b> 524",
        "styleUrl": "#Open"
      }
    },
    {
      "type": "Feature",
      "geometry": {
        "type": "Point",
        "coordinates": [
          -97.935401,
          30.30865
        ]
      },
      "properties": {
        "description": "<b><u>Address:</u></b> 3801 JUNIPER TRCE, AUSTIN, TX 78738<br/><b><u>Type:</u></b> Private<br/><b><u>Enrollment:</u></b> 11",
        "styleUrl": "#Open"
      }
    },
    {
      "type": "Feature",
      "geometry": {
        "type": "Point",
        "coordinates": [
          -95.927234,
          30.057958
        ]
      },
      "properties": {
        "description": "<b><u>Address:</u></b> 1208 PENICK RD, WALLER, TX 77484<br/><b><u>Type:</u></b> Private<br/><b><u>Enrollment:</u></b> 11",
        "styleUrl": "#Open"
      }
    },
    {
      "type": "Feature",
      "geometry": {
        "type": "Point",
        "coordinates": [
          -95.151802,
          29.58203
        ]
      },
      "properties": {
        "description": "<b><u>Address:</u></b> 1250 CLEAR LAKE CITY BLVD, HOUSTON, TX 77062<br/><b><u>Type:</u></b> Private<br/><b><u>Enrollment:</u></b> 13",
        "styleUrl": "#Open"
      }
    },
    {
      "type": "Feature",
      "geometry": {
        "type": "Point",
        "coordinates": [
          -97.324671,
          32.93925
        ]
      },
      "properties": {
        "description": "<b><u>Address:</u></b> 13105 HARMON RD, FORT WORTH, TX 76177<br/><b><u>Type:</u></b> Private<br/><b><u>Enrollment:</u></b> 202",
        "styleUrl": "#Open"
      }
    },
    {
      "type": "Feature",
      "geometry": {
        "type": "Point",
        "coordinates": [
          -97.741711,
          30.41667
        ]
      },
      "properties": {
        "description": "<b><u>Address:</u></b> 5209 DUVAL RD, AUSTIN, TX 78727<br/><b><u>Type:</u></b> Private<br/><b><u>Enrollment:</u></b> 50",
        "styleUrl": "#Open"
      }
    },
    {
      "type": "Feature",
      "geometry": {
        "type": "Point",
        "coordinates": [
          -97.159821,
          32.70538
        ]
      },
      "properties": {
        "description": "<b><u>Address:</u></b> 3428 W ARKANSAS LN, ARLINGTON, TX 76016<br/><b><u>Type:</u></b> Private<br/><b><u>Enrollment:</u></b> 100",
        "styleUrl": "#Open"
      }
    },
    {
      "type": "Feature",
      "geometry": {
        "type": "Point",
        "coordinates": [
          -97.100661,
          32.90073
        ]
      },
      "properties": {
        "description": "<b><u>Address:</u></b> 3400 WILLIAM D. TATE AVE  #1000, GRAPEVINE, TX 76051<br/><b><u>Type:</u></b> Private<br/><b><u>Enrollment:</u></b> 51",
        "styleUrl": "#Open"
      }
    },
    {
      "type": "Feature",
      "geometry": {
        "type": "Point",
        "coordinates": [
          -95.5487,
          29.93318
        ]
      },
      "properties": {
        "description": "<b><u>Address:</u></b> 11411 WINDFERN RD # 290, HOUSTON, TX 77064<br/><b><u>Type:</u></b> Private<br/><b><u>Enrollment:</u></b> 10",
        "styleUrl": "#Open"
      }
    },
    {
      "type": "Feature",
      "geometry": {
        "type": "Point",
        "coordinates": [
          -95.486431,
          30.0719
        ]
      },
      "properties": {
        "description": "<b><u>Address:</u></b> 22003 BRIDGESTONE LN, SPRING, TX 77388<br/><b><u>Type:</u></b> Private<br/><b><u>Enrollment:</u></b> 17",
        "styleUrl": "#Open"
      }
    },
    {
      "type": "Feature",
      "geometry": {
        "type": "Point",
        "coordinates": [
          -95.643791,
          29.89245
        ]
      },
      "properties": {
        "description": "<b><u>Address:</u></b> 15810 LONGENBAUGH DR, HOUSTON, TX 77095<br/><b><u>Type:</u></b> Private<br/><b><u>Enrollment:</u></b> 10",
        "styleUrl": "#Open"
      }
    },
    {
      "type": "Feature",
      "geometry": {
        "type": "Point",
        "coordinates": [
          -95.144231,
          29.65246
        ]
      },
      "properties": {
        "description": "<b><u>Address:</u></b> 3868 SPACE CENTER BLVD, PASADENA, TX 77505<br/><b><u>Type:</u></b> Private<br/><b><u>Enrollment:</u></b> 13",
        "styleUrl": "#Open"
      }
    },
    {
      "type": "Feature",
      "geometry": {
        "type": "Point",
        "coordinates": [
          -101.934551,
          33.570102
        ]
      },
      "properties": {
        "description": "<b><u>Address:</u></b> 2604 DOVER AVE, LUBBOCK, TX 79407<br/><b><u>Type:</u></b> Private<br/><b><u>Enrollment:</u></b> 311",
        "styleUrl": "#Open"
      }
    },
    {
      "type": "Feature",
      "geometry": {
        "type": "Point",
        "coordinates": [
          -95.510105,
          29.748921
        ]
      },
      "properties": {
        "description": "<b><u>Address:</u></b> 201 KINKAID SCHOOL DR, HOUSTON, TX 77024<br/><b><u>Type:</u></b> Private<br/><b><u>Enrollment:</u></b> 1360",
        "styleUrl": "#Open"
      }
    },
    {
      "type": "Feature",
      "geometry": {
        "type": "Point",
        "coordinates": [
          -98.519496,
          29.388585
        ]
      },
      "properties": {
        "description": "<b><u>Address:</u></b> 907 W THEO AVE, SAN ANTONIO, TX 78225<br/><b><u>Type:</u></b> Private<br/><b><u>Enrollment:</u></b> 209",
        "styleUrl": "#Open"
      }
    },
    {
      "type": "Feature",
      "geometry": {
        "type": "Point",
        "coordinates": [
          -97.964923,
          29.565416
        ]
      },
      "properties": {
        "description": "<b><u>Address:</u></b> 507 S CAMP ST, SEGUIN, TX 78155<br/><b><u>Type:</u></b> Private<br/><b><u>Enrollment:</u></b> 111",
        "styleUrl": "#Open"
      }
    },
    {
      "type": "Feature",
      "geometry": {
        "type": "Point",
        "coordinates": [
          -96.746011,
          32.94341
        ]
      },
      "properties": {
        "description": "<b><u>Address:</u></b> 720 S FLOYD RD, RICHARDSON, TX 75080<br/><b><u>Type:</u></b> Private<br/><b><u>Enrollment:</u></b> 102",
        "styleUrl": "#Open"
      }
    },
    {
      "type": "Feature",
      "geometry": {
        "type": "Point",
        "coordinates": [
          -95.542211,
          29.70534
        ]
      },
      "properties": {
        "description": "<b><u>Address:</u></b> 9000 BELLAIRE BLVD, HOUSTON, TX 77036<br/><b><u>Type:</u></b> Private<br/><b><u>Enrollment:</u></b> 922",
        "styleUrl": "#Open"
      }
    },
    {
      "type": "Feature",
      "geometry": {
        "type": "Point",
        "coordinates": [
          -97.721431,
          30.35181
        ]
      },
      "properties": {
        "description": "<b><u>Address:</u></b> 1500 W ANDERSON LN, AUSTIN, TX 78757<br/><b><u>Type:</u></b> Private<br/><b><u>Enrollment:</u></b> 399",
        "styleUrl": "#Open"
      }
    },
    {
      "type": "Feature",
      "geometry": {
        "type": "Point",
        "coordinates": [
          -95.147791,
          29.49257
        ]
      },
      "properties": {
        "description": "<b><u>Address:</u></b> 4800 W MAIN ST, LEAGUE CITY, TX 77573<br/><b><u>Type:</u></b> Private<br/><b><u>Enrollment:</u></b> 762",
        "styleUrl": "#Open"
      }
    },
    {
      "type": "Feature",
      "geometry": {
        "type": "Point",
        "coordinates": [
          -97.402311,
          32.32353
        ]
      },
      "properties": {
        "description": "<b><u>Address:</u></b> 1410 GLENHAVEN DR, CLEBURNE, TX 76033<br/><b><u>Type:</u></b> Private<br/><b><u>Enrollment:</u></b> 95",
        "styleUrl": "#Open"
      }
    },
    {
      "type": "Feature",
      "geometry": {
        "type": "Point",
        "coordinates": [
          -97.148091,
          31.60793
        ]
      },
      "properties": {
        "description": "<b><u>Address:</u></b> 1100 E LAKE SHORE DR UNIT C, WACO, TX 76708<br/><b><u>Type:</u></b> Private<br/><b><u>Enrollment:</u></b> 96",
        "styleUrl": "#Open"
      }
    },
    {
      "type": "Feature",
      "geometry": {
        "type": "Point",
        "coordinates": [
          -95.501967,
          29.814695
        ]
      },
      "properties": {
        "description": "<b><u>Address:</u></b> 2217 BINGLE RD, HOUSTON, TX 77055<br/><b><u>Type:</u></b> Private<br/><b><u>Enrollment:</u></b> 39",
        "styleUrl": "#Open"
      }
    },
    {
      "type": "Feature",
      "geometry": {
        "type": "Point",
        "coordinates": [
          -95.425924,
          29.045011
        ]
      },
      "properties": {
        "description": "<b><u>Address:</u></b> 200B WILLOW DR, LAKE JACKSON, TX 77566<br/><b><u>Type:</u></b> Private<br/><b><u>Enrollment:</u></b> 218",
        "styleUrl": "#Open"
      }
    },
    {
      "type": "Feature",
      "geometry": {
        "type": "Point",
        "coordinates": [
          -101.874261,
          35.21173
        ]
      },
      "properties": {
        "description": "<b><u>Address:</u></b> 501 S CAROLINA ST, AMARILLO, TX 79106<br/><b><u>Type:</u></b> Private<br/><b><u>Enrollment:</u></b> 270",
        "styleUrl": "#Open"
      }
    },
    {
      "type": "Feature",
      "geometry": {
        "type": "Point",
        "coordinates": [
          -95.794561,
          29.80488
        ]
      },
      "properties": {
        "description": "<b><u>Address:</u></b> 2225 PORTER RD, KATY, TX 77493<br/><b><u>Type:</u></b> Private<br/><b><u>Enrollment:</u></b> 302",
        "styleUrl": "#Open"
      }
    },
    {
      "type": "Feature",
      "geometry": {
        "type": "Point",
        "coordinates": [
          -96.214391,
          30.78096
        ]
      },
      "properties": {
        "description": "<b><u>Address:</u></b> 6055 HEARNE RD, BRYAN, TX 77808<br/><b><u>Type:</u></b> Private<br/><b><u>Enrollment:</u></b> 35",
        "styleUrl": "#Open"
      }
    },
    {
      "type": "Feature",
      "geometry": {
        "type": "Point",
        "coordinates": [
          -97.200161,
          31.53041
        ]
      },
      "properties": {
        "description": "<b><u>Address:</u></b> 6125 BOSQUE BLVD, WACO, TX 76710<br/><b><u>Type:</u></b> Private<br/><b><u>Enrollment:</u></b> 149",
        "styleUrl": "#Open"
      }
    },
    {
      "type": "Feature",
      "geometry": {
        "type": "Point",
        "coordinates": [
          -97.127499,
          31.555032
        ]
      },
      "properties": {
        "description": "<b><u>Address:</u></b> 400 S 4TH ST, WACO, TX 76706<br/><b><u>Type:</u></b> Private<br/><b><u>Enrollment:</u></b> 447",
        "styleUrl": "#Open"
      }
    },
    {
      "type": "Feature",
      "geometry": {
        "type": "Point",
        "coordinates": [
          -96.733877,
          33.088599
        ]
      },
      "properties": {
        "description": "<b><u>Address:</u></b> 600 OLD CUSTER RD, ALLEN, TX 75013<br/><b><u>Type:</u></b> Private<br/><b><u>Enrollment:</u></b> 34",
        "styleUrl": "#Open"
      }
    },
    {
      "type": "Feature",
      "geometry": {
        "type": "Point",
        "coordinates": [
          -95.170028,
          30.072425
        ]
      },
      "properties": {
        "description": "<b><u>Address:</u></b> 2510 MILLS BRANCH DR STE 50, KINGWOOD, TX 77345<br/><b><u>Type:</u></b> Private<br/><b><u>Enrollment:</u></b> 47",
        "styleUrl": "#Open"
      }
    },
    {
      "type": "Feature",
      "geometry": {
        "type": "Point",
        "coordinates": [
          -97.176242,
          31.532133
        ]
      },
      "properties": {
        "description": "<b><u>Address:</u></b> 4600 SANGER AVE, WACO, TX 76710<br/><b><u>Type:</u></b> Private<br/><b><u>Enrollment:</u></b> 284",
        "styleUrl": "#Open"
      }
    },
    {
      "type": "Feature",
      "geometry": {
        "type": "Point",
        "coordinates": [
          -95.604984,
          29.589814
        ]
      },
      "properties": {
        "description": "<b><u>Address:</u></b> 2511 WILLIAMS TRCE BLVD, SUGAR LAND, TX 77479<br/><b><u>Type:</u></b> Private<br/><b><u>Enrollment:</u></b> 28",
        "styleUrl": "#Open"
      }
    },
    {
      "type": "Feature",
      "geometry": {
        "type": "Point",
        "coordinates": [
          -99.513417,
          27.588908
        ]
      },
      "properties": {
        "description": "<b><u>Address:</u></b> 2104 QUAIL CREEK RD, LAREDO, TX 78045<br/><b><u>Type:</u></b> Private<br/><b><u>Enrollment:</u></b> 20",
        "styleUrl": "#Open"
      }
    },
    {
      "type": "Feature",
      "geometry": {
        "type": "Point",
        "coordinates": [
          -98.311881,
          26.20203
        ]
      },
      "properties": {
        "description": "<b><u>Address:</u></b> 302 S BRYAN RD, MISSION, TX 78572<br/><b><u>Type:</u></b> Private<br/><b><u>Enrollment:</u></b> 1",
        "styleUrl": "#Open"
      }
    },
    {
      "type": "Feature",
      "geometry": {
        "type": "Point",
        "coordinates": [
          -96.922397,
          32.979316
        ]
      },
      "properties": {
        "description": "<b><u>Address:</u></b> 1417-ISMAIL CENTRE CIR, CARROLLTON, TX 75006<br/><b><u>Type:</u></b> Private<br/><b><u>Enrollment:</u></b> 12",
        "styleUrl": "#Open"
      }
    },
    {
      "type": "Feature",
      "geometry": {
        "type": "Point",
        "coordinates": [
          -98.690923,
          29.444945
        ]
      },
      "properties": {
        "description": "<b><u>Address:</u></b> 1211 N ELLISON DR, SAN ANTONIO, TX 78251<br/><b><u>Type:</u></b> Private<br/><b><u>Enrollment:</u></b> 4",
        "styleUrl": "#Open"
      }
    },
    {
      "type": "Feature",
      "geometry": {
        "type": "Point",
        "coordinates": [
          -96.749781,
          32.79348
        ]
      },
      "properties": {
        "description": "<b><u>Address:</u></b> 5427 PHILIP AVE, DALLAS, TX 75223<br/><b><u>Type:</u></b> Private<br/><b><u>Enrollment:</u></b> 33",
        "styleUrl": "#Open"
      }
    },
    {
      "type": "Feature",
      "geometry": {
        "type": "Point",
        "coordinates": [
          -95.485887,
          29.733615
        ]
      },
      "properties": {
        "description": "<b><u>Address:</u></b> 6018 FAIRDALE LN, HOUSTON, TX 77057<br/><b><u>Type:</u></b> Private<br/><b><u>Enrollment:</u></b> 17",
        "styleUrl": "#Open"
      }
    },
    {
      "type": "Feature",
      "geometry": {
        "type": "Point",
        "coordinates": [
          -98.58618,
          29.532294
        ]
      },
      "properties": {
        "description": "<b><u>Address:</u></b> 4911 GOLDEN QUAIL, SAN ANTONIO, TX 78240<br/><b><u>Type:</u></b> Private<br/><b><u>Enrollment:</u></b> 2",
        "styleUrl": "#Open"
      }
    },
    {
      "type": "Feature",
      "geometry": {
        "type": "Point",
        "coordinates": [
          -95.308315,
          32.322657
        ]
      },
      "properties": {
        "description": "<b><u>Address:</u></b> 2525 OLD JACKSONVILLE RD, TYLER, TX 75701<br/><b><u>Type:</u></b> Private<br/><b><u>Enrollment:</u></b> 140",
        "styleUrl": "#Open"
      }
    },
    {
      "type": "Feature",
      "geometry": {
        "type": "Point",
        "coordinates": [
          -96.756751,
          33.04059
        ]
      },
      "properties": {
        "description": "<b><u>Address:</u></b> 3300 W PARKER RD, PLANO, TX 75075<br/><b><u>Type:</u></b> Private<br/><b><u>Enrollment:</u></b> 68",
        "styleUrl": "#Open"
      }
    },
    {
      "type": "Feature",
      "geometry": {
        "type": "Point",
        "coordinates": [
          -96.742241,
          32.87799
        ]
      },
      "properties": {
        "description": "<b><u>Address:</u></b> 7335 ABRAMS RD, DALLAS, TX 75231<br/><b><u>Type:</u></b> Private<br/><b><u>Enrollment:</u></b> 83",
        "styleUrl": "#Open"
      }
    },
    {
      "type": "Feature",
      "geometry": {
        "type": "Point",
        "coordinates": [
          -95.228937,
          30.02857
        ]
      },
      "properties": {
        "description": "<b><u>Address:</u></b> 1711 HAMBLEN RD, KINGWOOD, TX 77339<br/><b><u>Type:</u></b> Private<br/><b><u>Enrollment:</u></b> 215",
        "styleUrl": "#Open"
      }
    },
    {
      "type": "Feature",
      "geometry": {
        "type": "Point",
        "coordinates": [
          -98.410911,
          29.57799
        ]
      },
      "properties": {
        "description": "<b><u>Address:</u></b> 4194 JUNG RD, SAN ANTONIO, TX 78247<br/><b><u>Type:</u></b> Private<br/><b><u>Enrollment:</u></b> 45",
        "styleUrl": "#Open"
      }
    },
    {
      "type": "Feature",
      "geometry": {
        "type": "Point",
        "coordinates": [
          -101.895413,
          33.55362
        ]
      },
      "properties": {
        "description": "<b><u>Address:</u></b> 3708 45TH ST, LUBBOCK, TX 79413<br/><b><u>Type:</u></b> Private<br/><b><u>Enrollment:</u></b> 15",
        "styleUrl": "#Open"
      }
    },
    {
      "type": "Feature",
      "geometry": {
        "type": "Point",
        "coordinates": [
          -97.915071,
          30.16332
        ]
      },
      "properties": {
        "description": "<b><u>Address:</u></b> 13401 ESCARPMENT BLVD, AUSTIN, TX 78739<br/><b><u>Type:</u></b> Private<br/><b><u>Enrollment:</u></b> 647",
        "styleUrl": "#Open"
      }
    },
    {
      "type": "Feature",
      "geometry": {
        "type": "Point",
        "coordinates": [
          -96.812021,
          33.01539
        ]
      },
      "properties": {
        "description": "<b><u>Address:</u></b> 5516 W PLANO PKWY, PLANO, TX 75093<br/><b><u>Type:</u></b> Private<br/><b><u>Enrollment:</u></b> 22",
        "styleUrl": "#Open"
      }
    },
    {
      "type": "Feature",
      "geometry": {
        "type": "Point",
        "coordinates": [
          -97.689931,
          30.31909
        ]
      },
      "properties": {
        "description": "<b><u>Address:</u></b> 6510 BERKMAN DR, AUSTIN, TX 78723<br/><b><u>Type:</u></b> Private<br/><b><u>Enrollment:</u></b> 7",
        "styleUrl": "#Open"
      }
    },
    {
      "type": "Feature",
      "geometry": {
        "type": "Point",
        "coordinates": [
          -97.790331,
          30.53085
        ]
      },
      "properties": {
        "description": "<b><u>Address:</u></b> 910 N VISTA RIDGE BLVD, CEDAR PARK, TX 78613<br/><b><u>Type:</u></b> Private<br/><b><u>Enrollment:</u></b> 2",
        "styleUrl": "#Open"
      }
    },
    {
      "type": "Feature",
      "geometry": {
        "type": "Point",
        "coordinates": [
          -96.884801,
          33.03411
        ]
      },
      "properties": {
        "description": "<b><u>Address:</u></b> 4537 N JOSEY LN, CARROLLTON, TX 75010<br/><b><u>Type:</u></b> Private<br/><b><u>Enrollment:</u></b> 15",
        "styleUrl": "#Open"
      }
    },
    {
      "type": "Feature",
      "geometry": {
        "type": "Point",
        "coordinates": [
          -95.566108,
          29.571325
        ]
      },
      "properties": {
        "description": "<b><u>Address:</u></b> 3311 WILLIAMSBURG LN, MISSOURI CITY, TX 77459<br/><b><u>Type:</u></b> Private<br/><b><u>Enrollment:</u></b> 13",
        "styleUrl": "#Open"
      }
    },
    {
      "type": "Feature",
      "geometry": {
        "type": "Point",
        "coordinates": [
          -95.70359,
          29.760835
        ]
      },
      "properties": {
        "description": "<b><u>Address:</u></b> 1902 BAKER RD, HOUSTON, TX 77094<br/><b><u>Type:</u></b> Private<br/><b><u>Enrollment:</u></b> 268",
        "styleUrl": "#Open"
      }
    },
    {
      "type": "Feature",
      "geometry": {
        "type": "Point",
        "coordinates": [
          -98.326339,
          26.153775
        ]
      },
      "properties": {
        "description": "<b><u>Address:</u></b> 5208 S FM 494, MISSION, TX 78572<br/><b><u>Type:</u></b> Private<br/><b><u>Enrollment:</u></b> 94",
        "styleUrl": "#Open"
      }
    },
    {
      "type": "Feature",
      "geometry": {
        "type": "Point",
        "coordinates": [
          -93.913501,
          29.95063
        ]
      },
      "properties": {
        "description": "<b><u>Address:</u></b> 3900 CLEVELAND AVE, GROVES, TX 77619<br/><b><u>Type:</u></b> Private<br/><b><u>Enrollment:</u></b> 51",
        "styleUrl": "#Open"
      }
    },
    {
      "type": "Feature",
      "geometry": {
        "type": "Point",
        "coordinates": [
          -95.506505,
          29.602056
        ]
      },
      "properties": {
        "description": "<b><u>Address:</u></b> 7950 W FUQUA, MISSOURI CITY, TX 77459<br/><b><u>Type:</u></b> Private<br/><b><u>Enrollment:</u></b> 35",
        "styleUrl": "#Open"
      }
    },
    {
      "type": "Feature",
      "geometry": {
        "type": "Point",
        "coordinates": [
          -95.628711,
          29.75501
        ]
      },
      "properties": {
        "description": "<b><u>Address:</u></b> 13555 BRIAR FOREST DR, HOUSTON, TX 77077<br/><b><u>Type:</u></b> Private<br/><b><u>Enrollment:</u></b> 94",
        "styleUrl": "#Open"
      }
    },
    {
      "type": "Feature",
      "geometry": {
        "type": "Point",
        "coordinates": [
          -95.404865,
          29.738106
        ]
      },
      "properties": {
        "description": "<b><u>Address:</u></b> 1800 SUL ROSS ST, HOUSTON, TX 77098<br/><b><u>Type:</u></b> Private<br/><b><u>Enrollment:</u></b> 67",
        "styleUrl": "#Open"
      }
    },
    {
      "type": "Feature",
      "geometry": {
        "type": "Point",
        "coordinates": [
          -95.256711,
          29.99124
        ]
      },
      "properties": {
        "description": "<b><u>Address:</u></b> 530 FERGUSON ST, HUMBLE, TX 77338<br/><b><u>Type:</u></b> Private<br/><b><u>Enrollment:</u></b> 163",
        "styleUrl": "#Open"
      }
    },
    {
      "type": "Feature",
      "geometry": {
        "type": "Point",
        "coordinates": [
          -95.60135,
          29.974636
        ]
      },
      "properties": {
        "description": "<b><u>Address:</u></b> 11735 GRANT RD, CYPRESS, TX 77429<br/><b><u>Type:</u></b> Private<br/><b><u>Enrollment:</u></b> 163",
        "styleUrl": "#Open"
      }
    },
    {
      "type": "Feature",
      "geometry": {
        "type": "Point",
        "coordinates": [
          -97.728211,
          30.30357
        ]
      },
      "properties": {
        "description": "<b><u>Address:</u></b> 4108 AVE H, AUSTIN, TX 78751<br/><b><u>Type:</u></b> Private<br/><b><u>Enrollment:</u></b> 4",
        "styleUrl": "#Open"
      }
    },
    {
      "type": "Feature",
      "geometry": {
        "type": "Point",
        "coordinates": [
          -96.865041,
          32.71982
        ]
      },
      "properties": {
        "description": "<b><u>Address:</u></b> 2726 W ILLINOIS AVE, DALLAS, TX 75233<br/><b><u>Type:</u></b> Private<br/><b><u>Enrollment:</u></b> 4",
        "styleUrl": "#Open"
      }
    },
    {
      "type": "Feature",
      "geometry": {
        "type": "Point",
        "coordinates": [
          -95.453621,
          29.68759
        ]
      },
      "properties": {
        "description": "<b><u>Address:</u></b> 4525 BEECHNUT ST, HOUSTON, TX 77096<br/><b><u>Type:</u></b> Private<br/><b><u>Enrollment:</u></b> 186",
        "styleUrl": "#Open"
      }
    },
    {
      "type": "Feature",
      "geometry": {
        "type": "Point",
        "coordinates": [
          -95.389481,
          29.73815
        ]
      },
      "properties": {
        "description": "<b><u>Address:</u></b> 810 SUL ROSS ST, HOUSTON, TX 77006<br/><b><u>Type:</u></b> Private<br/><b><u>Enrollment:</u></b> 36",
        "styleUrl": "#Open"
      }
    },
    {
      "type": "Feature",
      "geometry": {
        "type": "Point",
        "coordinates": [
          -95.488202,
          29.67688
        ]
      },
      "properties": {
        "description": "<b><u>Address:</u></b> 5600 N BRAESWOOD BLVD STE A, HOUSTON, TX 77096<br/><b><u>Type:</u></b> Private<br/><b><u>Enrollment:</u></b> 197",
        "styleUrl": "#Open"
      }
    },
    {
      "type": "Feature",
      "geometry": {
        "type": "Point",
        "coordinates": [
          -96.399481,
          30.16125
        ]
      },
      "properties": {
        "description": "<b><u>Address:</u></b> 305 W THIRD ST, BRENHAM, TX 77833<br/><b><u>Type:</u></b> Private<br/><b><u>Enrollment:</u></b> 134",
        "styleUrl": "#Open"
      }
    },
    {
      "type": "Feature",
      "geometry": {
        "type": "Point",
        "coordinates": [
          -95.498394,
          29.758108
        ]
      },
      "properties": {
        "description": "<b><u>Address:</u></b> 6410 WOODWAY DR, HOUSTON, TX 77057<br/><b><u>Type:</u></b> Private<br/><b><u>Enrollment:</u></b> 955",
        "styleUrl": "#Open"
      }
    },
    {
      "type": "Feature",
      "geometry": {
        "type": "Point",
        "coordinates": [
          -102.63879,
          32.70275
        ]
      },
      "properties": {
        "description": "<b><u>Address:</u></b> 1500 SE 5TH ST, SEMINOLE, TX 79360<br/><b><u>Type:</u></b> Private<br/><b><u>Enrollment:</u></b> 297",
        "styleUrl": "#Open"
      }
    },
    {
      "type": "Feature",
      "geometry": {
        "type": "Point",
        "coordinates": [
          -96.786566,
          32.940684
        ]
      },
      "properties": {
        "description": "<b><u>Address:</u></b> 14115 HILLCREST RD, DALLAS, TX 75254<br/><b><u>Type:</u></b> Private<br/><b><u>Enrollment:</u></b> 1090",
        "styleUrl": "#Open"
      }
    },
    {
      "type": "Feature",
      "geometry": {
        "type": "Point",
        "coordinates": [
          -95.462641,
          29.64643
        ]
      },
      "properties": {
        "description": "<b><u>Address:</u></b> 12401 S POST OAK RD STE A, HOUSTON, TX 77045<br/><b><u>Type:</u></b> Private<br/><b><u>Enrollment:</u></b> 218",
        "styleUrl": "#Open"
      }
    },
    {
      "type": "Feature",
      "geometry": {
        "type": "Point",
        "coordinates": [
          -97.701409,
          31.120418
        ]
      },
      "properties": {
        "description": "<b><u>Address:</u></b> 2901 E RANCIER AVE, KILLEEN, TX 76543<br/><b><u>Type:</u></b> Private<br/><b><u>Enrollment:</u></b> 198",
        "styleUrl": "#Open"
      }
    },
    {
      "type": "Feature",
      "geometry": {
        "type": "Point",
        "coordinates": [
          -96.81928,
          32.920282
        ]
      },
      "properties": {
        "description": "<b><u>Address:</u></b> 12525 INWOOD RD, DALLAS, TX 75244<br/><b><u>Type:</u></b> Private<br/><b><u>Enrollment:</u></b> 701",
        "styleUrl": "#Open"
      }
    },
    {
      "type": "Feature",
      "geometry": {
        "type": "Point",
        "coordinates": [
          -96.803201,
          32.8154
        ]
      },
      "properties": {
        "description": "<b><u>Address:</u></b> 3815 OAK LAWN AVE, DALLAS, TX 75219<br/><b><u>Type:</u></b> Private<br/><b><u>Enrollment:</u></b> 109",
        "styleUrl": "#Open"
      }
    },
    {
      "type": "Feature",
      "geometry": {
        "type": "Point",
        "coordinates": [
          -94.793394,
          29.29408
        ]
      },
      "properties": {
        "description": "<b><u>Address:</u></b> 2601 URSULINE AVE, GALVESTON, TX 77550<br/><b><u>Type:</u></b> Private<br/><b><u>Enrollment:</u></b> 51",
        "styleUrl": "#Open"
      }
    },
    {
      "type": "Feature",
      "geometry": {
        "type": "Point",
        "coordinates": [
          -97.871794,
          27.51744
        ]
      },
      "properties": {
        "description": "<b><u>Address:</u></b> 120 N 3RD ST, KINGSVILLE, TX 78363<br/><b><u>Type:</u></b> Private<br/><b><u>Enrollment:</u></b> 13",
        "styleUrl": "#Open"
      }
    },
    {
      "type": "Feature",
      "geometry": {
        "type": "Point",
        "coordinates": [
          -106.344143,
          31.775084
        ]
      },
      "properties": {
        "description": "<b><u>Address:</u></b> 2310 WOODSIDE DR, EL PASO, TX 79925<br/><b><u>Type:</u></b> Private<br/><b><u>Enrollment:</u></b> 214",
        "styleUrl": "#Open"
      }
    },
    {
      "type": "Feature",
      "geometry": {
        "type": "Point",
        "coordinates": [
          -97.317761,
          32.54706
        ]
      },
      "properties": {
        "description": "<b><u>Address:</u></b> 315 N BURLESON BLVD, BURLESON, TX 76028<br/><b><u>Type:</u></b> Private<br/><b><u>Enrollment:</u></b> 51",
        "styleUrl": "#Open"
      }
    },
    {
      "type": "Feature",
      "geometry": {
        "type": "Point",
        "coordinates": [
          -97.191178,
          33.083371
        ]
      },
      "properties": {
        "description": "<b><u>Address:</u></b> 1301 S US HIGHWAY 377, ARGYLE, TX 76226<br/><b><u>Type:</u></b> Private<br/><b><u>Enrollment:</u></b> 1004",
        "styleUrl": "#Open"
      }
    },
    {
      "type": "Feature",
      "geometry": {
        "type": "Point",
        "coordinates": [
          -96.622481,
          32.90516
        ]
      },
      "properties": {
        "description": "<b><u>Address:</u></b> 901 DAIRY RD, GARLAND, TX 75040<br/><b><u>Type:</u></b> Private<br/><b><u>Enrollment:</u></b> 22",
        "styleUrl": "#Open"
      }
    },
    {
      "type": "Feature",
      "geometry": {
        "type": "Point",
        "coordinates": [
          -96.731516,
          33.056248
        ]
      },
      "properties": {
        "description": "<b><u>Address:</u></b> 6000 CUSTER RD BLDG 5, PLANO, TX 75023<br/><b><u>Type:</u></b> Private<br/><b><u>Enrollment:</u></b> 117",
        "styleUrl": "#Open"
      }
    },
    {
      "type": "Feature",
      "geometry": {
        "type": "Point",
        "coordinates": [
          -96.491821,
          33.02669
        ]
      },
      "properties": {
        "description": "<b><u>Address:</u></b> 4110 SKYVIEW CT, WYLIE, TX 75098<br/><b><u>Type:</u></b> Private<br/><b><u>Enrollment:</u></b> 296",
        "styleUrl": "#Open"
      }
    },
    {
      "type": "Feature",
      "geometry": {
        "type": "Point",
        "coordinates": [
          -97.677451,
          30.61579
        ]
      },
      "properties": {
        "description": "<b><u>Address:</u></b> 500 PLEASANT VALLEY DR, GEORGETOWN, TX 78626<br/><b><u>Type:</u></b> Private<br/><b><u>Enrollment:</u></b> 115",
        "styleUrl": "#Open"
      }
    },
    {
      "type": "Feature",
      "geometry": {
        "type": "Point",
        "coordinates": [
          -95.500271,
          30.16723
        ]
      },
      "properties": {
        "description": "<b><u>Address:</u></b> 4890 W PANTHER CREEK DR, THE WOODLANDS, TX 77381<br/><b><u>Type:</u></b> Private<br/><b><u>Enrollment:</u></b> 208",
        "styleUrl": "#Open"
      }
    },
    {
      "type": "Feature",
      "geometry": {
        "type": "Point",
        "coordinates": [
          -97.710101,
          30.33123
        ]
      },
      "properties": {
        "description": "<b><u>Address:</u></b> 300 E HUNTLAND DR, AUSTIN, TX 78752<br/><b><u>Type:</u></b> Private<br/><b><u>Enrollment:</u></b> 376",
        "styleUrl": "#Open"
      }
    },
    {
      "type": "Feature",
      "geometry": {
        "type": "Point",
        "coordinates": [
          -97.134137,
          32.576302
        ]
      },
      "properties": {
        "description": "<b><u>Address:</u></b> 777 N WALNUT CREEK DR, MANSFIELD, TX 76063<br/><b><u>Type:</u></b> Private<br/><b><u>Enrollment:</u></b> 9",
        "styleUrl": "#Open"
      }
    },
    {
      "type": "Feature",
      "geometry": {
        "type": "Point",
        "coordinates": [
          -96.472439,
          32.859914
        ]
      },
      "properties": {
        "description": "<b><u>Address:</u></b> 1626 SMIRL DR, HEATH, TX 75032<br/><b><u>Type:</u></b> Private<br/><b><u>Enrollment:</u></b> 46",
        "styleUrl": "#Open"
      }
    },
    {
      "type": "Feature",
      "geometry": {
        "type": "Point",
        "coordinates": [
          -101.883761,
          33.50164
        ]
      },
      "properties": {
        "description": "<b><u>Address:</u></b> 3222 103RD ST, LUBBOCK, TX 79423<br/><b><u>Type:</u></b> Private<br/><b><u>Enrollment:</u></b> 374",
        "styleUrl": "#Open"
      }
    },
    {
      "type": "Feature",
      "geometry": {
        "type": "Point",
        "coordinates": [
          -95.762431,
          29.57941
        ]
      },
      "properties": {
        "description": "<b><u>Address:</u></b> 600 MAIN ST, RICHMOND, TX 77469<br/><b><u>Type:</u></b> Private<br/><b><u>Enrollment:</u></b> 46",
        "styleUrl": "#Open"
      }
    },
    {
      "type": "Feature",
      "geometry": {
        "type": "Point",
        "coordinates": [
          -95.456921,
          29.72516
        ]
      },
      "properties": {
        "description": "<b><u>Address:</u></b> 4888 LOOP CENTRAL DR STE 200, HOUSTON, TX 77081<br/><b><u>Type:</u></b> Private<br/><b><u>Enrollment:</u></b> 20",
        "styleUrl": "#Open"
      }
    },
    {
      "type": "Feature",
      "geometry": {
        "type": "Point",
        "coordinates": [
          -96.737531,
          33.0664
        ]
      },
      "properties": {
        "description": "<b><u>Address:</u></b> 6601 CUSTER RD, PLANO, TX 75023<br/><b><u>Type:</u></b> Private<br/><b><u>Enrollment:</u></b> 58",
        "styleUrl": "#Open"
      }
    },
    {
      "type": "Feature",
      "geometry": {
        "type": "Point",
        "coordinates": [
          -96.631401,
          33.1978
        ]
      },
      "properties": {
        "description": "<b><u>Address:</u></b> 1615 W LOUISIANA ST, MCKINNEY, TX 75069<br/><b><u>Type:</u></b> Private<br/><b><u>Enrollment:</u></b> 20",
        "styleUrl": "#Open"
      }
    },
    {
      "type": "Feature",
      "geometry": {
        "type": "Point",
        "coordinates": [
          -94.740061,
          32.49684
        ]
      },
      "properties": {
        "description": "<b><u>Address:</u></b> 301 N CENTER ST, LONGVIEW, TX 75601<br/><b><u>Type:</u></b> Private<br/><b><u>Enrollment:</u></b> 6",
        "styleUrl": "#Open"
      }
    },
    {
      "type": "Feature",
      "geometry": {
        "type": "Point",
        "coordinates": [
          -97.972623,
          30.202983
        ]
      },
      "properties": {
        "description": "<b><u>Address:</u></b> 12610 NUTTY BROWN RD, AUSTIN, TX 78737<br/><b><u>Type:</u></b> Private<br/><b><u>Enrollment:</u></b> 18",
        "styleUrl": "#Open"
      }
    },
    {
      "type": "Feature",
      "geometry": {
        "type": "Point",
        "coordinates": [
          -96.803041,
          32.8592
        ]
      },
      "properties": {
        "description": "<b><u>Address:</u></b> 4024 CARUTH BLVD, DALLAS, TX 75225<br/><b><u>Type:</u></b> Private<br/><b><u>Enrollment:</u></b> 30",
        "styleUrl": "#Open"
      }
    },
    {
      "type": "Feature",
      "geometry": {
        "type": "Point",
        "coordinates": [
          -96.833322,
          33.10722
        ]
      },
      "properties": {
        "description": "<b><u>Address:</u></b> 6160 WARREN PKWY STE 100, FRISCO, TX 75034<br/><b><u>Type:</u></b> Private<br/><b><u>Enrollment:</u></b> 69",
        "styleUrl": "#Open"
      }
    },
    {
      "type": "Feature",
      "geometry": {
        "type": "Point",
        "coordinates": [
          -95.734135,
          29.659047
        ]
      },
      "properties": {
        "description": "<b><u>Address:</u></b> 1810 LEWISVILLE DR, RICHMOND, TX 77406<br/><b><u>Type:</u></b> Private<br/><b><u>Enrollment:</u></b> 9",
        "styleUrl": "#Open"
      }
    },
    {
      "type": "Feature",
      "geometry": {
        "type": "Point",
        "coordinates": [
          -95.703572,
          29.968815
        ]
      },
      "properties": {
        "description": "<b><u>Address:</u></b> 13013 FRY RD, CYPRESS, TX 77433<br/><b><u>Type:</u></b> Private<br/><b><u>Enrollment:</u></b> 13",
        "styleUrl": "#Open"
      }
    },
    {
      "type": "Feature",
      "geometry": {
        "type": "Point",
        "coordinates": [
          -98.732124,
          29.431467
        ]
      },
      "properties": {
        "description": "<b><u>Address:</u></b> 111 EXETER PL DR, SAN ANTONIO, TX 78253<br/><b><u>Type:</u></b> Private<br/><b><u>Enrollment:</u></b> 43",
        "styleUrl": "#Open"
      }
    },
    {
      "type": "Feature",
      "geometry": {
        "type": "Point",
        "coordinates": [
          -95.556222,
          30.141517
        ]
      },
      "properties": {
        "description": "<b><u>Address:</u></b> 26133 KUYKENDAHL RD, TOMBALL, TX 77375<br/><b><u>Type:</u></b> Private<br/><b><u>Enrollment:</u></b> 15",
        "styleUrl": "#Open"
      }
    },
    {
      "type": "Feature",
      "geometry": {
        "type": "Point",
        "coordinates": [
          -98.039584,
          30.367251
        ]
      },
      "properties": {
        "description": "<b><u>Address:</u></b> 3001 RO DR, SPICEWOOD, TX 78669<br/><b><u>Type:</u></b> Private<br/><b><u>Enrollment:</u></b> 22",
        "styleUrl": "#Open"
      }
    },
    {
      "type": "Feature",
      "geometry": {
        "type": "Point",
        "coordinates": [
          -95.761778,
          29.582298
        ]
      },
      "properties": {
        "description": "<b><u>Address:</u></b> 400 JACKSON ST, RICHMOND, TX 77469<br/><b><u>Type:</u></b> Private<br/><b><u>Enrollment:</u></b> 16",
        "styleUrl": "#Open"
      }
    },
    {
      "type": "Feature",
      "geometry": {
        "type": "Point",
        "coordinates": [
          -100.8037,
          36.377572
        ]
      },
      "properties": {
        "description": "<b><u>Address:</u></b> 2322 S MAIN ST, PERRYTON, TX 79070<br/><b><u>Type:</u></b> Private<br/><b><u>Enrollment:</u></b> 15",
        "styleUrl": "#Open"
      }
    },
    {
      "type": "Feature",
      "geometry": {
        "type": "Point",
        "coordinates": [
          -103.665271,
          30.36478
        ]
      },
      "properties": {
        "description": "<b><u>Address:</u></b> 908 N 6TH ST, ALPINE, TX 79830<br/><b><u>Type:</u></b> Private<br/><b><u>Enrollment:</u></b> 38",
        "styleUrl": "#Open"
      }
    },
    {
      "type": "Feature",
      "geometry": {
        "type": "Point",
        "coordinates": [
          -94.782141,
          32.58944
        ]
      },
      "properties": {
        "description": "<b><u>Address:</u></b> 2715 FM 1844, LONGVIEW, TX 75605<br/><b><u>Type:</u></b> Private<br/><b><u>Enrollment:</u></b> 251",
        "styleUrl": "#Open"
      }
    },
    {
      "type": "Feature",
      "geometry": {
        "type": "Point",
        "coordinates": [
          -97.914075,
          29.53122
        ]
      },
      "properties": {
        "description": "<b><u>Address:</u></b> 395 LIFEGATE LN, SEGUIN, TX 78155<br/><b><u>Type:</u></b> Private<br/><b><u>Enrollment:</u></b> 132",
        "styleUrl": "#Open"
      }
    },
    {
      "type": "Feature",
      "geometry": {
        "type": "Point",
        "coordinates": [
          -101.897162,
          33.5278
        ]
      },
      "properties": {
        "description": "<b><u>Address:</u></b> 3801 S LOOP 289, LUBBOCK, TX 79423<br/><b><u>Type:</u></b> Private<br/><b><u>Enrollment:</u></b> 390",
        "styleUrl": "#Open"
      }
    },
    {
      "type": "Feature",
      "geometry": {
        "type": "Point",
        "coordinates": [
          -96.89758,
          32.744203
        ]
      },
      "properties": {
        "description": "<b><u>Address:</u></b> 321 CALUMET AVE STE B, DALLAS, TX 75211<br/><b><u>Type:</u></b> Private<br/><b><u>Enrollment:</u></b> 118",
        "styleUrl": "#Open"
      }
    },
    {
      "type": "Feature",
      "geometry": {
        "type": "Point",
        "coordinates": [
          -96.766645,
          32.874011
        ]
      },
      "properties": {
        "description": "<b><u>Address:</u></b> 9330 N CENTRAL EXPY, DALLAS, TX 75231<br/><b><u>Type:</u></b> Private<br/><b><u>Enrollment:</u></b> 96",
        "styleUrl": "#Open"
      }
    },
    {
      "type": "Feature",
      "geometry": {
        "type": "Point",
        "coordinates": [
          -98.005558,
          30.198652
        ]
      },
      "properties": {
        "description": "<b><u>Address:</u></b> 13730 HWY 290 W, AUSTIN, TX 78737<br/><b><u>Type:</u></b> Private<br/><b><u>Enrollment:</u></b> 146",
        "styleUrl": "#Open"
      }
    },
    {
      "type": "Feature",
      "geometry": {
        "type": "Point",
        "coordinates": [
          -100.917761,
          32.714654
        ]
      },
      "properties": {
        "description": "<b><u>Address:</u></b> 2700 COLLEGE, SNYDER, TX 79550<br/><b><u>Type:</u></b> Private<br/><b><u>Enrollment:</u></b> 45",
        "styleUrl": "#Open"
      }
    },
    {
      "type": "Feature",
      "geometry": {
        "type": "Point",
        "coordinates": [
          -95.672951,
          29.7183
        ]
      },
      "properties": {
        "description": "<b><u>Address:</u></b> 16305 WESTHEIMER RD # 111, HOUSTON, TX 77082<br/><b><u>Type:</u></b> Private<br/><b><u>Enrollment:</u></b> 20",
        "styleUrl": "#Open"
      }
    },
    {
      "type": "Feature",
      "geometry": {
        "type": "Point",
        "coordinates": [
          -95.580539,
          30.124516
        ]
      },
      "properties": {
        "description": "<b><u>Address:</u></b> 10431 HUFSMITH RD, TOMBALL, TX 77375<br/><b><u>Type:</u></b> Private<br/><b><u>Enrollment:</u></b> 63",
        "styleUrl": "#Open"
      }
    },
    {
      "type": "Feature",
      "geometry": {
        "type": "Point",
        "coordinates": [
          -95.303881,
          32.37983
        ]
      },
      "properties": {
        "description": "<b><u>Address:</u></b> 504 W 32ND ST, TYLER, TX 75702<br/><b><u>Type:</u></b> Private<br/><b><u>Enrollment:</u></b> 68",
        "styleUrl": "#Open"
      }
    },
    {
      "type": "Feature",
      "geometry": {
        "type": "Point",
        "coordinates": [
          -102.518381,
          36.05318
        ]
      },
      "properties": {
        "description": "<b><u>Address:</u></b> 410 E 13TH ST, DALHART, TX 79022<br/><b><u>Type:</u></b> Private<br/><b><u>Enrollment:</u></b> 55",
        "styleUrl": "#Open"
      }
    },
    {
      "type": "Feature",
      "geometry": {
        "type": "Point",
        "coordinates": [
          -97.407291,
          30.57225
        ]
      },
      "properties": {
        "description": "<b><u>Address:</u></b> 520 WASHBURN ST, TAYLOR, TX 76574<br/><b><u>Type:</u></b> Private<br/><b><u>Enrollment:</u></b> 219",
        "styleUrl": "#Open"
      }
    },
    {
      "type": "Feature",
      "geometry": {
        "type": "Point",
        "coordinates": [
          -97.76312,
          30.240906
        ]
      },
      "properties": {
        "description": "<b><u>Address:</u></b> 800 HERNDON, AUSTIN, TX 78704<br/><b><u>Type:</u></b> Private<br/><b><u>Enrollment:</u></b> 178",
        "styleUrl": "#Open"
      }
    },
    {
      "type": "Feature",
      "geometry": {
        "type": "Point",
        "coordinates": [
          -99.49423,
          27.568662
        ]
      },
      "properties": {
        "description": "<b><u>Address:</u></b> 10 E DEL MAR BLVD, LAREDO, TX 78041<br/><b><u>Type:</u></b> Private<br/><b><u>Enrollment:</u></b> 344",
        "styleUrl": "#Open"
      }
    },
    {
      "type": "Feature",
      "geometry": {
        "type": "Point",
        "coordinates": [
          -97.331851,
          32.72918
        ]
      },
      "properties": {
        "description": "<b><u>Address:</u></b> 1400 HEMPHILL ST, FORT WORTH, TX 76104<br/><b><u>Type:</u></b> Private<br/><b><u>Enrollment:</u></b> 113",
        "styleUrl": "#Open"
      }
    },
    {
      "type": "Feature",
      "geometry": {
        "type": "Point",
        "coordinates": [
          -97.999561,
          29.8999
        ]
      },
      "properties": {
        "description": "<b><u>Address:</u></b> 2801 RANCH RD 12, SAN MARCOS, TX 78666<br/><b><u>Type:</u></b> Private<br/><b><u>Enrollment:</u></b> 296",
        "styleUrl": "#Open"
      }
    },
    {
      "type": "Feature",
      "geometry": {
        "type": "Point",
        "coordinates": [
          -96.687211,
          32.82258
        ]
      },
      "properties": {
        "description": "<b><u>Address:</u></b> 1601 OATES DR, DALLAS, TX 75228<br/><b><u>Type:</u></b> Private<br/><b><u>Enrollment:</u></b> 136",
        "styleUrl": "#Open"
      }
    },
    {
      "type": "Feature",
      "geometry": {
        "type": "Point",
        "coordinates": [
          -101.868666,
          33.533329
        ]
      },
      "properties": {
        "description": "<b><u>Address:</u></b> 6701 UNIVERSITY AVE, LUBBOCK, TX 79413<br/><b><u>Type:</u></b> Private<br/><b><u>Enrollment:</u></b> 627",
        "styleUrl": "#Open"
      }
    },
    {
      "type": "Feature",
      "geometry": {
        "type": "Point",
        "coordinates": [
          -97.761171,
          30.48898
        ]
      },
      "properties": {
        "description": "<b><u>Address:</u></b> 9400 NEENAH AVE, AUSTIN, TX 78717<br/><b><u>Type:</u></b> Private<br/><b><u>Enrollment:</u></b> 613",
        "styleUrl": "#Open"
      }
    },
    {
      "type": "Feature",
      "geometry": {
        "type": "Point",
        "coordinates": [
          -96.783451,
          32.99891
        ]
      },
      "properties": {
        "description": "<b><u>Address:</u></b> 6921 FRANKFORD RD, DALLAS, TX 75252<br/><b><u>Type:</u></b> Private<br/><b><u>Enrollment:</u></b> 320",
        "styleUrl": "#Open"
      }
    },
    {
      "type": "Feature",
      "geometry": {
        "type": "Point",
        "coordinates": [
          -96.810741,
          32.89561
        ]
      },
      "properties": {
        "description": "<b><u>Address:</u></b> 5707 ROYAL LN, DALLAS, TX 75229<br/><b><u>Type:</u></b> Private<br/><b><u>Enrollment:</u></b> 158",
        "styleUrl": "#Open"
      }
    },
    {
      "type": "Feature",
      "geometry": {
        "type": "Point",
        "coordinates": [
          -97.487016,
          25.909626
        ]
      },
      "properties": {
        "description": "<b><u>Address:</u></b> 1214 LINCOLN ST, BROWNSVILLE, TX 78521<br/><b><u>Type:</u></b> Private<br/><b><u>Enrollment:</u></b> 58",
        "styleUrl": "#Open"
      }
    },
    {
      "type": "Feature",
      "geometry": {
        "type": "Point",
        "coordinates": [
          -100.502801,
          28.71334
        ]
      },
      "properties": {
        "description": "<b><u>Address:</u></b> 648 MADISON ST, EAGLE PASS, TX 78852<br/><b><u>Type:</u></b> Private<br/><b><u>Enrollment:</u></b> 64",
        "styleUrl": "#Open"
      }
    },
    {
      "type": "Feature",
      "geometry": {
        "type": "Point",
        "coordinates": [
          -98.156332,
          26.30637
        ]
      },
      "properties": {
        "description": "<b><u>Address:</u></b> 508 VAN WEEK ST, EDINBURGH, TX 78539<br/><b><u>Type:</u></b> Private<br/><b><u>Enrollment:</u></b> 4",
        "styleUrl": "#Open"
      }
    },
    {
      "type": "Feature",
      "geometry": {
        "type": "Point",
        "coordinates": [
          -97.706101,
          29.88271
        ]
      },
      "properties": {
        "description": "<b><u>Address:</u></b> 2000 W SAN ANTONIO ST, LOCKHART, TX 78644<br/><b><u>Type:</u></b> Private<br/><b><u>Enrollment:</u></b> 11",
        "styleUrl": "#Open"
      }
    },
    {
      "type": "Feature",
      "geometry": {
        "type": "Point",
        "coordinates": [
          -96.776689,
          32.92131
        ]
      },
      "properties": {
        "description": "<b><u>Address:</u></b> 12712 PARK CENTRAL DR STE B190, DALLAS, TX 75251<br/><b><u>Type:</u></b> Private<br/><b><u>Enrollment:</u></b> 59",
        "styleUrl": "#Open"
      }
    },
    {
      "type": "Feature",
      "geometry": {
        "type": "Point",
        "coordinates": [
          -106.581631,
          31.83084
        ]
      },
      "properties": {
        "description": "<b><u>Address:</u></b> 400 W SUNSET RD, EL PASO, TX 79922<br/><b><u>Type:</u></b> Private<br/><b><u>Enrollment:</u></b> 164",
        "styleUrl": "#Open"
      }
    },
    {
      "type": "Feature",
      "geometry": {
        "type": "Point",
        "coordinates": [
          -95.820401,
          29.787924
        ]
      },
      "properties": {
        "description": "<b><u>Address:</u></b> 5561 THIRD ST, KATY, TX 77493<br/><b><u>Type:</u></b> Private<br/><b><u>Enrollment:</u></b> 32",
        "styleUrl": "#Open"
      }
    },
    {
      "type": "Feature",
      "geometry": {
        "type": "Point",
        "coordinates": [
          -96.595281,
          32.752047
        ]
      },
      "properties": {
        "description": "<b><u>Address:</u></b> 1212 S BELT LINE RD, MESQUITE, TX 75149<br/><b><u>Type:</u></b> Private<br/><b><u>Enrollment:</u></b> 54",
        "styleUrl": "#Open"
      }
    },
    {
      "type": "Feature",
      "geometry": {
        "type": "Point",
        "coordinates": [
          -99.468736,
          27.57421
        ]
      },
      "properties": {
        "description": "<b><u>Address:</u></b> 1701 PEACEFUL MEADOWS CT, LAREDO, TX 78041<br/><b><u>Type:</u></b> Private<br/><b><u>Enrollment:</u></b> 27",
        "styleUrl": "#Open"
      }
    },
    {
      "type": "Feature",
      "geometry": {
        "type": "Point",
        "coordinates": [
          -97.332051,
          32.39565
        ]
      },
      "properties": {
        "description": "<b><u>Address:</u></b> 106 S OLD BETSY RD, KEENE, TX 76059<br/><b><u>Type:</u></b> Private<br/><b><u>Enrollment:</u></b> 159",
        "styleUrl": "#Open"
      }
    },
    {
      "type": "Feature",
      "geometry": {
        "type": "Point",
        "coordinates": [
          -97.739511,
          30.29174
        ]
      },
      "properties": {
        "description": "<b><u>Address:</u></b> 209 W 27TH ST, AUSTIN, TX 78705<br/><b><u>Type:</u></b> Private<br/><b><u>Enrollment:</u></b> 8",
        "styleUrl": "#Open"
      }
    },
    {
      "type": "Feature",
      "geometry": {
        "type": "Point",
        "coordinates": [
          -98.492911,
          29.45232
        ]
      },
      "properties": {
        "description": "<b><u>Address:</u></b> 119 E CRAIG PL, SAN ANTONIO, TX 78212<br/><b><u>Type:</u></b> Private<br/><b><u>Enrollment:</u></b> 443",
        "styleUrl": "#Open"
      }
    },
    {
      "type": "Feature",
      "geometry": {
        "type": "Point",
        "coordinates": [
          -98.508307,
          29.602304
        ]
      },
      "properties": {
        "description": "<b><u>Address:</u></b> 17595 W BLANCO RD STE 201, SAN ANTONIO, TX 78232<br/><b><u>Type:</u></b> Private<br/><b><u>Enrollment:</u></b> 1420",
        "styleUrl": "#Open"
      }
    },
    {
      "type": "Feature",
      "geometry": {
        "type": "Point",
        "coordinates": [
          -97.462411,
          31.06158
        ]
      },
      "properties": {
        "description": "<b><u>Address:</u></b> 506 N MAIN ST, BELTON, TX 76513<br/><b><u>Type:</u></b> Private<br/><b><u>Enrollment:</u></b> 353",
        "styleUrl": "#Open"
      }
    },
    {
      "type": "Feature",
      "geometry": {
        "type": "Point",
        "coordinates": [
          -95.761351,
          29.57926
        ]
      },
      "properties": {
        "description": "<b><u>Address:</u></b> 503 MAIN ST, RICHMOND, TX 77469<br/><b><u>Type:</u></b> Private<br/><b><u>Enrollment:</u></b> 18",
        "styleUrl": "#Open"
      }
    },
    {
      "type": "Feature",
      "geometry": {
        "type": "Point",
        "coordinates": [
          -98.527221,
          29.48582
        ]
      },
      "properties": {
        "description": "<b><u>Address:</u></b> 222 SALEM DR, SAN ANTONIO, TX 78201<br/><b><u>Type:</u></b> Private<br/><b><u>Enrollment:</u></b> 33",
        "styleUrl": "#Open"
      }
    },
    {
      "type": "Feature",
      "geometry": {
        "type": "Point",
        "coordinates": [
          -98.584919,
          29.564715
        ]
      },
      "properties": {
        "description": "<b><u>Address:</u></b> 5084 DE ZAVALA RD, SAN ANTONIO, TX 78249<br/><b><u>Type:</u></b> Private<br/><b><u>Enrollment:</u></b> 36",
        "styleUrl": "#Open"
      }
    },
    {
      "type": "Feature",
      "geometry": {
        "type": "Point",
        "coordinates": [
          -95.742041,
          29.77579
        ]
      },
      "properties": {
        "description": "<b><u>Address:</u></b> 21418 KINGSLAND BLVD, KATY, TX 77450<br/><b><u>Type:</u></b> Private<br/><b><u>Enrollment:</u></b> 63",
        "styleUrl": "#Open"
      }
    },
    {
      "type": "Feature",
      "geometry": {
        "type": "Point",
        "coordinates": [
          -95.39042,
          32.358204
        ]
      },
      "properties": {
        "description": "<b><u>Address:</u></b> 961 COUNTY ROAD 1143, TYLER, TX 75704<br/><b><u>Type:</u></b> Private<br/><b><u>Enrollment:</u></b> 77",
        "styleUrl": "#Open"
      }
    },
    {
      "type": "Feature",
      "geometry": {
        "type": "Point",
        "coordinates": [
          -99.48362,
          27.51165
        ]
      },
      "properties": {
        "description": "<b><u>Address:</u></b> 1300 GALVESTON ST, LAREDO, TX 78040<br/><b><u>Type:</u></b> Private<br/><b><u>Enrollment:</u></b> 335",
        "styleUrl": "#Open"
      }
    },
    {
      "type": "Feature",
      "geometry": {
        "type": "Point",
        "coordinates": [
          -97.451294,
          32.747256
        ]
      },
      "properties": {
        "description": "<b><u>Address:</u></b> 1201 S CHERRY LN, FORT WORTH, TX 76108<br/><b><u>Type:</u></b> Private<br/><b><u>Enrollment:</u></b> 83",
        "styleUrl": "#Open"
      }
    },
    {
      "type": "Feature",
      "geometry": {
        "type": "Point",
        "coordinates": [
          -95.782397,
          29.628648
        ]
      },
      "properties": {
        "description": "<b><u>Address:</u></b> 4600 FM 359 RD, RICHMOND, TX 77406<br/><b><u>Type:</u></b> Private<br/><b><u>Enrollment:</u></b> 8",
        "styleUrl": "#Open"
      }
    },
    {
      "type": "Feature",
      "geometry": {
        "type": "Point",
        "coordinates": [
          -97.772985,
          30.453741
        ]
      },
      "properties": {
        "description": "<b><u>Address:</u></b> 8863 ANDERSON MILL RD STE 120, AUSTIN, TX 78729<br/><b><u>Type:</u></b> Private<br/><b><u>Enrollment:</u></b> 2",
        "styleUrl": "#Open"
      }
    },
    {
      "type": "Feature",
      "geometry": {
        "type": "Point",
        "coordinates": [
          -97.131519,
          32.849955
        ]
      },
      "properties": {
        "description": "<b><u>Address:</u></b> 2804 CENTRAL DR, BEDFORD, TX 76021<br/><b><u>Type:</u></b> Private<br/><b><u>Enrollment:</u></b> 5",
        "styleUrl": "#Open"
      }
    },
    {
      "type": "Feature",
      "geometry": {
        "type": "Point",
        "coordinates": [
          -95.438916,
          30.059514
        ]
      },
      "properties": {
        "description": "<b><u>Address:</u></b> 1612 MEADOW EDGE LN, SPRING, TX 77388<br/><b><u>Type:</u></b> Private<br/><b><u>Enrollment:</u></b> 5",
        "styleUrl": "#Open"
      }
    },
    {
      "type": "Feature",
      "geometry": {
        "type": "Point",
        "coordinates": [
          -95.285022,
          32.30431
        ]
      },
      "properties": {
        "description": "<b><u>Address:</u></b> 1405 E SE LOOP 323, TYLER, TX 75701<br/><b><u>Type:</u></b> Private<br/><b><u>Enrollment:</u></b> 219",
        "styleUrl": "#Open"
      }
    },
    {
      "type": "Feature",
      "geometry": {
        "type": "Point",
        "coordinates": [
          -94.338108,
          32.160428
        ]
      },
      "properties": {
        "description": "<b><u>Address:</u></b> 108 E ASH ST, CARTHAGE, TX 75633<br/><b><u>Type:</u></b> Private<br/><b><u>Enrollment:</u></b> 35",
        "styleUrl": "#Open"
      }
    },
    {
      "type": "Feature",
      "geometry": {
        "type": "Point",
        "coordinates": [
          -96.694662,
          30.528098
        ]
      },
      "properties": {
        "description": "<b><u>Address:</u></b> 501 W MUSTANG ST, CALDWELL, TX 77836<br/><b><u>Type:</u></b> Private<br/><b><u>Enrollment:</u></b> 84",
        "styleUrl": "#Open"
      }
    },
    {
      "type": "Feature",
      "geometry": {
        "type": "Point",
        "coordinates": [
          -97.692039,
          30.508956
        ]
      },
      "properties": {
        "description": "<b><u>Address:</u></b> 800 WESTWOOD DR, ROUND ROCK, TX 78681<br/><b><u>Type:</u></b> Private<br/><b><u>Enrollment:</u></b> 567",
        "styleUrl": "#Open"
      }
    },
    {
      "type": "Feature",
      "geometry": {
        "type": "Point",
        "coordinates": [
          -97.406162,
          27.670717
        ]
      },
      "properties": {
        "description": "<b><u>Address:</u></b> 5025A YORKTOWN BLVD, CORPUS CHRISTI, TX 78413<br/><b><u>Type:</u></b> Private<br/><b><u>Enrollment:</u></b> 181",
        "styleUrl": "#Open"
      }
    },
    {
      "type": "Feature",
      "geometry": {
        "type": "Point",
        "coordinates": [
          -97.236171,
          31.48718
        ]
      },
      "properties": {
        "description": "<b><u>Address:</u></b> 13000 WOODWAY DR, WOODWAY, TX 76712<br/><b><u>Type:</u></b> Private<br/><b><u>Enrollment:</u></b> 151",
        "styleUrl": "#Open"
      }
    },
    {
      "type": "Feature",
      "geometry": {
        "type": "Point",
        "coordinates": [
          -95.580371,
          29.7905
        ]
      },
      "properties": {
        "description": "<b><u>Address:</u></b> 1331 SHERWOOD FOREST ST, HOUSTON, TX 77043<br/><b><u>Type:</u></b> Private<br/><b><u>Enrollment:</u></b> 38",
        "styleUrl": "#Open"
      }
    },
    {
      "type": "Feature",
      "geometry": {
        "type": "Point",
        "coordinates": [
          -95.122701,
          29.57845
        ]
      },
      "properties": {
        "description": "<b><u>Address:</u></b> 15625 SPACE CENTER BLVD, HOUSTON, TX 77062<br/><b><u>Type:</u></b> Private<br/><b><u>Enrollment:</u></b> 13",
        "styleUrl": "#Open"
      }
    },
    {
      "type": "Feature",
      "geometry": {
        "type": "Point",
        "coordinates": [
          -95.161161,
          29.99558
        ]
      },
      "properties": {
        "description": "<b><u>Address:</u></b> 19120 W LAKE HOUSTON PKWY, HUMBLE, TX 77346<br/><b><u>Type:</u></b> Private<br/><b><u>Enrollment:</u></b> 10",
        "styleUrl": "#Open"
      }
    },
    {
      "type": "Feature",
      "geometry": {
        "type": "Point",
        "coordinates": [
          -95.525778,
          30.175707
        ]
      },
      "properties": {
        "description": "<b><u>Address:</u></b> 1 JOHN COOPER DR, THE WOODLANDS, TX 77381<br/><b><u>Type:</u></b> Private<br/><b><u>Enrollment:</u></b> 1257",
        "styleUrl": "#Open"
      }
    },
    {
      "type": "Feature",
      "geometry": {
        "type": "Point",
        "coordinates": [
          -95.389637,
          29.728422
        ]
      },
      "properties": {
        "description": "<b><u>Address:</u></b> 40 OAKDALE ST, HOUSTON, TX 77006<br/><b><u>Type:</u></b> Private<br/><b><u>Enrollment:</u></b> 572",
        "styleUrl": "#Open"
      }
    },
    {
      "type": "Feature",
      "geometry": {
        "type": "Point",
        "coordinates": [
          -95.487144,
          30.36452
        ]
      },
      "properties": {
        "description": "<b><u>Address:</u></b> 3993 INTERSTATE 45 N, CONROE, TX 77304<br/><b><u>Type:</u></b> Private<br/><b><u>Enrollment:</u></b> 88",
        "styleUrl": "#Open"
      }
    },
    {
      "type": "Feature",
      "geometry": {
        "type": "Point",
        "coordinates": [
          -96.265711,
          30.5633
        ]
      },
      "properties": {
        "description": "<b><u>Address:</u></b> 1021 ARRINGTON RD, COLLEGE STATION, TX 77845<br/><b><u>Type:</u></b> Private<br/><b><u>Enrollment:</u></b> 5",
        "styleUrl": "#Open"
      }
    },
    {
      "type": "Feature",
      "geometry": {
        "type": "Point",
        "coordinates": [
          -96.828151,
          32.79804
        ]
      },
      "properties": {
        "description": "<b><u>Address:</u></b> 1350 MANUFACTURING ST STE 111, DALLAS, TX 75207<br/><b><u>Type:</u></b> Private<br/><b><u>Enrollment:</u></b> 41",
        "styleUrl": "#Open"
      }
    },
    {
      "type": "Feature",
      "geometry": {
        "type": "Point",
        "coordinates": [
          -96.308271,
          30.57275
        ]
      },
      "properties": {
        "description": "<b><u>Address:</u></b> 220 ROCK PRAIRIE RD, COLLEGE STATION, TX 77845<br/><b><u>Type:</u></b> Private<br/><b><u>Enrollment:</u></b> 14",
        "styleUrl": "#Open"
      }
    },
    {
      "type": "Feature",
      "geometry": {
        "type": "Point",
        "coordinates": [
          -97.980321,
          30.31983
        ]
      },
      "properties": {
        "description": "<b><u>Address:</u></b> 15201 CASCADE BLUFF, AUSTIN, TX 78738<br/><b><u>Type:</u></b> Private<br/><b><u>Enrollment:</u></b> 32",
        "styleUrl": "#Open"
      }
    },
    {
      "type": "Feature",
      "geometry": {
        "type": "Point",
        "coordinates": [
          -95.284671,
          29.56543
        ]
      },
      "properties": {
        "description": "<b><u>Address:</u></b> 2314 N GRAND BLVD, PEARLAND, TX 77581<br/><b><u>Type:</u></b> Private<br/><b><u>Enrollment:</u></b> 22",
        "styleUrl": "#Open"
      }
    },
    {
      "type": "Feature",
      "geometry": {
        "type": "Point",
        "coordinates": [
          -95.535599,
          29.512909
        ]
      },
      "properties": {
        "description": "<b><u>Address:</u></b> 8900 SIENNA RANCH RD, MISSOURI CITY, TX 77459<br/><b><u>Type:</u></b> Private<br/><b><u>Enrollment:</u></b> 7",
        "styleUrl": "#Open"
      }
    },
    {
      "type": "Feature",
      "geometry": {
        "type": "Point",
        "coordinates": [
          -95.752471,
          29.74172
        ]
      },
      "properties": {
        "description": "<b><u>Address:</u></b> 2944 S MASON RD STE L, KATY, TX 77450<br/><b><u>Type:</u></b> Private<br/><b><u>Enrollment:</u></b> 19",
        "styleUrl": "#Open"
      }
    },
    {
      "type": "Feature",
      "geometry": {
        "type": "Point",
        "coordinates": [
          -97.963475,
          30.311126
        ]
      },
      "properties": {
        "description": "<b><u>Address:</u></b> 14001 BEE CAVE PKWY, AUSTIN, TX 78738<br/><b><u>Type:</u></b> Private<br/><b><u>Enrollment:</u></b> 46",
        "styleUrl": "#Open"
      }
    },
    {
      "type": "Feature",
      "geometry": {
        "type": "Point",
        "coordinates": [
          -101.91273,
          33.518286
        ]
      },
      "properties": {
        "description": "<b><u>Address:</u></b> 4701 82ND ST, LUBBOCK, TX 79424<br/><b><u>Type:</u></b> Private<br/><b><u>Enrollment:</u></b> 25",
        "styleUrl": "#Open"
      }
    },
    {
      "type": "Feature",
      "geometry": {
        "type": "Point",
        "coordinates": [
          -95.555481,
          29.73941
        ]
      },
      "properties": {
        "description": "<b><u>Address:</u></b> 10219 ELLA LEE LN, HOUSTON, TX 77042<br/><b><u>Type:</u></b> Private<br/><b><u>Enrollment:</u></b> 340",
        "styleUrl": "#Open"
      }
    },
    {
      "type": "Feature",
      "geometry": {
        "type": "Point",
        "coordinates": [
          -98.880432,
          29.356419
        ]
      },
      "properties": {
        "description": "<b><u>Address:</u></b> 607 MADRID ST, CASTROVILLE, TX 78009<br/><b><u>Type:</u></b> Private<br/><b><u>Enrollment:</u></b> 114",
        "styleUrl": "#Open"
      }
    },
    {
      "type": "Feature",
      "geometry": {
        "type": "Point",
        "coordinates": [
          -96.314511,
          32.59401
        ]
      },
      "properties": {
        "description": "<b><u>Address:</u></b> 401 N SHANNON ST, KAUFMAN, TX 75142<br/><b><u>Type:</u></b> Private<br/><b><u>Enrollment:</u></b> 89",
        "styleUrl": "#Open"
      }
    },
    {
      "type": "Feature",
      "geometry": {
        "type": "Point",
        "coordinates": [
          -96.983221,
          28.82266
        ]
      },
      "properties": {
        "description": "<b><u>Address:</u></b> 3310 N BEN JORDAN ST, VICTORIA, TX 77901<br/><b><u>Type:</u></b> Private<br/><b><u>Enrollment:</u></b> 79",
        "styleUrl": "#Open"
      }
    },
    {
      "type": "Feature",
      "geometry": {
        "type": "Point",
        "coordinates": [
          -98.566944,
          29.607107
        ]
      },
      "properties": {
        "description": "<b><u>Address:</u></b> 17702 NW MILITARY HWY, SAN ANTONIO, TX 78257<br/><b><u>Type:</u></b> Private<br/><b><u>Enrollment:</u></b> 1528",
        "styleUrl": "#Open"
      }
    },
    {
      "type": "Feature",
      "geometry": {
        "type": "Point",
        "coordinates": [
          -106.484981,
          31.77755
        ]
      },
      "properties": {
        "description": "<b><u>Address:</u></b> 1340 MURCHISON DR, EL PASO, TX 79902<br/><b><u>Type:</u></b> Private<br/><b><u>Enrollment:</u></b> 20",
        "styleUrl": "#Open"
      }
    },
    {
      "type": "Feature",
      "geometry": {
        "type": "Point",
        "coordinates": [
          -95.404736,
          30.298812
        ]
      },
      "properties": {
        "description": "<b><u>Address:</u></b> 3601 S LOOP 336 E, CONROE, TX 77301<br/><b><u>Type:</u></b> Private<br/><b><u>Enrollment:</u></b> 70",
        "styleUrl": "#Open"
      }
    },
    {
      "type": "Feature",
      "geometry": {
        "type": "Point",
        "coordinates": [
          -95.124141,
          29.64854
        ]
      },
      "properties": {
        "description": "<b><u>Address:</u></b> 7500 FAIRMONT PKWY, PASADENA, TX 77505<br/><b><u>Type:</u></b> Private<br/><b><u>Enrollment:</u></b> 482",
        "styleUrl": "#Open"
      }
    },
    {
      "type": "Feature",
      "geometry": {
        "type": "Point",
        "coordinates": [
          -97.75475,
          30.204374
        ]
      },
      "properties": {
        "description": "<b><u>Address:</u></b> 1844 TERI RD, AUSTIN, TX 78741<br/><b><u>Type:</u></b> Private<br/><b><u>Enrollment:</u></b> 88",
        "styleUrl": "#Open"
      }
    },
    {
      "type": "Feature",
      "geometry": {
        "type": "Point",
        "coordinates": [
          -95.485781,
          30.02718
        ]
      },
      "properties": {
        "description": "<b><u>Address:</u></b> 17512 W STRACK DR, SPRING, TX 77379<br/><b><u>Type:</u></b> Private<br/><b><u>Enrollment:</u></b> 62",
        "styleUrl": "#Open"
      }
    },
    {
      "type": "Feature",
      "geometry": {
        "type": "Point",
        "coordinates": [
          -95.228221,
          29.59586
        ]
      },
      "properties": {
        "description": "<b><u>Address:</u></b> 11410 HALL RD, HOUSTON, TX 77089<br/><b><u>Type:</u></b> Private<br/><b><u>Enrollment:</u></b> 25",
        "styleUrl": "#Open"
      }
    },
    {
      "type": "Feature",
      "geometry": {
        "type": "Point",
        "coordinates": [
          -95.050441,
          29.36131
        ]
      },
      "properties": {
        "description": "<b><u>Address:</u></b> 10114 HWY 6, HITCHCOCK, TX 77563<br/><b><u>Type:</u></b> Private<br/><b><u>Enrollment:</u></b> 47",
        "styleUrl": "#Open"
      }
    },
    {
      "type": "Feature",
      "geometry": {
        "type": "Point",
        "coordinates": [
          -97.345481,
          32.74168
        ]
      },
      "properties": {
        "description": "<b><u>Address:</u></b> 1800 W FWY, FORT WORTH, TX 76102<br/><b><u>Type:</u></b> Private<br/><b><u>Enrollment:</u></b> 188",
        "styleUrl": "#Open"
      }
    },
    {
      "type": "Feature",
      "geometry": {
        "type": "Point",
        "coordinates": [
          -96.740571,
          32.88806
        ]
      },
      "properties": {
        "description": "<b><u>Address:</u></b> 7730 ABRAMS RD, DALLAS, TX 75231<br/><b><u>Type:</u></b> Private<br/><b><u>Enrollment:</u></b> 137",
        "styleUrl": "#Open"
      }
    },
    {
      "type": "Feature",
      "geometry": {
        "type": "Point",
        "coordinates": [
          -97.362193,
          32.676521
        ]
      },
      "properties": {
        "description": "<b><u>Address:</u></b> 4817 ODESSA AVE, FORT WORTH, TX 76133<br/><b><u>Type:</u></b> Private<br/><b><u>Enrollment:</u></b> 104",
        "styleUrl": "#Open"
      }
    },
    {
      "type": "Feature",
      "geometry": {
        "type": "Point",
        "coordinates": [
          -96.795151,
          32.79537
        ]
      },
      "properties": {
        "description": "<b><u>Address:</u></b> 2018 ALLEN ST, DALLAS, TX 75204<br/><b><u>Type:</u></b> Private<br/><b><u>Enrollment:</u></b> 132",
        "styleUrl": "#Open"
      }
    },
    {
      "type": "Feature",
      "geometry": {
        "type": "Point",
        "coordinates": [
          -95.328541,
          32.14988
        ]
      },
      "properties": {
        "description": "<b><u>Address:</u></b> 1051 N HOUSTON ST, BULLARD, TX 75757<br/><b><u>Type:</u></b> Private<br/><b><u>Enrollment:</u></b> 716",
        "styleUrl": "#Open"
      }
    },
    {
      "type": "Feature",
      "geometry": {
        "type": "Point",
        "coordinates": [
          -95.976523,
          29.674702
        ]
      },
      "properties": {
        "description": "<b><u>Address:</u></b> 9703 FM 1489, SIMONTON, TX 77476<br/><b><u>Type:</u></b> Private<br/><b><u>Enrollment:</u></b> 42",
        "styleUrl": "#Open"
      }
    },
    {
      "type": "Feature",
      "geometry": {
        "type": "Point",
        "coordinates": [
          -96.751031,
          33.06445
        ]
      },
      "properties": {
        "description": "<b><u>Address:</u></b> 6565 INDEPENDENCE PKWY, PLANO, TX 75023<br/><b><u>Type:</u></b> Private<br/><b><u>Enrollment:</u></b> 4",
        "styleUrl": "#Open"
      }
    },
    {
      "type": "Feature",
      "geometry": {
        "type": "Point",
        "coordinates": [
          -96.837257,
          32.936517
        ]
      },
      "properties": {
        "description": "<b><u>Address:</u></b> 4240 SIGMA RD, DALLAS, TX 75244<br/><b><u>Type:</u></b> Private<br/><b><u>Enrollment:</u></b> 90",
        "styleUrl": "#Open"
      }
    },
    {
      "type": "Feature",
      "geometry": {
        "type": "Point",
        "coordinates": [
          -97.749701,
          30.373479
        ]
      },
      "properties": {
        "description": "<b><u>Address:</u></b> 3838 STECK AVE, AUSTIN, TX 78759<br/><b><u>Type:</u></b> Private<br/><b><u>Enrollment:</u></b> 16",
        "styleUrl": "#Open"
      }
    },
    {
      "type": "Feature",
      "geometry": {
        "type": "Point",
        "coordinates": [
          -96.583111,
          33.08341
        ]
      },
      "properties": {
        "description": "<b><u>Address:</u></b> 505 W LUCAS RD, LUCAS, TX 75002<br/><b><u>Type:</u></b> Private<br/><b><u>Enrollment:</u></b> 375",
        "styleUrl": "#Open"
      }
    },
    {
      "type": "Feature",
      "geometry": {
        "type": "Point",
        "coordinates": [
          -97.698691,
          30.38344
        ]
      },
      "properties": {
        "description": "<b><u>Address:</u></b> 1414 KRAMER LN, AUSTIN, TX 78758<br/><b><u>Type:</u></b> Private<br/><b><u>Enrollment:</u></b> 6",
        "styleUrl": "#Open"
      }
    },
    {
      "type": "Feature",
      "geometry": {
        "type": "Point",
        "coordinates": [
          -97.772421,
          32.75603
        ]
      },
      "properties": {
        "description": "<b><u>Address:</u></b> 1311 E BANKHEAD DR, WEATHERFORD, TX 76086<br/><b><u>Type:</u></b> Private<br/><b><u>Enrollment:</u></b> 193",
        "styleUrl": "#Open"
      }
    },
    {
      "type": "Feature",
      "geometry": {
        "type": "Point",
        "coordinates": [
          -95.456391,
          29.73151
        ]
      },
      "properties": {
        "description": "<b><u>Address:</u></b> 4711 INGERSOLL ST, HOUSTON, TX 77027<br/><b><u>Type:</u></b> Private<br/><b><u>Enrollment:</u></b> 3",
        "styleUrl": "#Open"
      }
    },
    {
      "type": "Feature",
      "geometry": {
        "type": "Point",
        "coordinates": [
          -95.235207,
          32.330096
        ]
      },
      "properties": {
        "description": "<b><u>Address:</u></b> 10645 HWY 64 E, TYLER, TX 75707<br/><b><u>Type:</u></b> Private<br/><b><u>Enrollment:</u></b> 30",
        "styleUrl": "#Open"
      }
    },
    {
      "type": "Feature",
      "geometry": {
        "type": "Point",
        "coordinates": [
          -97.854381,
          30.1491
        ]
      },
      "properties": {
        "description": "<b><u>Address:</u></b> 12341 BRODIE LN, AUSTIN, TX 78748<br/><b><u>Type:</u></b> Private<br/><b><u>Enrollment:</u></b> 24",
        "styleUrl": "#Open"
      }
    },
    {
      "type": "Feature",
      "geometry": {
        "type": "Point",
        "coordinates": [
          -95.640564,
          29.852896
        ]
      },
      "properties": {
        "description": "<b><u>Address:</u></b> 5151 ADDICKS SATSUMA RD, HOUSTON, TX 77084<br/><b><u>Type:</u></b> Private<br/><b><u>Enrollment:</u></b> 11",
        "styleUrl": "#Open"
      }
    },
    {
      "type": "Feature",
      "geometry": {
        "type": "Point",
        "coordinates": [
          -96.999419,
          28.823949
        ]
      },
      "properties": {
        "description": "<b><u>Address:</u></b> 603 E MESQUITE, VICTORIA, TX 77901<br/><b><u>Type:</u></b> Private<br/><b><u>Enrollment:</u></b> 50",
        "styleUrl": "#Open"
      }
    },
    {
      "type": "Feature",
      "geometry": {
        "type": "Point",
        "coordinates": [
          -96.821423,
          32.867166
        ]
      },
      "properties": {
        "description": "<b><u>Address:</u></b> 9200 INWOOD RD, DALLAS, TX 75220<br/><b><u>Type:</u></b> Private<br/><b><u>Enrollment:</u></b> 243",
        "styleUrl": "#Open"
      }
    },
    {
      "type": "Feature",
      "geometry": {
        "type": "Point",
        "coordinates": [
          -95.651492,
          29.653689
        ]
      },
      "properties": {
        "description": "<b><u>Address:</u></b> 11118 S HWY 6, SUGAR LAND, TX 77498<br/><b><u>Type:</u></b> Private<br/><b><u>Enrollment:</u></b> 6",
        "styleUrl": "#Open"
      }
    },
    {
      "type": "Feature",
      "geometry": {
        "type": "Point",
        "coordinates": [
          -96.972161,
          32.8695
        ]
      },
      "properties": {
        "description": "<b><u>Address:</u></b> 2001 W WALNUT HILL LN, IRVING, TX 75038<br/><b><u>Type:</u></b> Private<br/><b><u>Enrollment:</u></b> 242",
        "styleUrl": "#Open"
      }
    }
  ]
}